-- phpMyAdmin SQL Dump
-- version 5.1.1
-- https://www.phpmyadmin.net/
--
-- Servidor: 127.0.0.1
-- Tiempo de generación: 03-01-2022 a las 21:33:51
-- Versión del servidor: 10.4.22-MariaDB
-- Versión de PHP: 8.1.1

SET SQL_MODE = "NO_AUTO_VALUE_ON_ZERO";
START TRANSACTION;
SET time_zone = "+00:00";


/*!40101 SET @OLD_CHARACTER_SET_CLIENT=@@CHARACTER_SET_CLIENT */;
/*!40101 SET @OLD_CHARACTER_SET_RESULTS=@@CHARACTER_SET_RESULTS */;
/*!40101 SET @OLD_COLLATION_CONNECTION=@@COLLATION_CONNECTION */;
/*!40101 SET NAMES utf8mb4 */;

--
-- Base de datos: `citas`
--

-- --------------------------------------------------------

--
-- Estructura de tabla para la tabla `archivo`
--

CREATE TABLE `archivo` (
  `NombreArchivo` varchar(1000) DEFAULT NULL,
  `Cita_idCita` int(11) NOT NULL
) ENGINE=InnoDB DEFAULT CHARSET=utf8;

-- --------------------------------------------------------

--
-- Estructura de tabla para la tabla `cita`
--

CREATE TABLE `cita` (
  `idCita` int(11) NOT NULL,
  `FechaCita` varchar(10) NOT NULL,
  `HoraCita` varchar(5) NOT NULL,
  `MunicipioCita` varchar(100) NOT NULL,
  `ColoniaCita` varchar(100) NOT NULL,
  `CalleCita` varchar(100) NOT NULL,
  `AsuntoCita` varchar(1000) NOT NULL,
  `ComentariosCita` varchar(1000) DEFAULT NULL,
  `FechaCreacionCita` varchar(10) NOT NULL,
  `HoraCreacionCita` varchar(10) NOT NULL,
  `ActivaCita` varchar(2) NOT NULL DEFAULT 'SI',
  `EliminadaCita` varchar(2) NOT NULL DEFAULT 'NO',
  `Contacto_idContacto` int(11) NOT NULL
) ENGINE=InnoDB DEFAULT CHARSET=utf8;

-- --------------------------------------------------------

--
-- Estructura de tabla para la tabla `colonia`
--

CREATE TABLE `colonia` (
  `NombreColonia` varchar(100) DEFAULT NULL,
  `Municipio_idMunicipio` int(11) NOT NULL
) ENGINE=InnoDB DEFAULT CHARSET=utf8;

--
-- Volcado de datos para la tabla `colonia`
--

INSERT INTO `colonia` (`NombreColonia`, `Municipio_idMunicipio`) VALUES
('13 de Junio', 1),
('15 de Septiembre', 1),
('16 de Noviembre', 1),
('19 de Noviembre', 1),
('20 de Abril', 1),
('20 de Noviembre', 1),
('23 de Noviembre', 1),
('24 de Octubre', 1),
('2 Arroyos', 1),
('2 de Febrero', 1),
('2 Soles', 1),
('3 de Abril', 1),
('3 Palos', 1),
('3 Vidas', 1),
('5 de Mayo', 1),
('6 de Enero', 1),
('Acapulco de Juarez Centro', 1),
('Acapulco (Gral. Juan N. Álvarez)', 1),
('Adolfo López Mateos', 1),
('Aguas Blancas', 1),
('Aguas Calientes', 1),
('Alborada Cardenista', 1),
('Alejo Peralta', 1),
('Alfredo V Bonfil', 1),
('Alianza Popular', 1),
('Alta Cuauhtémoc', 1),
('Alta Icacos', 1),
('Alta Loma La Esperanza', 1),
('Altamira', 1),
('Altamira Norte', 1),
('Alta Progreso', 1),
('Alta Progreso Infonavit', 1),
('Altos del Camarón', 1),
('Altos del Marqués', 1),
('Altos de Miramar', 1),
('Amadeo Vidales', 1),
('Amatepec', 1),
('Amatillo', 1),
('Amin Zarur Menez', 1),
('Angel Aguirre', 1),
('Angel Aguirre Rivero', 1),
('Antorcha Revolucionaria', 1),
('Apalani', 1),
('Apanhuac', 1),
('Apolonio Castillo', 1),
('Arboledas', 1),
('Arroyo Seco', 1),
('Balcones Al Mar', 1),
('Balcones de Costa Azul', 1),
('Barranca de La Laja', 1),
('Barra Vieja', 1),
('Barrio Nuevo', 1),
('Barrio Nuevo de los Muertos', 1),
('Bascula', 1),
('Base Naval Icacos', 1),
('Batalla Cardenista', 1),
('Bellavista', 1),
('Benito Juarez', 1),
('Betania', 1),
('Bocamar', 1),
('Bodega', 1),
('Bosques de La Cañada', 1),
('Brisamar', 1),
('Brisas del Mar', 1),
('Brisas del Marques', 1),
('Buenavista', 1),
('Burocrata', 1),
('Cacahuate', 1),
('Cacahuatepec', 1),
('Cañada de los Amates', 1),
('Cantarranas', 1),
('Canuto Nogueda', 1),
('Carabali', 1),
('Carabali Centro', 1),
('Caudillo del Sur', 1),
('Cayaco', 1),
('Centro de Convenciones', 1),
('Cereso I', 1),
('Cerro de Piedra', 1),
('Cervantes Delgado', 1),
('Chinameca', 1),
('Ciudad Luis Donaldo Colosio', 1),
('Club Campestre', 1),
('Club Deportivo', 1),
('Club Residencial las Americas', 1),
('Club Residencial las Brisas', 1),
('C N C', 1),
('Cnop', 1),
('Coheteros', 1),
('Condesa', 1),
('Constituyentes', 1),
('Copacabana', 1),
('Coral', 1),
('Corales', 1),
('Corregidora', 1),
('Costa Azul', 1),
('Costa Brava Terranova', 1),
('Costa Dorada', 1),
('Cuauhtemoc', 1),
('Cuauhtemoc Infonavit', 1),
('Cuereria', 1),
('Cumbres de Figueroa', 1),
('Cumbres Diana', 1),
('Cumbres Infonavit', 1),
('Cumbres Llano Largo', 1),
('Cuquita Massieu', 1),
('Del Carmen', 1),
('Del Hueso', 1),
('Del Panteon', 1),
('Del PRI', 1),
('Del Rastro', 1),
('Del Teconche', 1),
('Del Valle', 1),
('Democratica', 1),
('Ecologista', 1),
('Ejido Nuevo', 1),
('El Arenal', 1),
('El Bejuco', 1),
('El Campanario', 1),
('El Canton', 1),
('El Capire', 1),
('El Carrizo', 1),
('El Coloso Infonavit', 1),
('Electricista', 1),
('El Glomar', 1),
('El Meson', 1),
('El Metlapil', 1),
('El Mirador', 1),
('Altamira', 1),
('El Palmar', 1),
('El Paraiso', 1),
('El Pedregoso', 1),
('El Pelillo', 1),
('El Podrido', 1),
('El Porvenir', 1),
('El Quemado', 1),
('El Rincon', 1),
('El Roble', 1),
('El Salto', 1),
('El Tanque', 1),
('El Veladero (Veladero Morelos)', 1),
('El Vergel', 1),
('El Zapote', 1),
('Emiliano Zapata', 1),
('Emilio M Gonzalez Castillo', 1),
('Emperador Moctezuma', 1),
('Excampo de Tiro', 1),
('Farallon', 1),
('Farallon Infonavit', 1),
('Fidel Velazquez Sanchez', 1),
('Fidel Velazquez Sect 1', 1),
('Flamingos Infonavit', 1),
('Francisco Ruiz Massieu', 1),
('Francisco Villa', 1),
('Fuentes del Maurel I', 1),
('Fuentes del Maurel II', 1),
('Garita de Juarez', 1),
('Genaro Vázquez', 1),
('Generacion 2000', 1),
('Graciano Sanchez', 1),
('Granjas del Marques', 1),
('Guadalupe Victoria', 1),
('Guerrero Es Primero', 1),
('Gustavo Diaz Ordaz', 1),
('Hermenegildo Galeana', 1),
('Heroes de Guerrero', 1),
('Hogar Moderno', 1),
('Hornos', 1),
('Hornos Insurgentes', 1),
('Hospital', 1),
('Hotel las Brisas', 1),
('Huajintepec', 1),
('Huamuchitos', 1),
('Huertas de Santa Elena', 1),
('Icacos', 1),
('Icacos Prolongación', 1),
('Ignacio Manuel Altamirano', 1),
('Independencia', 1),
('Industrial', 1),
('Infonavit Centro Acapulco', 1),
('Jacarandas', 1),
('Jardin Azteca', 1),
('Jardin de los Amates', 1),
('Jardin Mangos', 1),
('Jardin Palmas', 1),
('Jardin Princesas I', 1),
('Jardin Princesas II', 1),
('Jose Lopez Portillo', 1),
('Jose Lopez Portillo Infonavit', 1),
('Jose Maria Izazaga', 1),
('Jose Maria Pino Suarez', 1),
('Joyas de Brisamar', 1),
('Joyas del Marques', 1),
('Juan R Escudero', 1),
('Kilometro 21', 1),
('Kilometro 22', 1),
('Kilometro 30', 1),
('Kilometro 40', 1),
('Kilometro 42', 1),
('Kilometro 45', 1),
('Kilometro 45', 1),
('La Agricola', 1),
('La Calera', 1),
('La Candelaria', 1),
('La Chaparrita', 1),
('La Cima', 1),
('La Concepcion', 1),
('La Esmeralda', 1),
('La Esperanza', 1),
('La Estacion', 1),
('La Fabrica', 1),
('La Florida', 1),
('La Florida Infonavit', 1),
('La Frontera', 1),
('La Garita', 1),
('La Garrapata', 1),
('La Guadalupana', 1),
('La Guinea', 1),
('Laguna del Quemado', 1),
('Lagunillas', 1),
('La Industrial', 1),
('La Laja Parte Alta', 1),
('La Lajita', 1),
('La Libertad', 1),
('La Lima', 1),
('La Maquina', 1),
('La Mica', 1),
('La Mira', 1),
('La Navidad', 1),
('La Nueva Era', 1),
('La Parota', 1),
('La Pinzona', 1),
('La Pocita', 1),
('La Poza', 1),
('La Princesa', 1),
('La Providencia', 1),
('La Puñalada', 1),
('La Quebradora', 1),
('La Sabana', 1),
('El Tanque', 1),
('Las Americas', 1),
('Las Anclas', 1),
('Las Brisas', 1),
('Las Brisas 1', 1),
('Las Brisas 2', 1),
('Las Cruces', 1),
('Las Cruces de Cacahuatepec', 1),
('Las Crucitas', 1),
('Las Cumbres', 1),
('Las Flores', 1),
('Las Golondrinas', 1),
('La Sierrita', 1),
('Las Joyas', 1),
('Las Marañonas', 1),
('Las Marias', 1),
('Las Parotas', 1),
('Las Pilitas', 1),
('Las Playas', 1),
('Las Plazuelas', 1),
('Las Primaveras', 1),
('Las Sabanillas', 1),
('Las Torres', 1),
('Las Tortolitas', 1),
('La Venta', 1),
('La Zanja O La Poza', 1),
('Lazaro Cardenas', 1),
('Leonardo Rodriguez Alcaine', 1),
('Leona Vicario', 1),
('Leyes de Reforma', 1),
('Libertadores', 1),
('Llano Largo', 1),
('Loma Bonita', 1),
('Loma Hermosa', 1),
('Loma Larga', 1),
('Lomas de Chapultepec', 1),
('Lomas de Costa Azul', 1),
('Lomas del Aire', 1),
('Lomas del Marques', 1),
('Lomas de Magallanes', 1),
('Lomas de San Juan', 1),
('Lomas Verdes', 1),
('Los Arcos', 1),
('Los Dragos', 1),
('Los Limoncitos', 1),
('Los Lirios', 1),
('Los Manantiales', 1),
('Los Mangos', 1),
('Los Mangos (El Quemado)', 1),
('Los Naranjitos', 1),
('Los Naranjos', 1),
('Los Organos de Juan R. Escudero', 1),
('Los Organos San Agustin', 1),
('Los Tepetates', 1),
('Luis Donaldo Colosio', 1),
('Luz y Fuerza', 1),
('Magallanes', 1),
('Magisterio Guerrerense', 1),
('Marbella', 1),
('Margarita de Gortari', 1),
('Maria de La O', 1),
('Marina Brisas', 1),
('Marroquin', 1),
('Martir de Cuilapan', 1),
('Melchor Ocampo', 1),
('Mexico', 1),
('Miguel Aleman', 1),
('Miguel de La Madrid', 1),
('Miguel Hidalgo', 1),
('Miguel Terrazas', 1),
('Milenia', 1),
('Militar', 1),
('Miramar', 1),
('Moctezuma Emperador', 1),
('Morelos', 1),
('Movimiento Territorial', 1),
('Mozimba', 1),
('Mozimba 1a Secc', 1),
('Mozimba FOVISSSTE', 1),
('Mozimba Secc Jardín', 1),
('Municipal', 1),
('Narciso Mendoza', 1),
('Navidad de Llano Largo', 1),
('Nicolas Bravo', 1),
('Nicolas Bravo Junto A Lppez Portillo', 1),
('Nicolas Bravo (La Zanja del Poniente)', 1),
('Niños Heroes', 1),
('Nopalitos', 1),
('Nueva Era', 1),
('Nueva Generacion', 1),
('Nueva Jerusalen', 1),
('Nueva Luz', 1),
('Nuevo Capire', 1),
('Nuevo Cayaco', 1),
('Nuevo Centro de Poblacion', 1),
('Nuevo Puerto Marques', 1),
('Oaxaquillas', 1),
('Obrera', 1),
('Obrera Popular', 1),
('Olimpica', 1),
('Olinala Princess', 1),
('Pablo Galeana', 1),
('Pacifico', 1),
('Palmar de Carabalí', 1),
('Palma Sola', 1),
('Panoramica', 1),
('Paraiso', 1),
('Paraiso Palmar III', 1),
('Parotas', 1),
('Parotillas', 1),
('Parque Ecologico de Viveristas', 1),
('Paso Limonero', 1),
('Pedregoso', 1),
('PEMEX', 1),
('Peninsula de las Playas', 1),
('Periodistas', 1),
('Petaquillas', 1),
('Pichilingue', 1),
('Pie de La Cuesta', 1),
('Piedra Azul', 1),
('Piedra Iman', 1),
('Piedra Roja', 1),
('Pinzona', 1),
('Placido Domingo Sección A', 1),
('Plan de los Amates', 1),
('Playa Diamante', 1),
('Playa Guitarron', 1),
('Playar I', 1),
('Playar II', 1),
('Playar III', 1),
('Playa Roqueta', 1),
('Pocha Tlaxco', 1),
('Postal', 1),
('Potrerillo', 1),
('Potrero de La Mora', 1),
('Pozo de La Nacion', 1),
('Praderas de Costa Azul', 1),
('Praderas de Guadalupe', 1),
('Primero de Mayo', 1),
('Princess del Marques II', 1),
('Princess del Marqués Secc I', 1),
('Progreso', 1),
('Pueblo Madero', 1),
('Puente del Mar', 1),
('Puerto Marques', 1),
('Puesta del Sol', 1),
('Rastro Viejo', 1),
('Real de Acapulco', 1),
('Real Diamante', 1),
('Reforma Agraria', 1),
('Reforma de Costa Azul', 1),
('Renacimiento', 1),
('Reten', 1),
('Revolucion del Sur', 1),
('Revolucion de Octubre', 1),
('Ricardo Flores Magon', 1),
('Ricardo Morlett Sutter', 1),
('Rinconada de las Brisas', 1),
('Rinconada del Mar', 1),
('Rinconada Diamante', 1),
('Roberto Esperon', 1),
('Roca de Oro', 1),
('Rodrigo de Triana', 1),
('Ruben Figueroa', 1),
('Ruben Jaramillo', 1),
('Ruben Robles Catalan', 1),
('Ruffo Figueroa', 1),
('Salinas de Gortari', 1),
('Salsipuedes', 1),
('San Agustin', 1),
('San Andres Playa Encantada', 1),
('San Antonio', 1),
('San Isidro', 1),
('San Jose Cacahuatepec', 1),
('San Juan de las Lomas', 1),
('San Miguel', 1),
('San Pedro Cacahuatepec', 1),
('San Pedro de las Playas', 1),
('Santa Cecilia', 1),
('Santa Cruz', 1),
('Santa Elena', 1),
('SEDESOL Dos', 1),
('SEDESOL Uno', 1),
('SEMARNAP', 1),
('Silvestre Castro', 1),
('Simon Bolivar', 1),
('Sinai\r\n', 1),
('Solidaridad', 1),
('Tamarindos', 1),
('Tambuco', 1),
('Tasajeras', 1),
('Taxco', 1),
('Tecnologica', 1),
('Tepeyac', 1),
('Texca', 1),
('Tierra y Libertad', 1),
('Tuncingo', 1),
('Unidad Obrera', 1),
('Unidos Por Guerrero', 1),
('Universitaria', 1),
('Valle de las Flores', 1),
('Valle del Palmar I', 1),
('Valle del Palmar II', 1),
('Venustiano Carranza', 1),
('Vicente Guerrero', 1),
('Vicente Guerrero 200', 1),
('Vicente Guerrero FOVISSSTE', 1),
('Vicente Lombardo Toledano', 1),
('Victoria Rosales', 1),
('Villa de las Flores', 1),
('Villa Guerrero', 1),
('Villa los Mangos', 1),
('Villa Madero', 1),
('Villas Arboledas', 1),
('Villas Condesa', 1),
('Villas de Golf Diamante', 1),
('Villas del Paraíso Secc II', 1),
('Villas Diamante I', 1),
('Villas Diamante II', 1),
('Villa Sol', 1),
('Villas Paraíso Secc I', 1),
('Villas Princess I', 1),
('Villas Princess II', 1),
('Villas Real Hacienda', 1),
('Villas Xcaret', 1),
('Villa Tulipanes', 1),
('Vista Alegre', 1),
('Vista Brisa', 1),
('Vista Hermosa', 1),
('Vistamar', 1),
('Xaltianguis', 1),
('Xolapa', 1),
('Acateyahualco', 2),
('Agua Zarca', 2),
('Ahuacuotzingo Centro', 2),
('Ahuehuete Agujerado', 2),
('Ahuehuetla', 2),
('Ajuatetla', 2),
('Almolonga', 2),
('Alpuyecancingo de las Montañas', 2),
('Apancingo', 2),
('Atenxolapa', 2),
('Atliaca', 2),
('Ayoquilapa', 2),
('Azaucla', 2),
('Azizintla (Las Juntas)', 2),
('Buena Vista', 2),
('Camino Real', 2),
('Castocapa', 2),
('Cerro de San Lucas', 2),
('Chachayaco', 2),
('Chautipa', 2),
('Chinantla', 2),
('Coahuixtlahuac', 2),
('Coazintla', 2),
('Comontla', 2),
('Contlapalchoco (El Cuatecomate)', 2),
('Costliapa', 2),
('Cuajilotitlan', 2),
('Cuapixca', 2),
('El Amate (El Amate Amarillo)', 2),
('El Amate Seco', 2),
('El Carrizo', 2),
('El Cozahuate', 2),
('El Crucero Tecosajca', 2),
('El Datil (Ahuehuete Agujerado)', 2),
('El Guaje (El Portezuelo)', 2),
('El Huamechil', 2),
('El Huamuchilito', 2),
('El Limoncito', 2),
('El Naranjo', 2),
('El Organal', 2),
('El Planchado', 2),
('El Plan (El Plan de los Huajes)', 2),
('El Potrero', 2),
('El Puente', 2),
('El Querendon', 2),
('El Ranchito', 2),
('El Rincon', 2),
('El Tamborillo', 2),
('El Terrero', 2),
('El Zapote (El Cerro del Bule)', 2),
('Expitetzintla', 2),
('Huiztepec', 2),
('Isidoro Abundis', 2),
('La Bugambilia', 2),
('La Cañada', 2),
('Lagunillas', 2),
('La Loma de Rancho Viejo (Loma Tamalajayo)', 2),
('La Loma de Xaltianguis', 2),
('Lambedero', 2),
('La Muralla', 2),
('La Parada de Tlalcomulco', 2),
('La Parota (La Laguna)', 2),
('La Quina', 2),
('Las Anonas', 2),
('Las Cruces', 2),
('Las Jicaras (El Mirador)', 2),
('Las Juntas', 2),
('Las Pilas', 2),
('Las Pozas', 2),
('Las Trincheras', 2),
('La Tabernita', 2),
('La Yerbabuena', 2),
('Loma Alta', 2),
('Loma Bonita', 2),
('Loma Hermosa', 2),
('Los Amates (La Pochotera)', 2),
('Los Berros', 2),
('Los Encinitos', 2),
('Los Guajes', 2),
('Los Huamechiles', 2),
('Los Paredones (Joyas de Yolocingo)', 2),
('Los Sauces', 2),
('Martina Garcia Godinez', 2),
('Mazapa', 2),
('Mazatlan (San José)', 2),
('Mitlancingo', 2),
('Motuapa', 2),
('Naranjastitlan', 2),
('Ocotepec', 2),
('Ojo de Agua del Rincón', 2),
('Ostoyahualco', 2),
('Oxtotitlan', 2),
('Pangomolijca', 2),
('Parada de Tecoanapa', 2),
('Paso del Totole', 2),
('Pochutla', 2),
('Polaica', 2),
('Quimixtepec', 2),
('Rancho Antonino García', 2),
('Rancho de Santiago', 2),
('Rancho Escondido', 2),
('Rancho Francisca Nava', 2),
('Rincon de Cozahuapa', 2),
('Rincon Peñitas', 2),
('San Andres', 2),
('San Antonio (Tecomatlan)', 2),
('San Francisco', 2),
('San Juan (Las Joyas)', 2),
('San Marcos', 2),
('San Miguel Ahuelican', 2),
('Santa Catarina (Santa Catarina las Joyas)', 2),
('Santa Cruz', 2),
('Santa Rosa', 2),
('Tecaxitla', 2),
('Tecoanapa', 2),
('Tecolcuautla', 2),
('Tecozajca (Tepehuaje)', 2),
('Tenanzintitlán (La Hacienda)', 2),
('Tenextepantla', 2),
('Teonoxtla', 2),
('Tepetlatipa', 2),
('Tepoxtlan', 2),
('Tetoro', 2),
('Tezoquite (Tierra Prieta)', 2),
('Tierra Blanca', 2),
('Tlalacontitlan', 2),
('Tlalchichilco', 2),
('Tlalcomulco', 2),
('Tlalistac', 2),
('Tlalistaquilla', 2),
('Tlalquilzalapa', 2),
('Tlalxocotitlan', 2),
('Tlaquilcingo', 2),
('Tlaxintle Morado', 2),
('Tonalitlan', 2),
('Tonalitlan Dos', 2),
('Totoatlajco', 2),
('Totolzintla', 2),
('Trapiche Viejo', 2),
('Vista Hermosa Tlaquilcingo', 2),
('Xaxocoite', 2),
('Xitopontla', 2),
('Xocoyolzintla', 2),
('Xoxocutla', 2),
('Katherina', 2),
('Xumiltepec', 2),
('Xumiltzin', 2),
('Yepaquilitlajco', 2),
('Yerbabuena', 2),
('Yetlan', 2),
('Yupitepec', 2),
('Zacapezingo', 2),
('Zacatepec', 2),
('Zacayautla', 2),
('Zacualpa', 2),
('Zapotitlan', 2),
('Zompazolco', 2),
('Zompie', 2),
('Zonteconcuilco', 2),
('Zoyatla', 2),
('Zumatzin', 2),
('Ajuchitlan del Progreso', 3),
('Ayavitle', 3),
('Barrio Nuevo', 3),
('Barrio San Nicolas', 3),
('Canton de Guerrero', 3),
('Changata', 3),
('Corral Falso', 3),
('Cruz Verde', 3),
('El Aguaje', 3),
('El Reparo', 3),
('El Zacahuaje', 3),
('Guayatenco', 3),
('Ixcapuzalco', 3),
('La Comunidad', 3),
('La Laja', 3),
('Las Anonitas Agua Escondida', 3),
('Las Garzas', 3),
('Las Juntas', 3),
('Las Piñas', 3),
('La Unión', 3),
('Los Fabianes', 3),
('Nanche Colorado', 3),
('Nopalar', 3),
('Nuevo Nopalan', 3),
('Puerto del Coco\r\n', 3),
('Puerto Grande', 3),
('San Antonio de los Libres', 3),
('San Bartolo', 3),
('San Cristobal', 3),
('San Gabriel', 3),
('San Jeronimo El Grande', 3),
('San Lorenzo', 3),
('San Marcos', 3),
('San Mateo', 3),
('San Pablo Oriente', 3),
('San Pablo Sur', 3),
('San Pedro', 3),
('Santa Ana Aguila', 3),
('Santacruz', 3),
('Santa Fe', 3),
('Santa Rosa de Lima', 3),
('Santo Espiritu', 3),
('Villa Nicolas Bravo', 3),
('Acametla de Bravo', 4),
('Ahuelutla', 4),
('Alcozauca de Guerrero', 4),
('Almolonga de Ocampo', 4),
('Amapilca', 4),
('Buenavista', 4),
('Cerro Azul', 4),
('Chimaltepec', 4),
('Cuyuxtlahuac', 4),
('Ixcuinatoyac', 4),
('Las Mesitas', 4),
('Lomazoya', 4),
('Melchor Ocampo', 4),
('Petlacalancingo', 4),
('San Jose Lagunas', 4),
('San Miguel El Grande', 4),
('Tlahuapa', 4),
('Xochapa', 4),
('Xonacatlan', 4),
('Zoyatlan de Juarez', 4),
('Alpoyeca', 5),
('Ixcateopan', 5),
('San Jose Buenavista', 5),
('Tecoyo', 5),
('Adrian Castrejon', 6),
('Apaxtla de Castrejon Centro', 6),
('Ayoquila', 6),
('Cacalotepec', 6),
('Chapulicera', 6),
('Comision de Electricidad', 6),
('El Cazaguate', 6),
('El Charco', 6),
('El Trapichal', 6),
('Emiliano Zapata', 6),
('Iglesia Vieja', 6),
('Industrial', 6),
('Ixtlahuaca', 6),
('Lazaro Cardenas', 6),
('Liberaltepec', 6),
('Los Amates', 6),
('Nanchicahuite', 6),
('Nejapa', 6),
('Nuevo Poblado', 6),
('Petlacala', 6),
('San Felipe del Ocote', 6),
('San Marcos', 6),
('San Pedro', 6),
('Tepeyac', 6),
('Tepoxtepec', 6),
('Texocotla', 6),
('Tlatzala', 6),
('Unidad Deportiva', 6),
('Xochipala', 6),
('Xochitepec', 6),
('Zacapostepec', 6),
('Achotla', 7),
('Adres Manuel Lopez Obrador', 7),
('Ahuatepec', 7),
('Almoloya', 7),
('Anselmo González', 7),
('Arcelia Centro', 7),
('Arroyo Seco', 7),
('Azizintla', 7),
('Cacahuananche', 7),
('Campo Morado', 7),
('Casahuate', 7),
('Cereso', 7),
('Cerro Verde', 7),
('Comision Rio Balsas', 7),
('Copaltepec', 7),
('Cueramera', 7),
('Deportiva', 7),
('Ejidal', 7),
('El Aguacate', 7),
('El Amacuahuitl', 7),
('El Aviluz', 7),
('El Brinco', 7),
('El Calvario', 7),
('El Corindon', 7),
('El Escondido', 7),
('El Guayabo', 7),
('El Naranjo', 7),
('El Progreso', 7),
('El Tamarindo', 7),
('El Trapichal', 7),
('El Ushe', 7),
('El Varal', 7),
('El Veladero', 7),
('Emiliano Zapata', 7),
('Emperador Cuauhtemoc', 7),
('Guadalupe Parota', 7),
('Heroes Surianos', 7),
('Invisur', 7),
('Ixcatepec', 7),
('Jardines', 7),
('Juan N Alvarez', 7),
('La Cofradia', 7),
('La Concordia', 7),
('Las Minitas', 7),
('Las Palmitas', 7),
('Las Parotas', 7),
('Lindavista', 7),
('Loma Bonita', 7),
('Los Brasiles', 7),
('Los Cajones', 7),
('Los Limones', 7),
('Miahuatepec', 7),
('Mumuxtitlan', 7),
('Nerey', 7),
('Nicolas Bravo', 7),
('Nuevo Leon', 7),
('Ojo de Agua', 7),
('Palapa', 7),
('Palos Altos', 7),
('Piedra Grande', 7),
('Potrerillo', 7),
('Pozo Zarco', 7),
('Progreso', 7),
('Reforma Lazaro Cardenas', 7),
('San Miguelito', 7),
('San Miguel Lindavista', 7),
('San Rafael', 7),
('Santo Tomas', 7),
('Temixco', 7),
('Texcaltitlan', 7),
('Tierra Blanca', 7),
('Tlachichilpa', 7),
('Tulatengo', 7),
('Valle Galeana', 7),
('Vista Hermosa', 7),
('Vista Hermosa', 7),
('Xochicalco', 7),
('Xochitla', 7),
('Zopilotepec', 7),
('Apanguito', 8),
('Atenango del Rio', 8),
('Atlapa del Rio', 8),
('Coacan', 8),
('Comala', 8),
('El Rincon Chiquito', 8),
('Francisco Figueroa', 8),
('San Juan Teocalcingo', 8),
('Santa Cruz', 8),
('Santiago Zacango', 8),
('Temalac', 8),
('Tepetlapa', 8),
('Tequicuilco', 8),
('Tuzantlan', 8),
('Atlamajalcingo del Monte', 9),
('Benito Juarez', 9),
('Chinameca', 9),
('Cuautipan', 9),
('El Rosario', 9),
('Huehuetepec', 9),
('Plan de Guadalupe', 9),
('San Isidro Labrador', 9),
('Santa Cruz Guerrero', 9),
('Tepecocatlán', 9),
('Zilacayotitlan', 9),
('Ahuixtla', 10),
('Atlixtac Centro', 10),
('Cacalotepec', 10),
('Caxitepec', 10),
('Cuapala', 10),
('El Duraznal', 10),
('Huitzacotla', 10),
('Huitzapula Norte', 10),
('Las Dos Cruces', 10),
('Los Manantiales', 10),
('Naranjastitlan', 10),
('Petatlan', 10),
('Teocuitlapa', 10),
('Tlacoxochapa', 10),
('Tlatlauquitepec', 10),
('Tonalapa', 10),
('Xalpizahuac', 10),
('Zoquitlan', 10),
('Zoyapexco', 10),
('18 de Mayo', 11),
('Acapulquito', 11),
('Antonio Campos', 11),
('Atoyac de Alvarez Centro', 11),
('Benito Juarez', 11),
('El Chico', 11),
('El Parazal', 11),
('Francisco Villa', 11),
('Insurgentes Morelos', 11),
('Juan N Alvarez', 11),
('La Florida\r\n', 11),
('La Martires', 11),
('La Pindecua', 11),
('Las Palmeras', 11),
('La Villita', 11),
('Loma Bonita', 11),
('Lomas del Sur', 11),
('Manuel Tellez', 11),
('Moderna', 11),
('Santa Dorotea', 11),
('Silvestre Mariscal', 11),
('Sonora', 11),
('Vicente Guerrero', 11),
('Ayutla de los Libres Centro', 12),
('Cruz Alta', 12),
('Israel Nogueda Otero', 12),
('Jardines', 12),
('La Brama', 12),
('La Nueva Reforma', 12),
('La Piedra del Zopilote', 12),
('La Villa', 12),
('Miguel Hidalgo', 12),
('Nuevo', 12),
('San Felipe', 12),
('San Jose', 12),
('Vicente Guerrero', 12),
('Adalberto Saligan Avila (Playa Larga)', 13),
('Aguacatillo (Rancho Maximino Muñoz)', 13),
('Agua Fria', 13),
('Arcelia del Progreso', 13),
('Azoyu Centro', 13),
('Banco de Oro', 13),
('Cafetal (Rancho Amado Herrera Martinez)', 13),
('Cerro Cuate', 13),
('Chalacatepec', 13),
('Charco Choco (Rancho Domingo Martínez)', 13),
('Charco de Alfonso Cruz (Los Carmona la Loma)', 13),
('Cola de Charco (Charco Grande)', 13),
('Crucero de Huehuetán [Escuela Secundaria J. García', 13),
('Del Panteon', 13),
('Del Zorro', 13),
('El Arenal (La Plataforma)', 13),
('El Capulin', 13),
('El Carrizo', 13),
('El Macahuite', 13),
('El Mango', 13),
('El Potrero', 13),
('El Salto', 13),
('El Tamarindo', 13),
('Finca los Pumas (Crucero Lomas del Vidal)', 13),
('Huehuetan', 13),
('Huerta Gustavo Guerrero Cortez', 13),
('Huerta Pablo Maceda', 13),
('La Amatera', 13),
('La Bocana', 13),
('La Crucita', 13),
('La Culebra', 13),
('La Haciendita', 13),
('La Mazacuata', 13),
('La Pelota', 13),
('La Reforma', 13),
('Las Ollitas', 13),
('Las Palmas', 13),
('Las Pilitas', 13),
('Las Trancas', 13),
('La Union de los Hernadez', 13),
('Llano del Muerto (Rancho de Chema Rodríguez)', 13),
('Lomas del Vidal (El Vidal)', 13),
('Los Chegües', 13),
('Los Metates', 13),
('Los Quiterios', 13),
('Oriente', 13),
('Palo Blanco', 13),
('Peñas Negras', 13),
('Playa Larga', 13),
('Maxmandi', 13),
('Playa Suave', 13),
('Poniente', 13),
('Quetzalapa', 13),
('Rancho Angel Zurita', 13),
('Rancho Bautista Dos (Hermanos B. Florentino)', 13),
('Rancho Bulmaro Garcia', 13),
('Rancho Carlos Villanueva Mendoza', 13),
('Rancho Carlota Viuda de Peña', 13),
('Rancho Celso Muñoz', 13),
('Rancho Cerro Cuate', 13),
('Rancho Dos Laureles', 13),
('Rancho Dos Potrillos (Rancho Luis Justo H.)', 13),
('Rancho Edrey Bautista', 13),
('Rancho el Centenario (Rancho Luis Justo)', 13),
('Rancho el Charro (Celso Alvarado Nolasco)', 13),
('Rancho Eleazar Zurita', 13),
('Rancho el Limon (Rancho Bautista)', 13),
('Rancho el Meson', 13),
('Rancho Estrada', 13),
('Rancho Gabriel Herrera', 13),
('Rancho Hermanos Alvarado (Crucero de Huehuetan)', 13),
('Rancho Hermanos Cortez', 13),
('Rancho Hermenegildo Antonio Hernández', 13),
('Rancho Herrera Martinez', 13),
('Rancho Isabel Rodriguez', 13),
('Rancho la Antena', 13),
('Rancho Lauro Justo (Amate Guinea)', 13),
('Rancho Lempira', 13),
('Rancho los Mendoza', 13),
('Rancho Magdaleno Justo', 13),
('Rancho Manzanarez Cortez', 13),
('Rancho Mariana Cortez', 13),
('Rancho Mario Bautista', 13),
('Rancho Mario Navarrete', 13),
('Rancho Maximiliano Mendoza (Rancho de Lango)', 13),
('Rancho Muñoz', 13),
('Rancho Muñoz Castellanos', 13),
('Rancho Paulino Dámaso Mayo', 13),
('Rosendo Balanzar García [Rancho]', 13),
('San Isidro el Puente (El Puente)', 13),
('Talapilla', 13),
('Tenango', 13),
('Tencohuey', 13),
('Tixnapa', 13),
('Toxnene', 13),
('Tres Pelos', 13),
('Villa de Cortez', 13),
('Zapotitan', 13),
('Zapotitlan de La Fuente (El Zapote)', 13),
('Algodoncillos', 16),
('Amatepec', 16),
('Antonsimon (El Canal)', 16),
('Arroyo Grande (La Barranca)', 16),
('Arroyo Puerco', 16),
('Barranca del Corongoro', 16),
('Barranca del Pinzan', 16),
('Barrio de Guzmán (El Limon)', 16),
('Barrio de Lozano (El Rosario)', 16),
('Barrio Nuevo', 16),
('Bejucos', 16),
('Buenavista', 16),
('Buena Vista (Buena Vista de Pacheco)', 16),
('Buena Vista (Las Enramadas)', 16),
('Camino Real', 16),
('Campo Verde', 16),
('Capire Alto', 16),
('Casas Quemadas (Las Juntas)', 16),
('Cascalotes', 16),
('Cerro la Virgen (Cerro Grande)', 16),
('Chanquelite', 16),
('Coacoyel', 16),
('Coahuayutla de Guerrero', 16),
('Colmeneros', 16),
('Corcoles', 16),
('Corral de Tierra [Corraleras]', 16),
('Corral Falso', 16),
('Cuahulotal', 16),
('Cuauhtemoc', 16),
('Cuipacio (Cuipipacio)', 16),
('El Aguacate', 16),
('El Ampotal', 16),
('El Atascadero (Rancho el Atascadero)', 16),
('El Atuto', 16),
('El Balsamo', 16),
('El Bejuco', 16),
('El Bejuco Colorado', 16),
('El Brasil', 16),
('El Cablote', 16),
('El Camaron (Camaron Pacheco)', 16),
('El Capadero', 16),
('El Capire', 16),
('El Capire (El Plan del Capire)', 16),
('El Carrizalillo', 16),
('El Carrizo', 16),
('El Cenizo', 16),
('El Cerro de San Cristobal', 16),
('El Chiquerito (Chiqueritos)', 16),
('El Cirian', 16),
('El Ciruelo', 16),
('El Contadero', 16),
('El Cuinique', 16),
('El Escorpion', 16),
('El Estero', 16),
('El Guayabito', 16),
('El Guayabo', 16),
('El Huecillo', 16),
('El Jazmin', 16),
('El Limoncito', 16),
('El Limon de Verdusco', 16),
('El Lindero', 16),
('El Maguey', 16),
('El Melonar', 16),
('El Mezquital', 16),
('El Mezquitalillo', 16),
('El Muerto', 16),
('El Naranjo', 16),
('El Olivo', 16),
('El Olvido', 16),
('El Pantano', 16),
('El Paseo', 16),
('El Pinzan', 16),
('El Platanillo', 16),
('El Pochote', 16),
('El Pueblito', 16),
('El Puertecito', 16),
('El Recodo', 16),
('El Reparito', 16),
('El Reparo', 16),
('El Rincon', 16),
('El Rincon de las Parotas', 16),
('El Rincon (El Cacao)', 16),
('El Sauz', 16),
('El Tepamo', 16),
('El Ternejal', 16),
('El Terrero', 16),
('El Timbiriche', 16),
('El Tizate', 16),
('El Toro', 16),
('El Vainillo', 16),
('El Zapote', 16),
('El Zopilote', 16),
('El Zoquital', 16),
('El Zoyamiche', 16),
('Galeana de Abajo', 16),
('Galeana de Arriba', 16),
('Galindo', 16),
('Gallo de Maciel', 16),
('Guadalupe', 16),
('Huerta de Piña (El Retaje)', 16),
('Huizila', 16),
('La Arocuera', 16),
('La Artesa', 16),
('La Borrega', 16),
('La Caimanera', 16),
('La Cajita', 16),
('La Calceta', 16),
('La Calera', 16),
('La Calerita', 16),
('La Cañita', 16),
('La Chepa (La Pedregosa)', 16),
('La Chorrera', 16),
('La Cienega', 16),
('La Cienega del Cuahulote', 16),
('La Cofradia', 16),
('La Colorada', 16),
('La Corba', 16),
('La Crucita', 16),
('La Cruz', 16),
('La Cuahulotera', 16),
('La Cuchilla de Bejuco', 16),
('La Cuina', 16),
('La Daga', 16),
('La Dicha', 16),
('La Escondida', 16),
('La Florida', 16),
('La Fundicion', 16),
('La Haciendita', 16),
('La Higuerita', 16),
('La Higuerita', 16),
('La Huerta', 16),
('La Huerta de Padilla', 16),
('La Laguna', 16),
('La Lajita de Izazaga (Las Lajitas)', 16),
('La Liebre', 16),
('La Lobera (Agua Zarca)', 16),
('La Madera', 16),
('La Mesa del Ciruelo', 16),
('La Mesita', 16),
('La Mina', 16),
('La Mira', 16),
('La Ordeñita', 16),
('La Palma', 16),
('La Palmera', 16),
('La Palmilla', 16),
('La Pareja', 16),
('La Parotita', 16),
('La Patria', 16),
('La Pedregosa', 16),
('La Peña', 16),
('La Piedra', 16),
('La Pinzanera', 16),
('La Poza', 16),
('La Providencia (Corongoro)', 16),
('La Puerta', 16),
('La Puscua', 16),
('La Remonta', 16),
('Las Animas', 16),
('Las Balsas', 16),
('Las Carretas', 16),
('Las Catarinas', 16),
('Las Cocinas', 16),
('Las Delicias', 16),
('Las Habillas', 16),
('Las Higueras', 16),
('La Sierrita', 16),
('Las Iguanas', 16),
('Las Juntas', 16),
('Las Juntas de Bustos (Las Juntas)', 16),
('Las Lajas de Miguel', 16),
('Las Marañonas (Rancho las Marañonas)', 16),
('Las Mariquitas', 16),
('Las Mesillas', 16),
('Las Minitas', 16),
('La Soledad (Huaracio)', 16),
('Las Palmas', 16),
('Las Parotas', 16),
('Las Pilas', 16),
('Las Tamacuas', 16),
('Las Tasajeras', 16),
('Las Viboras', 16),
('La Tijera', 16),
('La Tinajita', 16),
('La Vainilla', 16),
('Lazarillo', 16),
('Llano de Maciel', 16),
('Lomas Blancas', 16),
('Los Balsamos', 16),
('Los Cangrejos', 16),
('Los Cerritos', 16),
('Los Ciruelos (El Ciruelo)', 16),
('Los Cocos', 16),
('Los Cocos (El Coco)', 16),
('Los Cuailes', 16),
('Los Encinitos', 16),
('Los Esteros', 16),
('Los Habillos', 16),
('Los Jazmines', 16),
('Los Limones', 16),
('Los Limones (El Sauz)', 16),
('Los Pinos de Huato', 16),
('Los Primeros Pinos (Los Pinos)', 16),
('Los Tepehuajes', 16),
('Los Tepehuajitos', 16),
('Los Zapotes', 16),
('Matamoros', 16),
('Miyagua', 16),
('Molinito', 16),
('Nahuatzen', 16),
('Nopalera', 16),
('Nueva Cuadrilla', 16),
('Olivares', 16),
('Palos Altos', 16),
('Paracho (Los Pajaritos)', 16),
('Paso de Vacas', 16),
('Pie de la Cuesta', 16),
('Platanillo', 16),
('Potreritos', 16),
('Potreritos (Casa Blanca)', 16),
('Potrero de Olivares (Potrero de Arriba)', 16),
('Potrero Grande', 16),
('Poza Honda', 16),
('Pradera de la Cascada', 16),
('Primer Campo', 16),
('Pueblo Viejo', 16),
('Puerto del Carrizo (El Puerto)', 16),
('Puerto del Encinal (Puerto del Encino)', 16),
('Puerto Hondo', 16),
('Puerto la Tijera', 16),
('Puerto Naranjo', 16),
('Quirindal', 16),
('Quiringucua', 16),
('Rancho Escondido (La Omita)', 16),
('Rancho la Higuerita', 16),
('Rancho la Palma', 16),
('Rancho la Palmera', 16),
('Rastrojos', 16),
('Rincon de Bejucos', 16),
('Rincon del Guajolote (Barranca el Guajolote)', 16),
('Rincon del Naranjo', 16),
('San Antonio', 16),
('San Cristobal', 16),
('San Francisco (San Francisco los Zapotes)', 16),
('San Francisco (San Pancho)', 16),
('San Isidro el Gallo (El Gallo)', 16),
('San Jose Anota', 16),
('San Nicolas (Los Adobes)', 16),
('San Rafael (San Rafael de López)', 16),
('San Salvador (Chancarnero)', 16),
('Santa Ana', 16),
('Santa Clemencia (La Manga)', 16),
('Santa Cruz', 16),
('Santa Rita (Santa Rita de Casia)', 16),
('Santa Rosa', 16),
('San Vicente del Rio', 16),
('San Vicente (San Vicente Tepehuaje)', 16),
('Soyamichi de Valle (Soyamichi)', 16),
('Tamarindo', 16),
('Temalhuacan', 16),
('Torrecillas', 16),
('Tres Palos', 16),
('Tuberia (La Tuberia)', 16),
('Valle Grande', 16),
('Valle Nuevo', 16),
('Vista Hermosa', 16),
('Zapotillos', 16),
('Zoyatan', 16),
('Arenal de Alvarez', 14),
('Arenal de Gomez', 14),
('Arenal del Centro', 14),
('Del Maestro', 14),
('Del Tiesto', 14),
('El Tomatal', 14),
('Hacienda de Cabañas', 14),
('Hidalgo\r\n', 14),
('Huizache', 14),
('Industrial', 14),
('Las Tunas', 14),
('Llano de La Puerta', 14),
('Llano Real', 14),
('Loma Bonita', 14),
('Los Organos', 14),
('Mirador', 14),
('San Jeronimo de Juarez Centro', 14),
('San Jose', 14),
('Solidaridad', 14),
('Vista Hermosa', 14),
('Buenavista de Cuellar Centro', 15),
('Cieneguillas', 15),
('Coxcatlan', 15),
('El Trigal', 15),
('El Zapote', 15),
('Guadalupe', 15),
('Jardines del Agua Nueva', 15),
('La Huerta', 15),
('Las Palmas', 15),
('Los Amates', 15),
('Los Limones', 15),
('Palmillas', 15),
('Pimentel', 15),
('San Antonio', 15),
('San Isidro (La Hacienda de San Isidro)', 15),
('Santa Fe Tepetlapa', 15),
('Tlachichilpa', 15),
('Venta de La Negra', 15),
('Zacapalco', 15),
('Acalmantlila\r\n', 17),
('Apango', 17),
('Apipilulco', 17),
('Atlixtac', 17),
('Atzcala', 17),
('Campo Arroz Viejo', 17),
('Cocula', 17),
('Cuetzala de La Reforma', 17),
('De La Plata', 17),
('El Municipio', 17),
('El Puente Rio San Juan', 17),
('El Triunfo', 17),
('La Fundicion', 17),
('La Mohonera', 17),
('Las Mesas y las Chachalacas', 17),
('Machito de las Flores', 17),
('Nuevo Balsas', 17),
('Olea', 17),
('Real de Limon', 17),
('Rio Balsas', 17),
('San Bartolo El Alto', 17),
('San Bartolo El Bajo', 17),
('San Nicolas', 17),
('Tecomatlan', 17),
('Tlanipatlan', 17),
('Vicente Guerrero', 17),
('Xonacatla', 17),
('Adolfo Lopez Mateos', 18),
('Atrixco', 18),
('Barrio Nuevo', 18),
('Campanillas', 18),
('Celaya', 18),
('Charchove', 18),
('Copala Centro', 18),
('El Arroyo', 18),
('El Carrizo', 18),
('El Crucero', 18),
('El Huicon', 18),
('El Manguito', 18),
('Juan N Alvarez', 18),
('La Loma', 18),
('Las Flores', 18),
('Las Penas', 18),
('Ojo de Agua', 18),
('Pozo de Piedra', 18),
('Vista Hermosa', 18),
('Vista Mar', 18),
('Chimalacacingo', 19),
('Copalillo', 19),
('El Cascalote', 19),
('Mezquitlan', 19),
('Oztutla', 19),
('Papalutla', 19),
('San Miguel Mezquitepec', 19),
('Tlalcozotitlan', 19),
('Tlayehualco', 19),
('Zicapa', 19),
('Cacahuatepec', 20),
('Copanatoyac', 20),
('Cuautololo', 20),
('El Tamarindo', 20),
('La Concepcion', 20),
('Ocotepec', 20),
('Ocotequila', 20),
('Ocuapa', 20),
('Oztocingo', 20),
('Patlicha', 20),
('Potoichan', 20),
('Quiahuitepec', 20),
('Santa Cruz', 20),
('San Vicente Amole', 20),
('Tenexcalcingo', 20),
('Tlalquezalapa', 20),
('Totohuehuetlan', 20),
('Aguacatito', 21),
('Aguas Blancas', 21),
('Agua Zarca', 21),
('Astudillo', 21),
('Atoyaquillo', 21),
('Aureliano V Guinto', 21),
('Bajos del Ejido', 21),
('Barra de Coyuca', 21),
('Barrio Nuevo', 21),
('Barrio Nuevo del Progreso', 21),
('Barrio Nuevo La Laja', 21),
('Bataz', 21),
('Bataz II', 21),
('Burocratas', 21),
('Cahuatitan', 21),
('Campesina Norte', 21),
('Campesina Sur', 21),
('Carrera Larga', 21),
('Cerrito de Oro', 21),
('Cerro del Fortin', 21),
('C.E.T.I.S.', 21),
('Coyuca de Benitez Centro', 21),
('Cuauhtemoc', 21),
('Cuauhtemoc Cardenas', 21),
('Del PRI', 21),
('Del Rio', 21),
('El Aguacate', 21),
('El Bejuco', 21),
('El Camalote', 21),
('El Cayaco', 21),
('El Coapinolar', 21),
('El Conchero', 21),
('El Embarcadero', 21),
('El Espinalillo', 21),
('El Guamuchil', 21),
('El Papayo', 21),
('El Terrero', 21),
('El Zapote', 21),
('El Zapotillo', 21),
('ETTI', 21),
('Guamuchito', 21),
('La Noria', 21),
('Las Compuertas', 21),
('Las Humedades', 21),
('Las Lomas', 21),
('Las Lomitas', 21),
('Las Palmas', 21),
('Las Tranquitas', 21),
('Las Viudas', 21),
('Lazaro Cardenas', 21),
('Los Cimientos', 21),
('Los Garrobos', 21),
('Los Mogotes', 21),
('Los Nopales', 21),
('Los Parazales', 21),
('Los Parazalitos', 21),
('Los Reyes', 21),
('Luces en el Mar', 21),
('Obrera', 21),
('Ocotillo', 21),
('Paso Real', 21),
('Penjamo', 21),
('Pie de La Cuesta', 21),
('Platanillo', 21),
('Playa Azul', 21),
('Playa del Carrizal', 21),
('Primero de Enero', 21),
('Pueblo Viejo', 21),
('Rancho Alegre', 21),
('Rancho del Santo', 21),
('San Jose Mogollon', 21),
('San Juan del Río', 21),
('San Martin', 21),
('San Nicolas', 21),
('San Nicolas de las Playas', 21),
('San Salvador las Pozas', 21),
('Santa Cruz del Rio', 21),
('Santa Rosa de Lima', 21),
('Tepetixtla', 21),
('Tierra y Libertad', 21),
('Tixtlancingo', 21),
('Valle del Rio', 21),
('Venustiano Carranza', 21),
('Viejo', 21),
('Yerba Santita', 21),
('Yetla', 21),
('Zumpango', 21),
('Ajuno', 22),
('Amuco de La Reforma', 22),
('Arroyo Grande', 22),
('Chamacua de Michelena', 22),
('Coyuca de Catalan Centro', 22),
('El Ancon', 22),
('El Calvario', 22),
('El Capire', 22),
('El Coco', 22),
('El Coyol', 22),
('El Cuirindal', 22),
('El Embarcadero', 22),
('El Jabali', 22),
('El Limoncito', 22),
('El Murcielago', 22),
('El Naranjo', 22),
('El Pinzan Morado', 22),
('El Pozo', 22),
('El Puerto del Oro', 22),
('El Rincon de Chamacua', 22),
('El Tinaco', 22),
('Hacienda de Dolores', 22),
('Hidalgo', 22),
('Infonavit', 22),
('Jaripo', 22),
('La Alameda', 22),
('La Bajada', 22),
('La Calera', 22),
('La Caña', 22),
('La Cienega de Abajo', 22),
('La Cienega de Arriba', 22),
('La Maestranza', 22),
('La Palma', 22),
('La Pantoja', 22),
('La Queseria', 22),
('Las Anonas Grandes', 22),
('Las Cruces', 22),
('Las Juntas del Rio Chiquito', 22),
('Las Parotas', 22),
('Las Tinajas', 22),
('Lindavista', 22),
('Los Brasiles', 22),
('Los Cueramos', 22),
('Los Guajes', 22),
('Los Placeres del Oro', 22),
('Los Pocitos de Catana', 22),
('Los Terrones', 22),
('Monte Grande', 22),
('Nuevo Horizonte', 22),
('Pancira', 22),
('Parancio', 22),
('Paso de La Arena', 22),
('Patambo', 22),
('Piedra Iman', 22),
('Piedra Parada', 22),
('Pineda', 22),
('Pungarabatito', 22),
('Quiriricuaro', 22),
('Rancho Viejo', 22),
('Rio Florido', 22),
('San Antonio', 22),
('San Antonio Texas', 22),
('San Fernando', 22),
('San Jose', 22),
('San Juan Chamacua', 22),
('San Juan de La Cruz', 22),
('Santa Lucia', 22),
('Santa Teresa', 22),
('Santo Domingo', 22),
('Taretaro', 22),
('Tierra Colorada', 22),
('Zetina', 22),
('Zihuaquio', 22),
('Barajilla', 23),
('Buenos Aires', 23),
('Campo Deportivo', 23),
('Cerrada del Hueso', 23),
('Cerro de las Tablas', 23),
('Cerro del Indio', 23),
('Comaltepec', 23),
('Cuajicuinalpa Centro', 23),
('De La Iglesia', 23),
('Del Kinder Garden', 23),
('Del Panteon', 23),
('Del Peligro', 23),
('Doctores', 23),
('El Cuije', 23),
('El Pitahayo', 23),
('El Quiza', 23),
('El Tamale', 23),
('El Terrero', 23),
('El Vaiven', 23),
('La Banda', 23),
('La Ceniza', 23),
('La Gloria', 23),
('La Guadalupe', 23),
('Las Flores', 23),
('Las Parotas', 23),
('Lomas del Carmen', 23),
('Los Lirios', 23),
('Maldonado', 23),
('Miguel Aleman Col Agricola', 23),
('Montecillos', 23),
('Nueva', 23),
('Punta Maldonado', 23),
('San Francisco', 23),
('San Jose', 23),
('San Judas Tadeo', 23),
('San Nicolas', 23),
('Santiago', 23),
('Tierra Colorada', 23),
('Vicente Guerrero', 23),
('Chiauzingo', 24),
('Cualac', 24),
('Cuateconcingo', 24),
('Cuatlaco', 24),
('Cuaulote', 24),
('San Martin Jolalpan', 24),
('Tecoxcoyunca', 24),
('Tlalapa', 24),
('Tlalixtlahuac', 24),
('Xalmolapa', 24),
('Cihuapoloya', 25),
('Coacoyulichan', 25),
('Cuautepec', 25),
('Cuilutla', 25),
('El Coquillo', 25),
('El Libano', 25),
('El Llano', 25),
('El Pabellon', 25),
('El Salto', 25),
('Huamuchititan', 25),
('Jalapa', 25),
('La Dicha', 25),
('Limon Grande', 25),
('San Jose', 25),
('Ahuaxotitla', 26),
('Apetlanca', 26),
('Chilacachapa', 26),
('Cuaxilotla', 26),
('Cuetzala de La Reforma', 26),
('Cuetzala del Progreso', 26),
('San Francisco Lagunita', 26),
('San Luis', 26),
('Tianquizolco', 26),
('Tlacaquipa', 26),
('Tlaquilpa', 26),
('Tomixtlahuacan', 26),
('16 de Septiembre', 27),
('Alborejo', 27),
('Amilpillas', 27),
('Arroyo Grande', 27),
('Atotonilco', 27),
('Camutla', 27),
('Cañas Viejas', 27),
('Characo', 27),
('Chino', 27),
('Courindichapio', 27),
('Cuadrilla Nueva', 27),
('Cuataceo', 27),
('Cuincharas', 27),
('Cutzamala de Pinzon Centro', 27),
('El Aguacate', 27),
('El Barco', 27),
('El Calvario', 27),
('El Coyol', 27),
('El Cundan', 27),
('El Divisadero', 27),
('El Guayabo', 27),
('El Mango', 27),
('El Ojo de Agua', 27),
('El Pinzan', 27),
('El Pochote', 27),
('El Pueblito', 27),
('El Quelite', 27),
('El Salitre', 27),
('El Tamarindo', 27),
('El Tepehuaje', 27),
('El Timbinal', 27),
('El Tule', 27),
('Huaratzio', 27),
('Ixtapilla', 27),
('La Caguirica', 27),
('La Cañada del Pinzan', 27),
('La Cienega', 27),
('La Comunidad', 27),
('La Curva', 27),
('La Florida', 27),
('La Garra', 27),
('La Laja', 27),
('La Mohonera', 27),
('La Palma', 27),
('La Playa', 27),
('Las Donas', 27),
('Las Escobitas', 27),
('Las Flores', 27),
('Las Juntas', 27),
('Las Parotas', 27),
('Las Querendas', 27),
('La Tortuguita', 27),
('Limon Grande', 27),
('Los Capires', 27),
('Los Desposados', 27),
('Los Guajes', 27),
('Los Tules', 27),
('Nuevo Galeana', 27),
('Orilla de Balderrama', 27),
('Oxtotitlan', 27),
('Pacuaro', 27),
('San Blas y Cuinio', 27),
('San Jose', 27),
('Tamacuaro', 27),
('Tamarindos', 27),
('Terrero', 27),
('Tucuruato', 27),
('Tupatarillo', 27),
('Zacango', 27),
('Zacapuato', 27),
('Zirandanganguio', 27),
('Zirapitiro', 27),
('24 de Febrero', 28),
('3 de Mayo', 28),
('4 Caminos', 28),
('5 de Febrero', 28),
('7 de Noviembre', 28),
('Acalco', 28),
('Acatlan Centro', 28),
('Acuentla', 28),
('Ahuexotitlan', 28),
('Ahuihuiyuco', 28),
('Ahuixtla', 28),
('Ajacayan', 28),
('Alameda', 28),
('Alcozacan', 28),
('Amate Amarillo', 28),
('Amiltepec', 28),
('Ampliacion los Pinos', 28),
('Ampliacion Solidaridad', 28),
('Angel Aguirre Rivero', 28),
('Atempa', 28),
('Atenas del Sur', 28),
('Atzacoaloya', 28),
('Axopilco', 28),
('Ayahualco', 28),
('Ayahualulco Centro', 28),
('Barrio del Rosario', 28),
('Barrio el Calvario', 28),
('Barrio San Jose', 28),
('Buena Vista', 28),
('Buena Vista II Seccion', 28),
('Campo de Aviacion', 28),
('Candelaria', 28),
('Chautla (Chahutla)', 28),
('Chilapa de Alvarez Centro', 28),
('Coaquimixco', 28),
('Coatzingo', 28),
('Colonia Agua Salada', 28),
('Colonia Cojtenco', 28),
('Colonia Costeña Uno', 28),
('Colonia la Poyeca', 28),
('Colotepec', 28),
('Conalep', 28),
('Conetzingo', 28),
('Corpus Crispi', 28),
('Costeña', 28),
('Coyautepec', 28),
('Cruz de Navarro', 28),
('Cuadrilla Nueva', 28),
('Cuautenango', 28),
('De Amatitlan', 28),
('Del Llano', 28),
('Del PRI', 28),
('De Tejalcingo', 28),
('Diamante', 28),
('Dulce Nombre', 28),
('El Ajal', 28),
('El Calvario', 28),
('El Epazote', 28),
('El Jaboncillo', 28),
('El Jagüey', 28),
('El Limon', 28),
('El Mirador I', 28),
('El Paraiso', 28),
('El Pedregal I y II', 28),
('El Peral', 28),
('El Refugio', 28),
('El Tecoatl', 28),
('El Tecolote', 28),
('El Terreno', 28),
('El Zoyatal', 28),
('Emiliano Zapata', 28),
('Emperador Cuauhtemoc', 28),
('Esmeralda', 28),
('Estrella del Oriente', 28),
('Eucaria Apreza', 28),
('Genaro Vazquez', 28),
('Jacarandas Oriente', 28),
('Jacarandas Poniente', 28),
('Jardines', 28),
('Juan N. Alvarez', 28),
('La Capillita', 28),
('La Cienega', 28),
('La Joya', 28),
('La Lomita', 28),
('Lamatzintla', 28),
('La Mira', 28),
('La Mohonera', 28),
('La Muralla', 28),
('La Perla', 28),
('La Playita', 28),
('La Purísima', 28),
('La Quinta', 28),
('Las Amaricas', 28),
('Las Brisas', 28),
('Las Palmas', 28),
('La Teja', 28),
('La Villa', 28),
('Lazaro Cardenas', 28),
('Libertad', 28),
('Lodo Grande', 28),
('Loma Larga', 28),
('Loma Linda', 28),
('Lomas del Muerto', 28),
('Los Alamos', 28),
('Los Amates', 28),
('Los Angeles', 28),
('Los Cedros', 28),
('Los Claveles', 28),
('Los Cosahuates', 28),
('Los Huamuchiles', 28),
('Los Magueyes', 28),
('Los Manantiales', 28),
('Los Pinos', 28),
('Los Sabinos', 28),
('Los Sauces', 28),
('Luis Donaldo Colosio', 28),
('Macuixcatlan', 28),
('Matlala', 28),
('Mexcaltepec', 28),
('Mexcalzingo', 28),
('Miguel Hidalgo', 28),
('Miraflor', 28),
('Municipio Libre', 28),
('Nejapa', 28),
('Nuevo Amanecer', 28),
('Ocuituco (Acuituco)', 28),
('Pantitlan', 28),
('Popoyatlajco', 28),
('Popular', 28),
('P.R.D.', 28),
('Progreso', 28),
('Progreso II', 28),
('Progreso Nacional', 28),
('Quovadis', 28),
('Rancho Coaquimixco', 28),
('Rancho Victor Juanico', 28),
('Roca Azul', 28),
('Ruben Figueroa', 28),
('San Angel', 28),
('San Antonio', 28),
('San Carlos', 28),
('San Francisco', 28),
('San Isidro', 28),
('San Jeronimo Palantla', 28),
('San Jose', 28),
('San Juan', 28),
('San Marcos', 28),
('San Rafael', 28),
('Santa Ana', 28),
('Santa Catarina', 28),
('Santa Cruz', 28),
('Santa Gertrudis', 28),
('Solidaridad', 28),
('Tabachines', 28),
('Tenexatlajco (Tenexatlaco)', 28),
('Teomatatlan', 28),
('Tepehuixco', 28),
('Tepetlacingo', 28),
('Tepozcuautla', 28),
('Texcal I', 28),
('Texcal II', 28),
('Tlacoaxtla', 28),
('Tlalixtlahuacan', 28),
('Tlamixtlahuacan', 28),
('Tlanipantla', 28),
('Tlaxinga (Catzinga)', 28),
('Trigomila', 28),
('Valle Dorado', 28),
('Valle Verde', 28),
('Vargas', 28),
('Vicente Guerrero', 28),
('Villas del Sol', 28),
('Vista Hermosa', 28),
('Vista Hermosa', 28),
('Xiloxuchican', 28),
('Xochitempa', 28),
('Xolotepec', 28),
('Xulchuchuio', 28),
('Zacapexco', 28),
('Zacazonapa', 28),
('Zinzintitlan', 28),
('Zizicazapa', 28),
('Zoquitipa', 28),
('Zoyatal', 28),
('10 de Abril', 29),
('12 de Septiembre', 29),
('14 de Febrero', 29),
('16 de Septiembre', 29),
('1ro de Marzo', 29),
('1ro de Mayo', 29),
('20 de Noviembre', 29),
('21 de Marzo', 29),
('21 de Septiembre', 29),
('24 de Febrero', 29),
('35/a Z. M. Chilpancingo, Gro.', 29),
('4 de Marzo', 29),
('6 de Julio', 29),
('Agua Potable', 29),
('Ahuiyuco', 29),
('Alianza Popular', 29),
('Amelitos', 29),
('America', 29),
('Amolonga', 29),
('Ampliacion Lazaro Cardenas', 29),
('Angel Aguirre Rivero', 29),
('Antonio I. Delgado', 29),
('Apantzingo', 29),
('Asociacion Civil', 29),
('Atlitenco de Altamira', 29),
('Atlitenco Oriente', 29),
('Azteca', 29),
('Balcones de Tepango', 29),
('Barranca Pezuapa', 29),
('Barranco de Tequimil', 29),
('Bella Vista', 29),
('Benito Juarez', 29),
('Bosques de las Lomas', 29),
('Brisas del Sur', 29),
('Buenos Aires', 29),
('Bugambilias', 29),
('Burocratas', 29),
('Calli Calmecac', 29),
('Caminos', 29),
('Campestre Santa Rosa', 29),
('CBTIS', 29),
('Centro SCT Guerrero', 29),
('CERESO Chilpancingo, Gro.', 29),
('Chilpancingo de los Bravos Centro', 29),
('Cipatli', 29),
('CNOP Secc C', 29),
('CNOP Sección A', 29),
('CNOP Sección B', 29),
('Colinas del Sur', 29),
('Cooperativa de Vivienda', 29),
('Corregidora', 29),
('Country', 29),
('Cuauhtemoc Norte', 29),
('Cuauhtemoc Sur', 29),
('Cuitlahuac', 29),
('Cumbres del Poniente', 29),
('Del PRI', 29),
('Del Valle', 29),
('Diana Laura Riojas de Colosio', 29),
('Don Ely', 29),
('Dr. Catalan', 29),
('Eduardo Neri', 29),
('El Amate', 29),
('El Calvario', 29),
('Electricistas', 29),
('El Encanto', 29),
('El Huajal', 29),
('Elias Naime Nemer', 29),
('El Mirador', 29),
('El Polvorin', 29),
('El Potrerito', 29),
('El Salado', 29),
('El Tomatal', 29),
('Emiliano Zapata', 29),
('Ex-Hacienda San Nicolas', 29),
('Francisco Figueroa Mata', 29),
('Francisco Javier Mina', 29),
('Francisco Ruiz Massieu Sur', 29),
('Francisco Villa', 29),
('Guadalupe', 29),
('Guerrero', 29),
('Guerrero 200', 29),
('Haciendita', 29),
('Haciendita Aeropuerto', 29),
('Haciendita II', 29),
('Hermanos Neri', 29),
('Hermenegildo Galeana', 29),
('Huacapita', 29),
('Huicacalli', 29),
('Huitzicatzin', 29),
('Ignacio Manuel Altamirano', 29),
('Indeco (Unidad Guerrerense)', 29),
('Independencia', 29),
('India Bonita', 29),
('INFONAVIT', 29),
('Insurgentes de Guerrero', 29),
('Inviso', 29),
('Ixquiapan', 29),
('Jacarandas', 29),
('Jardines del Sur', 29),
('Jardin los Pinos', 29),
('Jose Lopez Portillo', 29),
('Jose María Izazaga', 29),
('Jose María Pino Suárez', 29),
('Juan N Alvarez', 29),
('La Cienega', 29),
('La Cima', 29),
('La Cinca', 29),
('La Esperanza', 29),
('La Floresta', 29),
('La Florida', 29),
('La Herradura', 29),
('La Ladera', 29),
('La Pradera', 29),
('Las Aguilas', 29),
('Las Americas', 29),
('La Sierrita', 29),
('Las Joyas', 29),
('Las Margaritas', 29),
('Las Palmas', 29),
('Las Terrazas', 29),
('Las Torres', 29),
('La Trinchera', 29),
('Lazaro Cardenas', 29),
('Libertad', 29),
('Linda Vista', 29),
('Loma Bonita', 29),
('Lomas de Guadalupe', 29),
('Lomas del Bosque', 29),
('Lomas del Poniente', 29),
('Lomas del Porvenir', 29),
('Lomas de Ocotepec', 29),
('Lomas de San Antonio', 29),
('Lomas de San Mateo', 29),
('Lomas de Xocomulco', 29),
('Lomas Verdes', 29),
('Los Alarcon', 29),
('Los Angeles', 29),
('Los Cedros', 29),
('Los Garzon', 29),
('Los Girasoles', 29),
('Los Gobernadores', 29),
('Los Lirios', 29),
('Los Manantiales', 29),
('Los Puentes', 29),
('Los Romeros', 29),
('Los Sauces', 29),
('Lucía Alcocer de Figueroa', 29),
('Luis Donaldo Colosio', 29),
('Magisterial', 29),
('Margarita Viguri', 29),
('Maria de la O', 29),
('Maria Dolores', 29),
('Melendez', 29),
('Mexico', 29),
('Miguel Hidalgo', 29),
('Militar', 29),
('Milpizaco', 29),
('Misiones de Guadalupe', 29),
('Moctezuma', 29),
('Moises Villegas', 29),
('Morelos', 29),
('Movimiento Territorial', 29),
('Nicolas Bravo', 29),
('Niños Héroes', 29),
('Nueva Imagen', 29),
('Nuevo Horizonte', 29),
('Nuevo Milenio', 29),
('Obrera', 29),
('Ocozoapa', 29),
('Oficina Federal de Hacienda', 29),
('Olinala', 29),
('Ombu', 29),
('Omiltemi', 29),
('OPCG', 29),
('Palacio de Gobierno del Estado de Guerrero', 29),
('Paludismo', 29),
('Panoramica', 29),
('Paraiso del Sol', 29),
('Paraiso Siglo XXI', 29),
('Pensadores', 29),
('Periodistas', 29),
('Plan de Ayala', 29),
('Plutarco Elías Calles', 29),
('PPS', 29),
('PRD', 29),
('Primer Congreso de Anahuac', 29),
('Progreso', 29),
('PRT', 29),
('Reforma', 29),
('Reforma Universitaria', 29),
('Renacimiento', 29),
('Renovacion', 29),
('Residencial Bugambilias', 29),
('Residencial Juristas', 29),
('Revolucion', 29),
('Ricardo Flores Magón', 29),
('Rinconada de Ocotepec', 29),
('Rio Azul', 29),
('Riviera', 29),
('Rodolfo Neri Vela', 29),
('Rosario Ibarra', 29),
('Ruben Mora', 29),
('Ruffo Figueroa', 29),
('Salubridad', 29),
('San Angel', 29),
('San Antonio', 29),
('San Francisco', 29),
('San Jose', 29),
('San Jose Chuchululuya', 29),
('San Juan', 29),
('San Lucas', 29),
('San Mateo', 29),
('San Miguelito', 29),
('San Pedro', 29),
('San Rafael Norte', 29),
('San Rafael Oriente', 29),
('Santa Cruz Norte', 29),
('Santa Fe', 29),
('Santa Rosa', 29),
('SARH', 29),
('Satelite', 29),
('Seccion Septima', 29),
('Secretaria de Agricultura Ganaderia y Desarrollo Rural', 29),
('Secretaria de Salud', 29),
('Sedue', 29),
('Servidor Agrario', 29),
('Servidor Publico', 29),
('SNTE', 29),
('STTAISUAG', 29),
('SUSPEG Guerrero Cumple', 29),
('Tata Gildo', 29),
('Telumbre', 29),
('Temixco', 29),
('Temixco II', 29),
('Tepolzingo', 29),
('Tepozoteapa', 29),
('Tequicorral', 29),
('Texcalco', 29),
('Tierra Larga', 29),
('Tierras Prietas', 29),
('Tierra y Libertad', 29),
('Timotlan', 29),
('Tlacaellel', 29),
('Tribuna Nacional', 29),
('Unidad Deportiva', 29),
('Unidad Magisterial Los Pinos', 29),
('Universal', 29),
('Universidad', 29),
('Universitarios Unidos Por Guerrero', 29),
('Valle Dorado', 29),
('Valle Esmeralda', 29),
('Valle Verde', 29),
('Valle Verde Norte', 29),
('Vicente Lombardo Toledano', 29),
('Villa de las Flores', 29),
('Villa del Roble', 29),
('Villa Lucerna', 29),
('Villa Moderna', 29),
('Villas Aparicio', 29),
('Villas Caminos del Sur', 29),
('Villas de Leyva', 29),
('Villas del Parador', 29),
('Villas del Sol', 29),
('Villas de Ocotepec', 29),
('Villas Laurel', 29),
('Villas San Rafael', 29),
('Villas Silvestre', 29),
('Villa Victoria', 29),
('Vista Alegre', 29),
('Vista Hermosa', 29),
('Zona Industrial', 29),
('4 Bancos', 30),
('Amado Nervo', 30),
('Arroyo Seco', 30),
('Benito Juarez', 30),
('Boca del Rio', 30),
('Cantarranas', 30),
('Chautengo', 30),
('Cruz Grande Centro', 30),
('Cuauhtemoc Cardenas', 30),
('Del PRI', 30),
('El Llano', 30),
('Francisco Villa', 30),
('La Maquina de Nexpa', 30),
('Las Animas', 30),
('Lazaro Cardenas', 30),
('Libertad', 30),
('Los Muchos', 30),
('Los Tamarindos', 30),
('Militar', 30),
('Pico del Monte', 30),
('Playa Larga', 30),
('Porvenir', 30),
('Ricardo Flores Magon', 30),
('Sultana del Sur', 30),
('Vicente Guerrero', 30),
('Acapetlahuaya', 31),
('Amates Grandes', 31),
('Arroyo Seco', 31),
('Coapango', 31),
('Cuadrilla Nueva', 31),
('Cuaxilopa', 31),
('Cueva del Tigre', 31),
('El Barrancon', 31),
('El Canton', 31),
('El Cascalote', 31),
('El Salto', 31),
('El Teteyo', 31),
('El Texcal', 31),
('Filo Hueycalí', 31),
('Hueycali el Viejo', 31),
('Ixtepec de San Simon', 31),
('La Esmeralda', 31),
('La Providencia', 31),
('Las Cañitas', 31),
('Las Ceibitas', 31),
('Lidice', 31),
('Los Encinos', 31),
('Mina de La Concepcion', 31),
('Ocotepec', 31),
('Pata de Venado', 31),
('Puerto del Ocote', 31),
('Sabino Alto', 31),
('San Simon Ostumba', 31),
('Tlanquizolco', 31),
('Villa Hermosa', 31),
('Acatlan del Río', 32),
('Amacahuite', 32),
('Barrio Nuevo', 32),
('Buenavista', 32),
('Campo Morado', 32),
('Cerro de la Bandera', 32),
('Chapultepec', 32),
('Chicahuales', 32),
('Chichiltepec', 32),
('Ciruelo Amarillo', 32),
('De La Guadalupe', 32),
('De La Merced', 32),
('Durazno San Vicente', 32),
('El Ahuejote', 32),
('El Amate', 32),
('El Calvario', 32),
('El Espino', 32),
('El Frio', 32),
('El Huamuchil', 32),
('El Limoncillo', 32),
('El Morro', 32),
('El Naranjo', 32),
('El Zoquial', 32),
('Guerrero', 32),
('Huautla', 32),
('Huerta Vieja', 32),
('Ixcatla', 32),
('Ixtayotla', 32),
('Izotepec', 32),
('La Cienega', 32),
('La Primavera', 32),
('La Reforma', 32),
('Las Ceibas', 32),
('Las Laderas', 32),
('Las Margaritas', 32),
('Las Pilas', 32),
('Las Vinatas', 32),
('La Venta', 32),
('Limoncito', 32),
('Los Ciruelos', 32),
('Los Hoyos', 32),
('Los Ocotes', 32),
('Ojo de Agua del Progreso', 32),
('Poblado Nuevo', 32),
('Pueblo Viejo', 32),
('Puerto Castro', 32),
('Puerto del Varal', 32),
('Puerto Gallo', 32),
('Renacimiento', 32),
('San Antonio', 32),
('Tecomasuchilt del Norte', 32),
('Tecomasuchilt del Sur', 32),
('Tepehuajes', 32),
('Tetela del Rio', 32),
('Tlacotenco', 32),
('Tlacotepec Centro', 32),
('Verde Rico', 32),
('Villa Xóchitl', 32),
('Vista Hermosa', 32),
('Zompantle', 32),
('Zopilostoc', 32),
('Bugambilias', 33),
('Conhuaxo', 33),
('Coyahualco', 33),
('El Paraiso', 33),
('El Rosario', 33),
('Huamuxtitlan Centro', 33),
('Jilotepec', 33),
('La Asuncion', 33),
('Las Animas', 33),
('Las Brisas', 33),
('Loma Bonita', 33),
('Perla de Oriente', 33),
('San Pedro', 33),
('San Pedro Aytepec', 33),
('Santa Cruz', 33),
('Tepetlapa', 33),
('Tlalixtaquilla', 33),
('Tlalquetzala', 33),
('Tlaquiltepec', 33),
('Totolapa', 33),
('Valle Dorado', 33),
('20 de Noviembre', 34),
('28 de Febrero', 34),
('Acaquila', 34),
('Atetetla', 34),
('Atopula', 34),
('Benito Juarez', 34),
('Brisas del Real', 34),
('Cacahuananche', 34),
('Cantarranas', 34),
('Chapulixtlal', 34),
('Chaucingo', 34),
('Coahuilotla', 34),
('Cristo Rey', 34),
('De La Cruz', 34),
('Ejidal', 34),
('El Bonete', 34),
('El Llano', 34),
('El Lucero', 34),
('El Real', 34),
('El Tanque Rojo', 34),
('Emiliano Zapata', 34),
('Escuchapa', 34),
('Huitzuco Centro', 34),
('Lagunillas', 34),
('La Joya', 34),
('La Lama', 34),
('La Nopalera', 34),
('Las Calaveras', 34),
('Las Trincheras', 34),
('Los Guajitos', 34),
('Los Pilares', 34),
('Nanche Dulce', 34),
('Paso Morelos', 34),
('Pololcingo', 34),
('Quetzalapa', 34),
('Salcingo', 34),
('San Francisco Ozomatlan', 34),
('San Juan Teocaltzingo', 34),
('San Miguel de las Palmas', 34),
('Tecoacuilco', 34),
('Tecolotla', 34),
('Tepeyac', 34),
('Texahualco', 34),
('Tlapala', 34),
('Tlaxmalac', 34),
('Tuliman', 34),
('Xilocintla', 34),
('Zoyacuautla', 34),
('15 de Septiembre', 35),
('19 de Enero', 35),
('1o de Mayo', 35),
('20 de Noviembre', 35),
('23 de Marzo', 35),
('24 de Febrero', 35),
('25 de Abril', 35),
('28 de Abril', 35),
('3 de Mayo', 35),
('3 Iguanas I', 35),
('3 Iguanas II', 35),
('3 Marias', 35),
('5a Los Naranjos', 35),
('Abrazo de Acatempan', 35),
('Aceitera', 35),
('Adolfo Lopez Mateos', 35),
('Adolfo Lopez Mateos Infonavit', 35),
('Agua Zarca', 35),
('Alberto G. Trueba', 35),
('Alberto Roman Arellano', 35),
('Arboledas', 35),
('Azteca', 35),
('Azucena', 35),
('Benito Juarez', 35),
('Benito Juarez II', 35),
('Brasil', 35),
('Bugambilias', 35),
('Burocrata', 35),
('California', 35),
('Camino Blanco', 35),
('Camino Real', 35),
('Campestre Altamira', 35),
('Caritino Maldonado', 35),
('Cascalotes', 35),
('Central Campesina', 35),
('Central de Abastos', 35),
('Cereso Iguala', 35),
('Chapultepec', 35),
('Cirianes', 35),
('Cirianes II', 35),
('C. I. V. I.', 35),
('Cnop', 35),
('Colinas del Vergel', 35),
('Cosmos', 35),
('Cuauhtemoc', 35),
('Daniel Murayama', 35),
('Del Rio', 35),
('Del Seguro Social', 35),
('Del Valle', 35),
('Educacion', 35),
('Ejidal', 35),
('Ejidatarios', 35),
('El Capire', 35),
('El Derrame', 35),
('Electricistas', 35),
('El Huizachal', 35),
('El Mezquite', 35),
('El Mirador', 35),
('El Paraiso', 35),
('El Pedregal', 35),
('El Vergel', 35),
('Emiliano Zapata', 35),
('Emilio Gonzalez', 35),
('Esmeralda', 35),
('Familiar', 35),
('Fermin Rabadan', 35),
('Fernando Amilpa', 35),
('Ficus', 35),
('Fidel Castro', 35),
('Flores Magon', 35),
('Florida', 35),
('FOVISSSTE', 35),
('Fraccionamiento 3', 35),
('Francisco Villa', 35),
('Genaro Vazquez', 35);
INSERT INTO `colonia` (`NombreColonia`, `Municipio_idMunicipio`) VALUES
('Gral. Adrian Castrejon', 35),
('Guerrero Azteca', 35),
('Guerreros del Sur', 35),
('Habitat 1 y 2 Etapas', 35),
('Heberto Castillo', 35),
('Heroes del Sur', 35),
('Huerta Tamarindo', 35),
('Huerta Tamarindos', 35),
('Huizachal', 35),
('Ignacio M Altamirano', 35),
('Iguala 2000', 35),
('Iguala de La Independencia Centro', 35),
('Independencia', 35),
('Infonavit Palomas', 35),
('Insurgentes', 35),
('Jacarandas', 35),
('Jardines', 35),
('Jardines del Valle', 35),
('Jardines de San Andrés', 35),
('Joyas de Iguala', 35),
('Joyas del Artico', 35),
('Joyas del Mar', 35),
('Joyas del Mediterraneo', 35),
('Juan N Alvarez', 35),
('Judith Caballero', 35),
('Julber', 35),
('La Floresta', 35),
('La Palma', 35),
('La Paz', 35),
('La Raza', 35),
('Las Americas', 35),
('Las Americas II', 35),
('Las Brisas', 35),
('Las Flores', 35),
('Las Margaritas', 35),
('Las Palmas', 35),
('Las Torres', 35),
('Libertadores', 35),
('Limones', 35),
('Lindavista', 35),
('Loma Linda', 35),
('Loma los Pajaritos', 35),
('Lomas de Agua Zarca', 35),
('Lomas de los Coyotes', 35),
('Lomas del Pedregal', 35),
('Lomas del Zapatero', 35),
('Los Almendros', 35),
('Los Chocolines', 35),
('Los Doctores', 35),
('Los Mangos II', 35),
('Los Pinos', 35),
('Los Tamarindos', 35),
('Los Tamarindos 2a. Etapa', 35),
('Luis Donaldo Colosio', 35),
('Luis Quintero', 35),
('Magdaleno J Ocampo', 35),
('Magisterial', 35),
('Magisterial Iguala', 35),
('Mangos', 35),
('Maria del Carmen', 35),
('Martin Aceves Gonzalez', 35),
('Mezquital', 35),
('Militar', 35),
('Morelos', 35),
('Mota', 35),
('Nacin Curi', 35),
('Nicolas Bravo', 35),
('Niños Heroes', 35),
('Nuevo Horizonte', 35),
('Paraje Suriano', 35),
('Patria', 35),
('Patria Nueva', 35),
('Periodista', 35),
('Perpetuo Socorro', 35),
('Plan de Ayala', 35),
('Plan de Ayala 2a. Etapa', 35),
('Plan de Iguala', 35),
('Potrero', 35),
('PPG', 35),
('Prados', 35),
('PRI', 35),
('Progreso', 35),
('Quetzalcoatl', 35),
('Reforma', 35),
('Rene Juarez', 35),
('Renovacion', 35),
('Residencial Bugambilias', 35),
('Residencial el Mediterraneo', 35),
('Residencial Los Tamarindos', 35),
('Ricardo Flores Magon', 35),
('Rinconada del Sur', 35),
('Rincon Dorado', 35),
('Río Balsas', 35),
('Ruben Figueroa', 35),
('Ruben Jaramillo', 35),
('Ruffo Figueroa', 35),
('San Alberto', 35),
('San Angel', 35),
('San Carlos', 35),
('San Gerardo', 35),
('San Jose', 35),
('San Juan', 35),
('Santa Cruz', 35),
('Santo Tomas', 35),
('Silvia Smutny de Figueroa', 35),
('Sol Azteca', 35),
('Tierra y Libertad', 35),
('Tlatel I', 35),
('Tlatel II', 35),
('Tomatal', 35),
('Unidos Por Guerrero', 35),
('Universidad', 35),
('Valle del Sol', 35),
('Valle Dorado', 35),
('Vicente Guerrero', 35),
('Vicente Guerrero 200', 35),
('Victoria Hernandez', 35),
('Villa Cooperativa', 35),
('Villa de Guadalupe', 35),
('Villa de las Flores', 35),
('Villa Los Naranjos', 35),
('Villas del Rey', 35),
('Vista Hermosa', 35),
('Yohuala', 35),
('Acalmani', 36),
('Alejandro Cervantes Delgado', 36),
('Boca de Talapa', 36),
('Chacalapa', 36),
('Colonia Enrique Rodriguez Cruz', 36),
('De La Gachupina', 36),
('De La Playa', 36),
('Del Camposanto', 36),
('De Los Tepetates', 36),
('Del Tepeyac', 36),
('El Barrero', 36),
('Igualapa', 36),
('La Libertad', 36),
('La Victoria', 36),
('Llano Grande de Juarez', 36),
('Llano Grande de los Hilarios', 36),
('Nuevo', 36),
('PRI 2000', 36),
('Rancho el Arbolito (Juan Cristobal)', 36),
('Rancho Rafael Garcia Ortiz', 36),
('San Jose Buenavista', 36),
('San Juan de los Llanos', 36),
('Tepatahuac', 36),
('Yoloxochitl', 36),
('Amealco', 37),
('Barrio del Llanito', 37),
('El Potrero', 37),
('Ixcateopan de Cuauhtemoc', 37),
('Pachivia', 37),
('Pipincatla', 37),
('Romita', 37),
('San Martin Pachivia', 37),
('San Pedro Guadalupe', 37),
('Simatel', 37),
('Tenanguillo de las Cañas', 37),
('Teucizapan', 37),
('Xalostoc', 37),
('Zozoquitla', 37),
('12 de Marzo', 38),
('12 de Marzo Parte Alta', 38),
('16 de Mayo', 38),
('16 de Septiembre', 38),
('20 de Noviembre', 38),
('24 de Abril', 38),
('6 de Enero', 38),
('Agua de Correa', 38),
('Amuzgos', 38),
('Aquiles Serdan', 38),
('Benito Juarez', 38),
('Convergencia', 38),
('CTM', 38),
('Cuauhtemoc', 38),
('Dario Galeana', 38),
('El Almacen', 38),
('El Barril', 38),
('El Barril I', 38),
('El Barril II', 38),
('El Barril III', 38),
('El Calechoso', 38),
('El Embalse', 38),
('El Limon', 38),
('El Mirador', 38),
('El Paraiso', 38),
('Emiliano Zapata', 38),
('FOVISSSTE', 38),
('Ignacio Manuel Altamirano', 38),
('Infonavit El Hujal', 38),
('Infonavit La Boquita', 38),
('Infonavit La Noria', 38),
('Jose María Morelos', 38),
('La Esperanza', 38),
('La Joya', 38),
('La Laja', 38),
('La Madera', 38),
('La Presa', 38),
('La Ropa', 38),
('Las Huertas', 38),
('Las Mesas', 38),
('Lazaro Cardenas', 38),
('Loma Bonita', 38),
('Lomas del Riscal', 38),
('Los Electricistas', 38),
('Miramar', 38),
('Nuevo Amanecer', 38),
('Primer Paso Cardenista', 38),
('Progreso', 38),
('Progreso Parte Alta', 38),
('Rabo de Iguana', 38),
('Real de Guadalupe', 38),
('San Ignacio', 38),
('Vallecitos de Zaragoza', 38),
('Vaso de Miraflores', 38),
('Vicente Guerrero', 38),
('Villas del Pacifico', 38),
('Zihuatanejo Centro', 38),
('Zona Industrial', 38),
('El Puente', 39),
('El Tabacal', 39),
('El Tepehuaje', 39),
('El Terrero', 39),
('El Zapote', 39),
('Jardin', 39),
('La Palma', 39),
('Las Garrapatas', 39),
('Las Palmas', 39),
('Las Peñas', 39),
('Lazaro Cardenas', 39),
('Lindavista', 39),
('Michapa', 39),
('Omitlan', 39),
('Palo Gordo', 39),
('Plan de Lima', 39),
('Potrero Oriental', 39),
('Rufo Figueroa', 39),
('San Agustin', 39),
('San Antonio', 39),
('San Isidro', 39),
('San Jose', 39),
('San Juan del Reparo', 39),
('Tierra Colorada Centro', 39),
('Tlalchiquihuite', 39),
('Tlayolapa', 39),
('Villa Guerrero', 39),
('Vista Alegre', 39),
('Asentamientos Humanos', 40),
('Atlixtac', 40),
('Balzamar', 40),
('Barrio del Rodeo', 40),
('Campo de Aviacion', 40),
('Carrizal de Bravo', 40),
('Chichihualco', 40),
('Coatepec de La Escalera', 40),
('Coatepec del Ocote', 40),
('Corral de Piedra', 40),
('El Mirador', 40),
('El Naranjo', 40),
('Iyotla', 40),
('La Felicidad de García Suazo', 40),
('Las Joyitas', 40),
('La Soledad', 40),
('Los Morros', 40),
('Polixtepec', 40),
('Puerto Gral. Nicolas Bravo', 40),
('Tepozonalco', 40),
('Tierra Colorada', 40),
('Yextla', 40),
('Alacatlazala', 41),
('Colombia de Guadalupe', 41),
('Cuatzoquitengo', 41),
('El Potrerillo (El Potririllo del Rincon)', 41),
('El Rincon (Santa Cruz del Rincon)', 41),
('El Tejocote', 41),
('El Tepeyac', 41),
('La Cienega', 41),
('Laguna Seca', 41),
('La Lucerna', 41),
('La Soledad', 41),
('Llano Pantanoso', 41),
('Loma del Faisan', 41),
('Malinaltepec', 41),
('Meson de Ixtlahuac', 41),
('Mixtecapan', 41),
('Monte Alegre', 41),
('Moyotepec (Moyotepec de Juarez)', 41),
('Ojo de Agua de Cuauhtemoc', 41),
('Paraje Montero (Paraje Montero de Zaragoza)', 41),
('Racho Armando Arce', 41),
('Rancho Ponciano Rea Bruno', 41),
('Rancho Rosalia Candia Rivera', 41),
('Rancho Viejo', 41),
('San Miguel El Progreso', 41),
('Tapayoltepec', 41),
('Tierra Colorada', 41),
('Tilapa', 41),
('Xochiatenco', 41),
('Ahuexotitlan', 42),
('Aixcoalco', 42),
('Analco', 42),
('Apango', 42),
('Hueyitlalpan', 42),
('La Esperanza', 42),
('San Agustin Ostotipan', 42),
('San Juan Totolcintla', 42),
('San Marcos Oacatzingo', 42),
('Tlamamacan', 42),
('Tula del Rio', 42),
('Xicomulco', 42),
('Zotoltitlan', 42),
('Chilixtlahuaca', 43),
('Cocuilotlatzala (Cocuilotlatzala el Viejo)', 43),
('De la Navidad', 43),
('El Coyul', 43),
('Francisco I Madero', 43),
('Huexuapa (San Juan Huexuapa)', 43),
('Itia-Zuti', 43),
('Juanacatlan', 43),
('Lagunilla Yucutuni', 43),
('Metlatonoc', 43),
('Mini Nuhuma', 43),
('Ojo de Pescado', 43),
('Pueblo Viejo', 43),
('San Juan Puerto Montaña', 43),
('San Pablo Atzompa', 43),
('Tehuixtepec', 43),
('Valle Hermoso', 43),
('Yucunduta', 43),
('Yuvinani', 43),
('Zitlaltepec', 43),
('Calpantepec', 44),
('Cenobio Mendoza', 44),
('Chacotla', 44),
('Coatomatitlán', 44),
('Cuaxtlahuacan', 44),
('El Cohuilote', 44),
('El Naranjo', 44),
('El Rincon de Tlapacholapa', 44),
('El Salado', 44),
('Lagunillas', 44),
('La Vieja', 44),
('La Villita', 44),
('Mochitlan Centro', 44),
('Monte Alegre', 44),
('Rancho Viejo', 44),
('Rodeo', 44),
('San Juan', 44),
('San Miguel', 44),
('San Miguelito', 44),
('San Pedro', 44),
('San Roque', 44),
('Tlacotepec', 44),
('Tlapacholapa', 44),
('Tres Cruces', 44),
('Zacaxtlahuacan', 44),
('Zintlanapa', 44),
('Agua Zarca (Zompeltzin)', 45),
('Ahuacatlan', 45),
('Ahuachichilco', 45),
('Ahuitlapilco', 45),
('Amatitlan', 45),
('Amatlicha', 45),
('Atiopan', 45),
('Axoxuca', 45),
('Barranca el Tanque', 45),
('Campanario', 45),
('Cerro de Ahuacatlan', 45),
('Chautipa', 45),
('Chichicastitlan', 45),
('Chichihualcamac (Rancho los Limones)', 45),
('Chilatlajco', 45),
('Ciruelo Amarillo', 45),
('Colonia Altamirano', 45),
('Colonia Benito Juarez', 45),
('Colonia Lazaro Cardenas', 45),
('Colonia Nazareth', 45),
('Colonia San Pedro', 45),
('Colotiopa', 45),
('Coyomitla', 45),
('Coyu', 45),
('Cozahuate', 45),
('Cozahuatitlan', 45),
('Cruz Quemada', 45),
('Cuachichinolco', 45),
('Cuahulotitlan', 45),
('Cuamanalpan', 45),
('Cuatecomatitlan', 45),
('Dos Cruces', 45),
('Duraznotitlan', 45),
('El Aguacate', 45),
('El Ahuaje del Amate Amarillo', 45),
('El Alcanfor', 45),
('El Amate del Letrero', 45),
('El Capire', 45),
('El Carrizo', 45),
('El Conhuehue', 45),
('El Costeño', 45),
('El Cuahuesquite', 45),
('El Cuajilote', 45),
('El Papayo', 45),
('El Paraiso', 45),
('El Plan', 45),
('El Portezuelo', 45),
('El Progreso (Chupandillo)', 45),
('El Refugio', 45),
('El Reparo', 45),
('El Tamarindo', 45),
('El Tecorral', 45),
('El Tejon', 45),
('El Tenanyo', 45),
('El Terrero', 45),
('El Zapote', 45),
('Everardo Torres Patron', 45),
('Hijiutepec', 45),
('Huilotlan', 45),
('Huixcolotitlan', 45),
('Huixcuautla', 45),
('Huizachitepec (Casas Blancas)', 45),
('Iyocingo (Ventanas Iyocingo)', 45),
('La Cañada', 45),
('La Cienega', 45),
('La Coronilla', 45),
('La Cueva del Chochosco', 45),
('La Cumbre', 45),
('La Encinera (Los Terreros)', 45),
('La Escalera', 45),
('La Escondida (El Bordo)', 45),
('La Guadalupita', 45),
('La Huamuchilera', 45),
('La Libertad', 45),
('La Lobera', 45),
('La Loma del Cuauayote', 45),
('La Loma Larga', 45),
('La Montañita', 45),
('La Parota', 45),
('La Pastoria', 45),
('La Presa', 45),
('Las Casitas', 45),
('Las Dos Cruces', 45),
('Las Minas (Tlalchichiltipan)', 45),
('Las Pilas', 45),
('Limontitlan', 45),
('Linda Vista', 45),
('Llano Grande', 45),
('Loma Bonita', 45),
('Loma del Pitayo', 45),
('Loma del Zopilote', 45),
('Loma de Mazatepec (Mazatepec)', 45),
('Loma Larga (El Lambedero)', 45),
('Lomas de Cocoyoc', 45),
('Lomas de Tecojcoyunca', 45),
('Los Atopules', 45),
('Los Cajones', 45),
('Los Hornos', 45),
('Los Laureles (El Cuauayote)', 45),
('Los Mangos', 45),
('Los Tecorrales (Rancho Viejo)', 45),
('Los Terrerillos', 45),
('Metlatijca', 45),
('Mextiopam (Mextiopa)', 45),
('Nantzinyo', 45),
('Ocotitlan', 45),
('Olinala Centro', 45),
('Olinala Uno', 45),
('Palito Redondo (Hijiotepec)', 45),
('Palos Blancos', 45),
('Paraje Chilpancingo', 45),
('Paraje de las Palomas', 45),
('Paso de las Culebras', 45),
('Rancho Alfonso Apresa (El Alcanfor)', 45),
('Rancho Alseseca', 45),
('Rancho Antonio Alonso Apresa', 45),
('Rancho Bacilides Carrasco', 45),
('Rancho Bonito', 45),
('Rancho Buena Vista', 45),
('Rancho Carlos Reyes (Cerro de Quiautepec)', 45),
('Rancho Carmelo Alonso', 45),
('Rancho Constantino Rodríguez (Tenantzingo)', 45),
('Rancho Daniel Reyes', 45),
('Rancho Daniel Reyes II', 45),
('Rancho de la Pila', 45),
('Rancho del Zapote', 45),
('Rancho Don Albertano (Barranca de Tío Julian)', 45),
('Rancho el Capadero', 45),
('Rancho el Consuelo (Eliseo de los Santos)', 45),
('Rancho el Coyotomate', 45),
('Rancho el Limon', 45),
('Rancho el Mirador', 45),
('Rancho Emilio Guevara (Rancho el Zopilote)', 45),
('Rancho Escolastico Mondragon', 45),
('Rancho Francisco Estrada', 45),
('Rancho Hermelindo Patron', 45),
('Rancho Hermelindo Patron (El Organito)', 45),
('Rancho Huauxi (Rancho Ramiro Andreu)', 45),
('Rancho Juan de los Santos', 45),
('Rancho Juan Rodríguez Mancilla', 45),
('Rancho Julian Alonso', 45),
('Rancho Julio Franco', 45),
('Rancho Justino Garcia', 45),
('Rancho la Esperanza (El Crucero de Teticic)', 45),
('Rancho Leonides', 45),
('Rancho Leopoldo Apresa', 45),
('Rancho Llano Grande', 45),
('Rancho los Aguacates', 45),
('Rancho los Dionicio (Rancho la Parota)', 45),
('Rancho los Joselitos', 45),
('Rancho los Laureles', 45),
('Rancho los Nachitos', 45),
('Rancho los Rosendo', 45),
('Rancho Manuel Gonzalez', 45),
('Rancho Miguel Amaro', 45),
('Rancho Miguel Diego', 45),
('Rancho Pablo Martínez (Huixotitlan)', 45),
('Rancho Pablo Vazquez', 45),
('Rancho Rodrigo Gonzaga', 45),
('Rancho Rogelio Andreu', 45),
('Rancho Romulo Andreu (El Totole)', 45),
('Rancho San Nicolas', 45),
('Rancho Saul Acevedo (El Paraje)', 45),
('Rancho Tlaxicalteyo', 45),
('Rancho Victorino Pantaleon', 45),
('Rancho Viejo', 45),
('Rancho Zoilo Franco', 45),
('Rancho Zoquiapa', 45),
('San Andres', 45),
('San Antonio Coyahuacan', 45),
('San Diego', 45),
('San Felipe Amatitlan (Amatitlan)', 45),
('San Francisco', 45),
('San Gabriel', 45),
('San Isidro', 45),
('San Jose', 45),
('San Jose Amoltepec (Amoltepec)', 45),
('San Jose Tecomulco', 45),
('San Lazaro', 45),
('San Sebastian', 45),
('Santa Cruz Lomalapa (Lomalapa)', 45),
('Santa Gertrudis (La Colonia)', 45),
('Shitepec', 45),
('Sicatlan', 45),
('Teapan', 45),
('Tecalquillo', 45),
('Tecojcoyunca', 45),
('Tecolapa', 45),
('Tecolhuitzo', 45),
('Tecorrales', 45),
('Tecorrales de las Minas (Tecorrales)', 45),
('Tecoyahuatlan', 45),
('Tecusiapa (Tecuisiapan)', 45),
('Tecuzijapan (Tecuisiapan)', 45),
('Tehuaxtitlan', 45),
('Tehuixtla', 45),
('Temalacacingo', 45),
('Temolzingo', 45),
('Tencoyahuatlan', 45),
('Tenexcalco', 45),
('Teohuaxtitlan (Tepehuaje)', 45),
('Tepeoleolco', 45),
('Tepetitlan', 45),
('Tepetlacingo', 45),
('Tepexi Blanco', 45),
('Tepozonalco', 45),
('Tetelcingo', 45),
('Teticic', 45),
('Tetlate', 45),
('Texalpa', 45),
('Tierra Colorada', 45),
('Tlacomulco', 45),
('Tlahuancatepec', 45),
('Tlaltenango', 45),
('Tlanitzingo', 45),
('Tlaxco', 45),
('Tomatepec', 45),
('Tres Luces', 45),
('Tuxtlan (Barranca del Tigre)', 45),
('Tzicapotzaltzi', 45),
('Unidos Por Guerrero', 45),
('Viacrucis', 45),
('Vista Hermosa', 45),
('Xalatzingo', 45),
('Xixila', 45),
('Xochimilco', 45),
('Xotla', 45),
('Zacachautipa (Chautipa)', 45),
('Zacamolica', 45),
('Zacango', 45),
('Zacualpa', 45),
('Zolapa', 45),
('Zolocintla', 45),
('Zompepelco', 45),
('Zompepelco Uno (Rancho Viejo)', 45),
('Zontecomatlan', 45),
('Zumpango', 45),
('Acatempan', 46),
('Acatepec', 46),
('Agua Fria', 46),
('Alianza Campesina', 46),
('Angel Aguirre', 46),
('Aviacion', 46),
('Campo Aereo', 46),
('Cereso Ometepec', 46),
('Cerro Grande', 46),
('Charco de La Puerta', 46),
('Cochoapa', 46),
('Cruz de Corazon', 46),
('Cruz Grande', 46),
('Cruz Verde', 46),
('Cumbre de Barranca Honda', 46),
('Dispensario', 46),
('Eladio Aguirre Rivera', 46),
('El Calvario', 46),
('El Capricho', 46),
('El Carmen', 46),
('El Dispensario', 46),
('El Huicon', 46),
('El Mango', 46),
('El Rastro', 46),
('El Sepudo', 46),
('El Talon', 46),
('El Tamarindo', 46),
('El Tanque', 46),
('Fatima', 46),
('FOVISSSTE', 46),
('Hidalgo', 46),
('Huajintepec', 46),
('Huixtepec', 46),
('La Catalina', 46),
('La Concepcion', 46),
('La Ermita', 46),
('La Guadalupe', 46),
('La Hontana', 46),
('La Iglesia', 46),
('La Ladrillera', 46),
('La Libertad', 46),
('La Mira', 46),
('La Montaña', 46),
('La Pila del Monte', 46),
('Las Iguanas', 46),
('La Soledad', 46),
('Las Vigas', 46),
('Lazaro Cardenas', 46),
('Luis Donaldo Colosio', 46),
('Mazapo', 46),
('Milpillas', 46),
('Nabor Ojeda', 46),
('Nicolas Bravo FOVISSSTE', 46),
('Ometepec', 46),
('Pescadillo', 46),
('Piedra Ancha', 46),
('Piedra Boluda', 46),
('Piedra del Tigre', 46),
('Piedra Labrada', 46),
('Pila del Monte', 46),
('PRI', 46),
('Ruperto Hernandez', 46),
('San Antonio', 46),
('San Isidro', 46),
('San Jose', 46),
('San Nicolas', 46),
('Santa Maria', 46),
('Talapa', 46),
('Tierra Blanca', 46),
('Vista Hermosa', 46),
('Zacualpan', 46),
('Zapote Prieto', 46),
('Acatla', 47),
('Agua Colorada', 47),
('Ahuehuetitla', 47),
('Amate Amarillo', 47),
('Atotonilco', 47),
('Azulaquez', 47),
('Cañada del Tepoxonal', 47),
('Cerro Grande', 47),
('Chicahuaca', 47),
('Cirian Grande', 47),
('Cuahuazalpa', 47),
('Cuajinicuila', 47),
('Ixcapaneca', 47),
('Ixcapuzalco', 47),
('Ixtlahuacatengo', 47),
('La Camila (Puente de Dios)', 47),
('Los Sauces', 47),
('Metlixtapa', 47),
('Otates', 47),
('Pericones\r\n', 47),
('Puerto Hondo', 47),
('Rancho Viejo', 47),
('Rincon de Jumapa', 47),
('San Pablo', 47),
('San Pedro Atengo', 47),
('Tecolotlipa', 47),
('Tejocotes', 47),
('Tepatulco', 47),
('Tlanilpa', 47),
('Yahualtengo', 47),
('Zacatlan Grande', 47),
('Arroyo Seco', 48),
('Barra de Potosi', 48),
('Barrio La Hoja', 48),
('Barrio Nuevo', 48),
('Benito Juarez', 48),
('Burocrata', 48),
('Cabritero', 48),
('Camalotito', 48),
('Coyuquilla Norte', 48),
('Coyuquilla Sur', 48),
('De La Hoja', 48),
('Deportiva', 48),
('Ejidal', 48),
('El Arenoso', 48),
('El Barrozal', 48),
('El Calvario', 48),
('El Camalote', 48),
('El Cayacal', 48),
('El Cayuco', 48),
('El Mameyal', 48),
('El Ocote de Cadena', 48),
('El Olivo', 48),
('El Parazal', 48),
('El Parotal', 48),
('El Puente', 48),
('El Sesteadero', 48),
('El Tuzal', 48),
('Emiliano Zapata', 48),
('Gustavo Diaz Ordaz\r\n', 48),
('Juluchuca\r\n', 48),
('La Barrita', 48),
('La Botella', 48),
('La Calera', 48),
('La Chaveta', 48),
('La Esmeralda', 48),
('La Obrera', 48),
('La Palma', 48),
('La Pintada', 48),
('Las Flores', 48),
('Las Mesas', 48),
('Las Palmas', 48),
('Las Peñas', 48),
('Las Salinas', 48),
('Los Enanos', 48),
('Los Mangos', 48),
('Los Pinos', 48),
('Magisterial', 48),
('Mameycito', 48),
('Molonga', 48),
('Morelos', 48),
('Murga', 48),
('Nuevo', 48),
('Palanquilla', 48),
('Palos Blancos', 48),
('Petatlan Centro', 48),
('Potrerillos', 48),
('Rancho Nuevo', 48),
('Rio Chiquito', 48),
('San Jeronimito', 48),
('Soledad de Maciel', 48),
('Vicente Guerrero', 48),
('Zona Roja', 48),
('Amatitlan', 49),
('Cacahuamilpa', 49),
('Chimaltitlan', 49),
('Cuitlapa', 49),
('El Mogote', 49),
('El Platanar', 49),
('El Sauz', 49),
('El Uvalar', 49),
('Grutas de Cacahuamilpa', 49),
('Juchimilpa', 49),
('La Concepcion', 49),
('Piedras Negras', 49),
('Pilcaya', 49),
('Santa Teresa', 49),
('Centro Poniente', 50),
('Chacamerito', 50),
('Chacamero Grande', 50),
('Chuperio', 50),
('Cirian Gordo', 50),
('Ciudad Altamirano Centro', 50),
('Costita', 50),
('El Cohete', 50),
('Esquipula', 50),
('Heriberto Castillo', 50),
('Jario y Pantoja', 50),
('La Bolsa', 50),
('La Estacion', 50),
('Las Juntas de Chacamero', 50),
('Las Querendas', 50),
('Lazaro Cardenas', 50),
('Lindavista', 50),
('Lomas del Valle', 50),
('Los Limones', 50),
('Los Mangos', 50),
('Los Tulipanes', 50),
('Morelos', 50),
('Nuevo Horizonte', 50),
('Placeritos', 50),
('Progreso', 50),
('Rio Balsas', 50),
('San Remo Italia', 50),
('Santa Barbara', 50),
('Sin Agua', 50),
('Tanganhuato', 50),
('Tierra Blanca', 50),
('Timangaro', 50),
('Vicente Guerrero', 50),
('Vicente Riva Palacio', 50),
('Villas Melissa', 50),
('Achigca', 51),
('Aguacatepec', 51),
('Atlitengo', 51),
('Aztatepec', 51),
('Buenavista', 51),
('Colotlipa Centro', 51),
('Coscamila', 51),
('El Aguacate', 51),
('El Cocoyul', 51),
('El Hilamar', 51),
('El Mirador', 51),
('El Naranjo', 51),
('El Refugio', 51),
('El Tejoruco', 51),
('El Tule', 51),
('España', 51),
('Españita', 51),
('Huehuecoyotla', 51),
('Insurgentes', 51),
('Jalapa', 51),
('Jocutla', 51),
('Juxtlahuaca', 51),
('La Parota', 51),
('Las Brisas', 51),
('Libertad', 51),
('Los Manguitos', 51),
('Manila', 51),
('Mezcaltepec', 51),
('Nacaxtlan', 51),
('Nanzintla', 51),
('Naranjitas', 51),
('Naranjuelo', 51),
('Oxtocapa', 51),
('Pinolapa', 51),
('Platanillo', 51),
('Pueblo Viejo', 51),
('Quechultenango Centro', 51),
('Rio Azul', 51),
('San Antonio', 51),
('San Jose', 51),
('San Juan', 51),
('San Martin', 51),
('San Pedro', 51),
('San Sebastian', 51),
('Santa Cruz', 51),
('Santa Fe', 51),
('Teocuitlapa', 51),
('Teozintla', 51),
('Tlanicuilulco', 51),
('Tlanipatitlan', 51),
('Tolixtlahuaca', 51),
('Tonalapa', 51),
('Xochitepec', 51),
('Xochitlan', 51),
('Zalpizaco', 51),
('Zinacantla', 51),
('Zoyapezco', 51),
('Arroyo Cumiapan', 52),
('Arroyo del Mango', 52),
('Arroyo Faisan', 52),
('Arroyo Hoja de Venado', 52),
('Betel', 52),
('Buena Vista', 52),
('Camalotillo (El Camalotillo)', 52),
('Cerro Limon', 52),
('Cerro Zapote', 52),
('Coyul (Coyul Chiquito)', 52),
('Cuanacastitlan', 52),
('El Carmen', 52),
('El Mamey (Plan del Mamey)', 52),
('El Paraiso', 52),
('Hondura Tigre', 52),
('Horcasitas (Atotonilco Horcasitas)', 52),
('Jicamaltepec (El Mango)', 52),
('Jolotichan', 52),
('La Mision', 52),
('La Villa', 52),
('Libertad del Sur', 52),
('Llano Silleta', 52),
('Miahuichan', 52),
('Nejapa', 52),
('Nicolas Bravo', 52),
('Pajarito Chiquito', 52),
('Pajarito Grande (Pajaro Grande)', 52),
('Pascala del Oro', 52),
('Piedra Ancha', 52),
('Playa Larga', 52),
('Potrerillo Cuapinole', 52),
('Poza Verde', 52),
('Pueblo Hidalgo', 52),
('Rio Iguapa', 52),
('San Antonio', 52),
('San Francisco', 52),
('San Isidro', 52),
('San Jose Vista Hermosa', 52),
('San Luis Acatlan Centro', 52),
('San Miguel', 52),
('Tlaxcalixtlahuaca', 52),
('Tuxtepec (Cofradia)', 52),
('Xihuitepec', 52),
('Yoloxochilt', 52),
('Zentixtlahuaca', 52),
('5a Seccion', 53),
('Agua Zarca de La Peña', 53),
('Altamira', 53),
('Alto Ventura', 53),
('Anahuac', 53),
('Arroyo del Limon', 53),
('Barranca Prieta', 53),
('Barrera', 53),
('Caridad', 53),
('Chacalapa de Bravos', 53),
('Chacalapa del Pacifico', 53),
('El Aterrizaje', 53),
('El Cantaro', 53),
('El Coacoyul', 53),
('El Cortes', 53),
('El Cuco', 53),
('El Guayabo', 53),
('El Palomar', 53),
('El Tamarindo', 53),
('El Tanque', 53),
('El Tecomate Nanchal', 53),
('El Tecomate Pesqueria', 53),
('Emiliano Zapata', 53),
('Estero Verde', 53),
('Jardin', 53),
('Jimenez', 53),
('La Barra de Santa Rosa', 53),
('La Colmena', 53),
('Las Cruces', 53),
('Las Lechugas', 53),
('Las Lomitas', 53),
('Las Lomitas de Papagayo', 53),
('Las Mesas', 53),
('Las Minas', 53),
('Las Vigas', 53),
('Llano de La Puerta', 53),
('Llano Grande Via Bravos', 53),
('Moctezuma', 53),
('Monte Alto', 53),
('Nuevo', 53),
('Piedra Blanca', 53),
('Piedra Parada', 53),
('Plan de Quintero', 53),
('Progreso', 53),
('Rancho Nuevo', 53),
('Rancho Viejo', 53),
('Revolucion', 53),
('San Jose Guatemala', 53),
('San Juan Chiquito', 53),
('San Marcos', 53),
('San Miguel', 53),
('Santa Cruz', 53),
('Santa Elena', 53),
('Santa Elena de La Villa', 53),
('Santo Domingo', 53),
('Yucatan de las Flores', 53),
('Coronilla', 54),
('El Aguacate', 54),
('El Barroso', 54),
('El Limon', 54),
('El Remance', 54),
('El Terrero 1', 54),
('El Terrero 2', 54),
('Hacienda Vieja', 54),
('Huerta Vieja', 54),
('Hueyanalco', 54),
('La Comunidad', 54),
('La Gavia', 54),
('Laguna de Hueyanalco', 54),
('Laguna Seca', 54),
('Las Arrastras', 54),
('Las Tunas', 54),
('La Tinaja', 54),
('Lindavista', 54),
('Los Encinos', 54),
('Los Guajes', 54),
('Molino Viejo', 54),
('Otatlan', 54),
('Palos Altos', 54),
('Pandoloma', 54),
('Pericotepec', 54),
('San Antonio Gavia', 54),
('San Francisco', 54),
('San Miguelito', 54),
('San Miguel Totolapan', 54),
('San Nicolas del Oro', 54),
('San Rafael', 54),
('Santa Catarina', 54),
('Santa Elena', 54),
('Santa Maria de las Flores', 54),
('Santa Maria del Sur', 54),
('Santo Tomas', 54),
('Toro Muerto', 54),
('Valle de Santa Elena', 54),
('Valle Luz', 54),
('Villa Hidalgo', 54),
('20 de Noviembre', 55),
('Agua Blanca', 55),
('Arroyo', 55),
('Atache', 55),
('Barrio Constitucion', 55),
('Barrio de los Tajos', 55),
('Barrio Piedra Ancha', 55),
('Barrio San Miguel', 55),
('Bermeja', 55),
('Cantarranas', 55),
('Capilintla', 55),
('Casahuates', 55),
('Casayas', 55),
('Cena Obscura', 55),
('Cereso Taxco', 55),
('Chavarrieta', 55),
('C. N. O. P', 55),
('De Fundiciones', 55),
('De La Garita', 55),
('Del PRI', 55),
('Del Sauce', 55),
('El Arenal', 55),
('El Chorrillo', 55),
('El Espejo', 55),
('El Gigante', 55),
('El Mezquite', 55),
('El Minero', 55),
('El Mineros', 55),
('El Mirador', 55),
('Emiliano Zapata', 55),
('Exconvento', 55),
('FOVISSSTE', 55),
('Guadalupe', 55),
('Huixteco', 55),
('Huiyatengo', 55),
('Infonavit', 55),
('Izotes', 55),
('La Cantera', 55),
('La Florida', 55),
('La Indita', 55),
('La Mision', 55),
('La Mora', 55),
('La Mulata', 55),
('Las Zarzas', 55),
('La Veracruz', 55),
('La Vista', 55),
('Loma Larga', 55),
('Lomas de Taxco', 55),
('Los Adobes', 55),
('Los Cardenistas', 55),
('Los Jales', 55),
('Los Pocitos', 55),
('Martelas', 55),
('Montaña de Plata Infonavit', 55),
('Ojeda', 55),
('Panoramica', 55),
('Panteon', 55),
('Pedro Martín', 55),
('Peninsula Ahuacatitlan', 55),
('Potrero', 55),
('Reforma', 55),
('Ruffo Figueroa', 55),
('Santito', 55),
('Sierra Alta', 55),
('Taxco de Alarcon Centro', 55),
('Vicente Guerrero', 55),
('Villas Marbel', 55),
('Zacatillo', 55),
('Zacazontla', 55),
('3 Palos', 56),
('Barrio Nuevo', 56),
('Buenavista de Allende', 56),
('Carabalincito', 56),
('Chautipa', 56),
('Cruz Quemada', 56),
('El Amatal', 56),
('El Carrizo', 56),
('El Charco', 56),
('El Guayabo', 56),
('El Limon', 56),
('El Pericon', 56),
('El Pochotillo', 56),
('El Potrero', 56),
('El Techale', 56),
('El Tejolote', 56),
('El Tejoruco', 56),
('Huamuchapan', 56),
('Huerta Grande', 56),
('La Estrella', 56),
('Lagunillas', 56),
('La Laja', 56),
('La Perseverancia', 56),
('Las Acacias', 56),
('Las Animas', 56),
('Las Crucitas', 56),
('Las Palmas', 56),
('Los Duendes', 56),
('Los Magueyitos', 56),
('Los Sauces', 56),
('Los Saucitos', 56),
('Magisterios', 56),
('Mecatepec', 56),
('Ochoapa', 56),
('Ocotitlan', 56),
('Parota Seca', 56),
('Parotillas', 56),
('Rancho Nuevo', 56),
('Rancho Viejo', 56),
('San Francisco', 56),
('San Isidro', 56),
('San Juan', 56),
('San Martin', 56),
('Santa Rosa', 56),
('Tecoanapa', 56),
('Tecorral', 56),
('Tecuantepec', 56),
('Tehuitzingo', 56),
('Tejoruquito', 56),
('Tepintepec', 56),
('Tlayoyotepec', 56),
('Villa Hermosa', 56),
('Xalpatlahuac', 56),
('Ajuquiac', 57),
('Caballero Aburto', 57),
('Del PRI', 57),
('El Capire', 57),
('El Cerrito', 57),
('El Corte', 57),
('El Fortin', 57),
('El Panteon', 57),
('El Paracatal', 57),
('El Tanque', 57),
('El Tepetate', 57),
('Emiliano Zapata', 57),
('Francisco I Madero', 57),
('Hermenegildo Galeana', 57),
('Jesus Maria', 57),
('La Capilla', 57),
('La Lagunilla', 57),
('Las Tunas', 57),
('Lindavista', 57),
('Loma Bonita', 57),
('Manuel Abarca', 57),
('Manuel Doblado', 57),
('Ramos', 57),
('Revolucion', 57),
('Tecpan de Galeana Centro', 57),
('Vicente Guerrero', 57),
('Vista Hermosa', 57),
('12 de Mayo', 58),
('20 de Noviembre', 58),
('Acachautla', 58),
('Acatempan', 58),
('Acatlan de La Cruz', 58),
('Ahuacatitlan', 58),
('Ahuehuetla', 58),
('Alahuixtlan', 58),
('Alcholoa', 58),
('Alpixafia', 58),
('Apatzingan', 58),
('Benito Juarez', 58),
('Buenavista de Guadalupe', 58),
('Buenavista del Aire', 58),
('Cacahuatlan', 58),
('Calpantitla', 58),
('Cantorpa de La Ceiba', 58),
('Cerro Alto', 58),
('Chapa', 58),
('Coatepec de los Costales', 58),
('Colotepec', 58),
('Concepcion Pura', 58),
('Cruz Blanca', 58),
('Cruz Grande', 58),
('Dolores', 58),
('El Aguacate', 58),
('El Boliche', 58),
('El Calguaje', 58),
('El Calvario', 58),
('El Capire', 58),
('El Chicuicuilt', 58),
('El Coporito', 58),
('El Duraznal', 58),
('El Encanto', 58),
('El Mirador', 58),
('El Plan del Sabino', 58),
('El Pochote', 58),
('El Resumidero', 58),
('El Sabino', 58),
('El Tanque', 58),
('El Zapote', 58),
('Emiliano Zapata', 58),
('Eutimio Pinzon', 58),
('FOVISSSTE', 58),
('Guadalupe Victoria', 58),
('Hacienda de Oculixtlahuacan', 58),
('Huerta Grande Norte', 58),
('Huerta Grande Sur', 58),
('ISSSTE', 58),
('Ixcaltitlan', 58),
('Ixtazacatla', 58),
('La Concordia', 58),
('La Copalera', 58),
('La Guadalupe', 58),
('Laguna Seca', 58),
('La Magdalena', 58),
('Las Flores', 58),
('Las Neblinas', 58),
('Las Pilas', 58),
('La Union', 58),
('Limones', 58),
('Lindavista', 58),
('Lomas de Atliaca', 58),
('Los Aguajes', 58),
('Los Espinos', 58),
('Los Sabinos', 58),
('Los Sauces', 58),
('Mesas Miraval', 58),
('Larina', 58),
('Mesas Neblinas', 58),
('Mexicapan', 58),
('Miacatzingo', 58),
('Miguel Hidalgo', 58),
('Niños Heroes', 58),
('Oculixtlahuacan', 58),
('Oxtotitlan', 58),
('Ozolotepec', 58),
('Palo Verde', 58),
('Pedregal', 58),
('Pezuapilla y Naranjo', 58),
('Ranchos Nuevos', 58),
('Rio de Sayulapa', 58),
('Ruben Figueroa', 58),
('San Andres', 58),
('San Antonio Guerrero', 58),
('San Francisco', 58),
('San Lorenzo', 58),
('San Miguel', 58),
('Santa Cruz Union', 58),
('Sol Azteca', 58),
('Tehuixtla', 58),
('Teloloapan Centro', 58),
('Tenancingo', 58),
('Tenantitlan', 58),
('Tepozonalquillo', 58),
('Tetzilacatlan', 58),
('Tierra Blanca', 58),
('Tlacuitlapa', 58),
('Tlajocotla', 58),
('Tlalpexco', 58),
('Tlanipatlan', 58),
('Tlanquizolco Ixticapa', 58),
('Tonalapa del Rio', 58),
('Tonalapa del Rio Cuauhtemoc', 58),
('Tonalcual', 58),
('Totoltepec', 58),
('Tuxtla Cuevillas', 58),
('Valle de Xochitl', 58),
('Verdecillo', 58),
('Vicente Guerrero', 58),
('Villa de Ayala', 58),
('Xaxalpa', 58),
('Zacatlancillo', 58),
('Zacatlan de Guerrero', 58),
('Zopiloac', 58),
('Acayahualco', 59),
('Ahuehuepan', 59),
('Cuexcontlan', 59),
('Ejidal', 59),
('El Calvario', 59),
('Las Arboledas', 59),
('Las Tunas', 59),
('La Vima', 59),
('Lazaro Cardenas', 59),
('Maxela', 59),
('Mayanalan', 59),
('Mohonera', 59),
('Padre Jesus', 59),
('Palula', 59),
('Paso de Iguala', 59),
('Progreso', 59),
('Progreso Nacional', 59),
('Pueblo Tepaxtitlan', 59),
('Rincon Chiquito', 59),
('Rincon de La Cocina', 59),
('Sabana Grande', 59),
('San Agustin Oapan', 59),
('San Gabrielito', 59),
('San Juan Tetelcingo', 59),
('San Miguel Tecuixiapan', 59),
('Santa Cruz', 59),
('San Vicente Palapa', 59),
('Sasamulco', 59),
('Tecuescontitlan', 59),
('Tepaxtitlan', 59),
('Tepecoacuilco Centro', 59),
('Tetelilla', 59),
('Tierra Colorada', 59),
('Tonalapa del Sur', 59),
('Valerio Trujano', 59),
('Venta de Palula', 59),
('Xalitla', 59),
('Xochimilco', 59),
('Ahualulco', 60),
('Atencahuites', 60),
('Buenavista del Aguila', 60),
('Chontalcuatlan', 60),
('Chontalpan', 60),
('Coapango', 60),
('Huastelica', 60),
('Las Mesas', 60),
('Los Ailes', 60),
('Malhuantla', 60),
('Noxtepec', 60),
('Palos Verdes', 60),
('Pezuapa', 60),
('Poder de Dios', 60),
('San Andres', 60),
('San Antonio', 60),
('San Gabrielito', 60),
('San Gregorio', 60),
('Santa Cruz', 60),
('Santiago', 60),
('Tecoanapa', 60),
('Tenexcontitlan', 60),
('Tetipac', 60),
('Totonancintla', 60),
('6 de Noviembre', 61),
('Acatempa', 61),
('Adolfo Lopez Mateos', 61),
('Almolonga', 61),
('Amoxtepec', 61),
('Antonia Nava de Catalan', 61),
('Atliaca', 61),
('Ayotzinapa', 61),
('Barrio Monterrey', 61),
('Chichipico', 61),
('Chilacachapa', 61),
('Del Camposanto', 61),
('Del Fortin', 61),
('Del Santuario', 61),
('De Santiago', 61),
('Domingo Sanchez', 61),
('El Ahuejote', 61),
('El Calvario', 61),
('El Durazno', 61),
('El Palito Verde', 61),
('El Potrero', 61),
('El Troncon', 61),
('Emiliano Zapata', 61),
('Ignacio Manuel Altamirano', 61),
('Iyotla', 61),
('Jardines de Tixtla', 61),
('La Alameda', 61),
('La Estacada', 61),
('La Huerta', 61),
('La Villita', 61),
('Lopez Mateos', 61),
('Los Amates', 61),
('Los Manguitos', 61),
('Luis Donaldo Colosio', 61),
('Matlalapa', 61),
('Niños Heroes', 61),
('Ojitos de Agua', 61),
('Plan de Guerrero', 61),
('Rinconada del Zapote', 61),
('Rinconada de Santiago', 61),
('San Agustin', 61),
('San Antonio', 61),
('San Isidro', 61),
('San Jose', 61),
('San Juan Omeapa', 61),
('San Lucas', 61),
('Santa Cecilia', 61),
('Santa Cruz', 61),
('Santuario', 61),
('Tixtla de Guerrero Centro', 61),
('Tlapochinalapa', 61),
('Vicente Guerrero\r\n', 61),
('Villita', 61),
('Zacatzonapa', 61),
('Zoquiapa', 61),
('Cruz Alta', 62),
('Cuananchinicha', 62),
('El Capulin', 62),
('El Limon', 62),
('El Terrero Venado', 62),
('Huehuetonoc', 62),
('Jicayan de Tovar', 62),
('La Guadalupe', 62),
('La Guadalupe Mano de Leon', 62),
('Las Minas', 62),
('La Trinidad', 62),
('Papaloapan', 62),
('Rancho Viejo', 62),
('San Cristobal', 62),
('San Isidro', 62),
('San Jeronimo', 62),
('San Martin', 62),
('San Pedro Cuitlapa', 62),
('Santa Cruz Yucucani', 62),
('Tlacoachistlahuaca', 62),
('Yoloxochitl', 62),
('Carrizal', 63),
('Chirimoyo', 63),
('El Ahuehuete', 63),
('El Campanario', 63),
('El Capulin', 63),
('El Sabino de Guadalupe', 63),
('La Sabana', 63),
('Metlapilapa', 63),
('Tenamazapa', 63),
('Tlacoapa', 63),
('Tlacotepec', 63),
('Totomixtlahuaca', 63),
('Xocoapa', 63),
('Chapultepec', 64),
('Cuauhlotitlan', 64),
('Cuauhtemoc', 64),
('El Aguacate', 64),
('El Paso de Amatitlan', 64),
('La Cacanicua de Arriba', 64),
('La Cienega', 64),
('La Montaña', 64),
('Los Nopales', 64),
('Los Reyes', 64),
('Otlatepec', 64),
('Puerto de Allende', 64),
('San Jacinto', 64),
('San Juan', 64),
('San Miguel Tecomatlán', 64),
('San Vicente', 64),
('Tamarindo del Rio', 64),
('Tenancingo', 64),
('Tlalchapa', 64),
('Tlanexpan', 64),
('Villa Madero', 64),
('Ahuacatitlan', 65),
('Bugambilias', 65),
('De San Pedro\r\n', 65),
('El Calvario', 65),
('El Mirador', 65),
('El Rosario', 65),
('El Tepeyac', 65),
('La Huerta', 65),
('La Luz de Juarez', 65),
('La Rivera', 65),
('Las Animas', 65),
('Las Brisas', 65),
('La Villa', 65),
('Loma Bonita', 65),
('Maria Teresa', 65),
('Mexquititlan', 65),
('San Nicolas', 65),
('Santa Cruz de Guerrero', 65),
('San Vicente', 65),
('Tecoyame de Guadalupe', 65),
('Tlalixtaquilla', 65),
('Tlalixtaquilla Centro', 65),
('Valle Dorado', 65),
('5 de Mayo', 66),
('Atlamajue', 66),
('Aviacion', 66),
('Benito Juarez', 66),
('Buenavista', 66),
('Caltitlan', 66),
('Constitucion', 66),
('Cuauhtemoc', 66),
('Cuba', 66),
('Ejido San Francisco', 66),
('El Dorado', 66),
('El Peligro', 66),
('El Tepeyac', 66),
('Emiliano Zapata', 66),
('Figueroa', 66),
('FOVISSSTE', 66),
('Jardin de Niños', 66),
('La Angostura', 66),
('La Palma', 66),
('Las Mesas', 66),
('Lazaro Cardenas', 66),
('Loma Bonita', 66),
('Los Zapotales', 66),
('Mirasol', 66),
('Monte Sinai', 66),
('Nueva Jerusalen', 66),
('Piramides de Contlalco', 66),
('Rancho la Joya', 66),
('Renacimiento', 66),
('San Antonio', 66),
('San Diego', 66),
('San Francisco', 66),
('San Marcos', 66),
('San Nicolas Vista Hermosa', 66),
('Santa Anita', 66),
('Tepeyac I', 66),
('Tlapa de Comonfort Centro', 66),
('Vicente Guerrero', 66),
('Zona Militar', 66),
('Agua Colorada', 67),
('Almoloyita del Rio', 67),
('Cajarito', 67),
('Carretera', 67),
('Cuetzala', 67),
('El Calvario', 67),
('El Coacoyul', 67),
('El Guayabo', 67),
('El Tanque', 67),
('El Tinoco', 67),
('Esquipula', 67),
('Guadalupano', 67),
('Hacienda Nueva', 67),
('Juarez', 67),
('Las Fraguas', 67),
('Morelita', 67),
('Nueva', 67),
('Nuevo Guerrero', 67),
('Petatlan', 67),
('Rincon del Gallo', 67),
('San Antonio de las Huertas', 67),
('San Isidro', 67),
('San Jeronimo', 67),
('San Jose Poliutla', 67),
('San Juan Mina', 67),
('Santo Niño', 67),
('Tecapulco', 67),
('Tiringueo', 67),
('Tlapehuala Centro', 67),
('Tupatarillo', 67),
('Zaragoza', 67),
('Arroyo Grande', 68),
('Benitez', 68),
('Chutla de Nava', 68),
('Coyuquilla', 68),
('Deportiva', 68),
('Ejidal', 68),
('El Calechoso', 68),
('El Capire', 68),
('El Cedral', 68),
('El Entronque', 68),
('El Huicumo', 68),
('El Limon', 68),
('El Naranjillo', 68),
('El Naranjito', 68),
('El PRI', 68),
('El Reparo', 68),
('El Tibor', 68),
('Estero Colorado', 68),
('Feliciano', 68),
('Joluta', 68),
('Junta de los Rios', 68),
('La Barranca de Marmolejo', 68),
('La Cienega', 68),
('La Estancia', 68),
('Lagunillas', 68),
('La Noria', 68),
('La Payla', 68),
('La Piedra', 68),
('La Salada', 68),
('La Saladita', 68),
('Las Juntas', 68),
('Las Palmitas', 68),
('Las Palmitas', 68),
('La Union Centro', 68),
('Lindavista', 68),
('Los Llanos', 68),
('Magueyes', 68),
('Nuevo Amanecer', 68),
('Petacalco', 68),
('Petatillo', 68),
('Rincon de Cucharatepec', 68),
('San Francisco', 68),
('San Jeronimo', 68),
('Santa Maria', 68),
('Tamacuas', 68),
('Texas', 68),
('Troncones', 68),
('Vallecitos de San Miguel', 68),
('Zacatula', 68),
('Zurcua', 68),
('Cahuatache', 69),
('Cuba Libre', 69),
('De santa Cruz', 69),
('El Platanar', 69),
('Igualita', 69),
('Jilotepec', 69),
('La Victoria', 69),
('Quiahuitlatzala', 69),
('Tlacotla', 69),
('Tlaxco', 69),
('Xalpatlahuac', 69),
('Yerba Santa', 69),
('Zacatipa', 69),
('Acapulco', 70),
('Cacalutla', 70),
('Comitlipa', 70),
('Huehuetecacingo', 70),
('Loma Bonita', 70),
('Tehuaxtitlan', 70),
('Xihuitlipa', 70),
('Xochihuehuetlan', 70),
('Zoyatitlanapa', 70),
('Arroyo Montaña', 71),
('Arroyo Pajaro', 71),
('Cerro Bronco', 71),
('Cerro Verde', 71),
('Cozoyoapan', 71),
('El Carmen', 71),
('El Santiago', 71),
('Guadalupe Victoria', 71),
('Junta de Arroyo Grande', 71),
('La Cienega', 71),
('La Soledad', 71),
('Los Lirios', 71),
('Plan de Guadalupe', 71),
('Plan de Pierna', 71),
('Rancho del Cura Tejeria', 71),
('San Miguel Tejalpan', 71),
('Xochistlahuaca', 71),
('3 Lagunas', 72),
('Ahuixatitla', 72),
('Altiopa', 72),
('Ayotoxtla', 72),
('Cuixapa', 72),
('El Porvenir', 72),
('Escalerilla Lagunas', 72),
('Huitzapula', 72),
('Huixtlatzala', 72),
('Ixtlahuazaca', 72),
('La Laguna del Membrillo', 72),
('Rio San Marcos', 72),
('Tamaloya', 72),
('Yerba Santa', 72),
('Zapotitlan Tablas Centro', 72),
('Alita de Cuapucuaro', 73),
('Aratichanguio', 73),
('Aviacion', 73),
('Buenos Aires', 73),
('Carachurio El Nuevo', 73),
('Catzundaro', 73),
('Centro', 73),
('Cerano', 73),
('Ciriquicho', 73),
('Corutzen', 73),
('Cupuan', 73),
('El Barrio', 73),
('El Naranjo', 73),
('El Ranchito', 73),
('El Terrero', 73),
('Guayameo', 73),
('Huitzataro', 73),
('La Barranca Honda', 73),
('La Hacienda Vieja', 73),
('La Ordeña', 73),
('La Parota', 73),
('La Poza', 73),
('La Quingucua', 73),
('Las Golondrinas', 73),
('Las Humedades', 73),
('Las Pilas', 73),
('Los Alacranes', 73),
('Pandacuareo', 73),
('Puerto Verde', 73),
('San Agustin', 73),
('San Jose del Pilón', 73),
('San Rafael', 73),
('Zirandaro', 73),
('Ziritzicuaro', 73),
('Apancingo', 74),
('Ayotzinapa', 74),
('Azohacapa', 74),
('Calvario', 74),
('Coacoyul', 74),
('Cuapexco', 74),
('De San Francisco', 74),
('Fidel Cuchillo', 74),
('Huixcomulco', 74),
('Ixcatla', 74),
('Las Trancas', 74),
('Mazatepec', 74),
('Ocotitlan', 74),
('Pochahuizco', 74),
('Quetzalcoatlan de las Palmas', 74),
('Rancho de las Lomas', 74),
('San Marcos de las Rosas', 74),
('San Mateo', 74),
('Teyapan', 74),
('Tlaltempanapa', 74),
('Tlapehualapa', 74),
('Tonalapa', 74),
('Topiltepec', 74),
('Viramontes', 74),
('Yetlancingo', 74),
('Zitlala', 74),
('Ahuelican', 75),
('Amatitlan', 75),
('Ameyaltepec', 75),
('Axaxacualco', 75),
('Balsas Sur', 75),
('Carrizalillo', 75),
('Del PRI', 75),
('De Xalpa', 75),
('El Palmar', 75),
('El Refugio', 75),
('El Tepehuaje', 75),
('Huitziltepec', 75),
('Independencia', 75),
('La Guadalupe', 75),
('La Laguna', 75),
('La Noria', 75),
('Loma Bonita', 75),
('Los Arcos', 75),
('Mazapa', 75),
('Mezcala', 75),
('Miraval', 75),
('Papalotepec', 75),
('Ruben Figueroa', 75),
('Sagrado Corazon', 75),
('San Antonio', 75),
('San Francisco', 75),
('San Jose', 75),
('San Martin', 75),
('San Rafael', 75),
('San Sebastian', 75),
('Santa Anita', 75),
('Santa Cecilia', 75),
('Santa Cruz', 75),
('Santiago', 75),
('Santo Tomas', 75),
('Señor Santiago', 75),
('Tecomapa', 75),
('Tlanipatla', 75),
('Tulipanes', 75),
('Universal', 75),
('Venta Vieja', 75),
('Virgen de Juquila', 75),
('Xochipala', 75),
('Zompanzi', 75),
('Zumpango del Río Centro', 75),
('3 Cruces', 76),
('Acatepec', 76),
('Agua Tordillo', 76),
('Agua Xoco', 76),
('Alcamani', 76),
('Apetzuca', 76),
('Barranca Dulce', 76),
('Barranca Piña', 76),
('Barranca Pobre', 76),
('Buena Vista', 76),
('Caxitepec', 76),
('Cerro del Tigre', 76),
('Cerro Pelon', 76),
('Cienega del Sauce', 76),
('Cuixinapa', 76),
('El Aguacate', 76),
('El Camalote', 76),
('El Chirimoyo', 76),
('El Fuereño', 76),
('Escalerilla de Zapata', 76),
('Excanatepec (rio Hacienda)', 76),
('Llano Grande', 76),
('Lomatepec', 76),
('Loma Tuza', 76),
('Mexcalapa', 76),
('Mexcaltepec', 76),
('Pozolapa', 76),
('Tierra Blanca', 76),
('Tierra Colorada', 76),
('Villa de Guadalupe', 76),
('Xilotlancingo', 76),
('Xochitepec', 76),
('Zontecomapa', 76),
('16 de Septiembre', 77),
('18 de Octubre', 77),
('Barranca de Tecoanapa', 77),
('Carrillo', 77),
('Carrizalillo', 77),
('Cruz Verde', 77),
('El Capulin Chocolate', 77),
('El Polvorin', 77),
('ISSSTE', 77),
('La Bocana', 77),
('La Finca O El Palmar', 77),
('La Guadalupe', 77),
('La Noria', 77),
('Marquelia Centro', 77),
('Miramar', 77),
('Plan de Ayala', 77),
('Progreso', 77),
('Tepantitlan', 77),
('Zoyatlan', 77),
('Yalonda', 77),
('Ahuezutla', 78),
('Arroyo Carrizo', 78),
('Arroyo Prieto', 78),
('Arroyo Tigrillo', 78),
('Azoyuc Chiquito', 78),
('Barranca Ceniza', 78),
('Barranca de Aguila', 78),
('Barranca de la Palma', 78),
('Barranca Escondida', 78),
('Barranca Espino', 78),
('Barranca Faisan', 78),
('Barranca Guayabo', 78),
('Barranca Nahuatl', 78),
('Barranca Ocotera', 78),
('Barranca Pobre', 78),
('Barrio del Carmen', 78),
('Barrio de San Agustin', 78),
('Cahuañaña', 78),
('Calpanapa Viejo', 78),
('Cascada del Zorro', 78),
('Cerro de la Garza', 78),
('Cerro de la Lluvia', 78),
('Cerro del Chapulin', 78),
('Cerro Perico', 78),
('Cieneguilla', 78),
('Cochoapa El Grande', 78),
('Colonia Chilpancinguito de los Libres', 78),
('Colonia Guadalupe el Nuevo', 78),
('Colonia los Pinos', 78),
('Colonia Nueva', 78),
('Colonia Rutilio Vazquez', 78),
('Costa Rica', 78),
('Cruz Verde', 78),
('Cuesta Baje', 78),
('Cuetzala Union', 78),
('Divino Pastor', 78),
('Dos Rios', 78),
('El Ciruelo', 78),
('El Limon', 78),
('El Mameyal', 78),
('El Naranjo', 78),
('El Ocotito', 78),
('El Rincon', 78),
('Guadalupe', 78),
('Guadalupe la Joya', 78),
('Hidalgo', 78),
('Hierba Santa', 78),
('Ithia Thiehe', 78),
('Itia Miniñu Un', 78),
('Itiatio', 78),
('Itu', 78),
('Joya Real', 78),
('Juquila', 78),
('Juquila Tikindi', 78),
('La Barca', 78),
('La Cienega', 78),
('Laguna', 78),
('La Joya de Oro', 78),
('La Parota', 78),
('La Puerta del Cielo', 78),
('Lazaro Cardenas', 78),
('Llano de Durazno', 78),
('Llano de Encino', 78),
('Llano de la Chuparrosa', 78),
('Llano de Laguna', 78),
('Llano de la Loma', 78),
('Llano de la Mosca', 78),
('Llano de las Piedras', 78),
('Llano de la Yacua', 78),
('Llano del Burrito', 78),
('Llano del Carmen', 78),
('Llano de Metate', 78),
('Llano de Ocote', 78),
('Llano Perdido', 78),
('Llano Pobre', 78),
('Llano Zacatero', 78),
('Loma Arenal', 78),
('Loma Bonita', 78),
('Loma Canoa', 78),
('Loma Grande', 78),
('Loma San Marcos', 78),
('Loma Tronconal', 78),
('Los Chavez', 78),
('Los Pinos', 78),
('Minatitlan', 78),
('Monte los Pinos', 78),
('Naucalpan de Juarez', 78),
('Ndii Yoo', 78),
('Ndoyo Savi', 78),
('Nueva Jerusalen', 78),
('Nu-u Yaa', 78),
('Ocotepec', 78),
('Ometepec Chiquito', 78),
('Peña Colorada', 78),
('Peña de Venado', 78),
('Pie de Mango', 78),
('Piedra Negra', 78),
('Piedra Silleta', 78),
('Plan Buenavista', 78),
('Pueblo Viejo', 78),
('Rancho de las Flores', 78),
('Rancho de los Hilarios', 78),
('Rancho de San Marcos', 78),
('Rancho Guadalupe (Barranca Pobre)', 78),
('Rancho Juquila de los Pinos', 78),
('Rancho San Martin', 78),
('Rancho Viejo Santa Cruz', 78),
('Rio Cantador Chiquito', 78),
('Rio Corazon', 78),
('Rio de la Víbora', 78),
('Rio Encajonado', 78),
('Rio Hamaca', 78),
('Rio Hoja', 78),
('Rio Olor', 78),
('San Agustin el Viejo', 78),
('San Cristobalito', 78),
('San Isidro', 78),
('San Lorenzo', 78),
('San Lucas', 78),
('San Marcos', 78),
('San Martin Yukuxaki', 78),
('San Miguel', 78),
('San Miguel Amoltepec Nuevo', 78),
('San Miguel Amoltepec Viejo', 78),
('San Pedro el Viejo', 78),
('San Rafael', 78),
('San Sebastian', 78),
('Santa Cruz', 78),
('Santa Maria Cahuañaña', 78),
('Santa Rosa de Maldonado', 78),
('Tierra Blanca', 78),
('Tierra Blanquita', 78),
('Tierra Campesina', 78),
('Tierra Colorada', 78),
('Tierra Colorada Sur', 78),
('Tierra de Algodon', 78),
('Tutun Nde Ita', 78),
('Valle de Maguey', 78),
('Valle Verde', 78),
('Vista Hermosa', 78),
('Xaha Yucundia', 78),
('Xaha Yucu Yaa', 78),
('Xa Kava', 78),
('Xalpa', 78),
('Xiniandiki', 78),
('Yautepec', 78),
('Yoso Chun', 78),
('Yoso Iñu', 78),
('Yoso Kanu', 78),
('Yoso Ndikivi', 78),
('Yoso Ya-a', 78),
('Yozo Canu Nuevo', 78),
('Yozo Chun Chiquito', 78),
('Yozondacua', 78),
('Yozondacua Loma Bonita', 78),
('Yuku Nu Kaxin', 78),
('Yuu Mini', 78),
('Yuu Mini Saa', 78),
('Yuvicani', 78),
('Yuvi Chonu', 78),
('Yuvi Xa Tiyoo', 78),
('Ajacayan Oriente', 79),
('Apozonalco', 79),
('Axoloapa', 79),
('Ayahualtempa', 79),
('Cacalotepec', 79),
('Hueycantenango', 79),
('Ixcatla', 79),
('Mazazontecomac', 79),
('Tepetitlan', 79),
('Tepozcotlaloca', 79),
('Tepozonalco', 79),
('Tomactilican', 79),
('Zelocotitlan', 79),
('Agua Zarca', 80),
('El Aguacate', 80),
('El Coco', 80),
('El Naranjo', 80),
('Juchitan', 80),
('La Cuchilla', 80),
('Rancho Camilo Carmona', 80),
('Rancho Cisneros', 80),
('Rancho el Tarillal (Juan Alarcón Soriano)', 80),
('Rancho Salvador Galindo ((Las Penas)', 80),
('Rancho Urbano Jimenez', 80),
('Rayito de Luna', 80),
('San Jose del Capulin', 80),
('Alchipahuac', 81),
('Arroyo San Pedro', 81),
('Cerro Ardilla', 81),
('Cerro Cuate', 81),
('Cerro Tejon', 81),
('Cruztomahuac', 81),
('Iliatenco', 81),
('San Jose Vista Hermosa', 81),
('REGIDURIA', 82),
('OTRO', 83);

-- --------------------------------------------------------

--
-- Estructura de tabla para la tabla `contacto`
--

CREATE TABLE `contacto` (
  `idContacto` int(11) NOT NULL,
  `NombreContacto` varchar(100) NOT NULL,
  `TelefonoContacto` varchar(10) NOT NULL,
  `OcupacionContacto` varchar(100) DEFAULT NULL,
  `MunicipioContacto` varchar(100) DEFAULT NULL,
  `ColoniaContacto` varchar(100) DEFAULT NULL,
  `CalleContacto` varchar(100) DEFAULT NULL,
  `FotoContacto` varchar(1000) DEFAULT NULL,
  `ContactoActivo` varchar(2) DEFAULT NULL
) ENGINE=InnoDB DEFAULT CHARSET=utf8;

-- --------------------------------------------------------

--
-- Estructura de tabla para la tabla `municipio`
--

CREATE TABLE `municipio` (
  `idMunicipio` int(11) NOT NULL,
  `NombreMunicipio` varchar(45) DEFAULT NULL
) ENGINE=InnoDB DEFAULT CHARSET=utf8;

--
-- Volcado de datos para la tabla `municipio`
--

INSERT INTO `municipio` (`idMunicipio`, `NombreMunicipio`) VALUES
(1, 'Acapulco de Juarez'),
(2, 'Ahuacuotzingo'),
(3, 'Ajuchitlan del Progreso'),
(4, 'Alcozauca de Guerrero'),
(5, 'Alpoyeca'),
(6, 'Apaxtla'),
(7, 'Arcelia'),
(8, 'Atenango del Rio'),
(9, 'Atlamajalcingo del Monte'),
(10, 'Atlixtac'),
(11, 'Atoyac de Alvarez'),
(12, 'Ayutla de los Libres'),
(13, 'Azoyu'),
(14, 'Benito Juarez'),
(15, 'Buenavista de Cuellar'),
(16, 'Coahuayutla de Jose Maria Izazaga'),
(17, 'Cocula'),
(18, 'Copala'),
(19, 'Copalillo'),
(20, 'Copanatoyac'),
(21, 'Coyuca de Benitez'),
(22, 'Coyuca de Catalan'),
(23, 'Cuajinicuilapa'),
(24, 'Cualac'),
(25, 'Cuautepec'),
(26, 'Cuetzala del Progreso'),
(27, 'Cutzamala de Pinzon'),
(28, 'Chilapa de Alvarez'),
(29, 'Chilpancingo de los Bravo'),
(30, 'Florencio Villarreal'),
(31, 'General Canuto A. Neri'),
(32, 'General Heliodoro Castillo'),
(33, 'Huamuxtitlan'),
(34, 'Huitzuco de los Figueroa'),
(35, 'Iguala de la Independencia'),
(36, 'Igualapa'),
(37, 'Ixcateopan de Cuauhtemoc'),
(38, 'Zihuatanejo de Azueta'),
(39, 'Juan R. Escudero'),
(40, 'Leonardo Bravo'),
(41, 'Malinaltepec'),
(42, 'Martir de Cuilapan'),
(43, 'Metlatonoc'),
(44, 'Mochitlan'),
(45, 'Olinala'),
(46, 'Ometepec'),
(47, 'Pedro Ascencio Alquisiras'),
(48, 'Petatlan'),
(49, 'Pilcaya'),
(50, 'Pungarabato'),
(51, 'Quechultenango'),
(52, 'San Luis Acatlan'),
(53, 'San Marcos'),
(54, 'San Miguel Totolapan'),
(55, 'Taxco de Alarcon'),
(56, 'Tecoanapa'),
(57, 'Tecpan de Galeana'),
(58, 'Teloloapan'),
(59, 'Tepecoacuilco de Trujano'),
(60, 'Tetipac'),
(61, 'Tixtla de Guerrero'),
(62, 'Tlacoachistlahuaca'),
(63, 'Tlacoapa'),
(64, 'Tlalchapa'),
(65, 'Tlalixtaquilla de Maldonado'),
(66, 'Tlapa de Comonfort'),
(67, 'Tlapehuala'),
(68, 'La Unión de Isidoro Montes de Oca'),
(69, 'Xalpatlahuac'),
(70, 'Xochihuehuetlan'),
(71, 'Xochistlahuaca'),
(72, 'Zapotitlan Tablas'),
(73, 'Zirandaro'),
(74, 'Zitlala'),
(75, 'Eduardo Neri'),
(76, 'Acatepec'),
(77, 'Marquelia'),
(78, 'Cochoapa el Grande'),
(79, 'Jose Joaquín de Herrera'),
(80, 'Juchitan'),
(81, 'Iliatenco'),
(82, 'REGIDURIA'),
(83, 'OTRO');

-- --------------------------------------------------------

--
-- Estructura de tabla para la tabla `municipios`
--

CREATE TABLE `municipios` (
  `idMunicipio` int(4) NOT NULL,
  `NombreMunicipio` varchar(100) NOT NULL
) ENGINE=InnoDB DEFAULT CHARSET=utf8mb4;

--
-- Volcado de datos para la tabla `municipios`
--

INSERT INTO `municipios` (`idMunicipio`, `NombreMunicipio`) VALUES
(1, 'ACAPULCO DE JUAREZ'),
(2, 'AHUACUOTZINGO'),
(3, 'AJUCHITLAN DEL PROGRESO'),
(4, 'ALCOZAUCA DE GUERRERO'),
(5, 'ALPOYECA'),
(6, 'APAXTLA'),
(7, 'ARCELIA'),
(8, 'ATENANGO DEL RIO'),
(9, 'ATLAMAJALCINGO DEL MONTE'),
(10, 'ATLIXTAC'),
(11, 'ATOYAC DE ALVAREZ'),
(12, 'AYUTLA DE LOS LIBRES'),
(13, 'AZOYU'),
(14, 'BENITO JUAREZ'),
(15, 'BUENAVISTA DE CUELLAR'),
(16, 'COAHUAYUTLA DE JOSE MARIA IZAZAGA'),
(17, 'COCULA'),
(18, 'COPALA'),
(19, 'COPALILLO'),
(20, 'COPANATOYAC'),
(21, 'COYUCA DE BENITEZ'),
(22, 'COYUCA DE CATALAN'),
(23, 'CUAJINICUILAPA'),
(24, 'CUALAC'),
(25, 'CUAUTEPEC'),
(26, 'CUETZALA DEL PROGRESO'),
(27, 'CUTZAMALA DE PINZON'),
(28, 'CHILAPA DE ALVAREZ'),
(29, 'CHILPANCINGO DE LOS BRAVO'),
(30, 'EDUARDO NERI'),
(31, 'FLORENCIO VILLARREAL'),
(32, 'GENERAL CANUTO A. NERI'),
(33, 'GENERAL HELIODORO CASTILLO'),
(34, 'HUAMUXTITLAN'),
(35, 'HUITZUCO DE LOS FIGUEROA'),
(36, 'IGUALA DE LA INDEPENDENCIA'),
(37, 'IGUALAPA'),
(38, 'IXCATEOPAN DE CUAUHTEMOC'),
(39, 'ZIHUATANEJO DE AZUETA'),
(40, 'JUAN R. ESCUDERO'),
(41, 'LEONARDO BRAVO'),
(42, 'MALINALTEPEC'),
(43, 'MARTIR DE CUILAPAN'),
(44, 'METLATONOC'),
(45, 'MOCHITLAN'),
(46, 'OLINALA'),
(47, 'OMETEPEC'),
(48, 'PEDRO ASCENCIO ALQUISIRAS'),
(49, 'PETATLAN'),
(50, 'PILCAYA'),
(51, 'PUNGARABATO'),
(52, 'QUECHULTENANGO'),
(53, 'SAN LUIS ACATLAN'),
(54, 'SAN MARCOS'),
(55, 'SAN MIGUEL TOTOLAPAN'),
(56, 'TAXCO DE ALARCON'),
(57, 'TECOANAPA'),
(58, 'TECPAN DE GALEANA'),
(59, 'TELOLOAPAN'),
(60, 'TEPECOACUILCO DE TRUJANO'),
(61, 'TETIPAC'),
(62, 'TIXTLA DE GUERRERO'),
(63, 'TLACOACHISTLAHUACA'),
(64, 'TLACOAPA'),
(65, 'TLALCHAPA'),
(66, 'TLALIXTAQUILLA DE MALDONADO'),
(67, 'TLAPA DE COMONFORT'),
(68, 'TLAPEHUALA'),
(69, 'LA UNION DE ISIDORO MONTES DE OCA'),
(70, 'XALPATLAHUAC'),
(71, 'XOCHIHUEHUETLAN'),
(72, 'XOCHISTLAHUACA'),
(73, 'ZAPOTITLAN TABLAS'),
(74, 'ZIRANDARO'),
(75, 'ZITLALA'),
(76, 'ACATEPEC'),
(77, 'JOSE JOAQUIN DE HERRERA'),
(78, 'ILIATENCO'),
(79, 'COCHOAPA EL GRANDE'),
(80, 'MARQUELIA'),
(81, 'JUCHITAN'),
(82, 'REGIDURIA'),
(83, 'OTRO');

-- --------------------------------------------------------

--
-- Estructura de tabla para la tabla `secciones`
--

CREATE TABLE `secciones` (
  `id` int(11) NOT NULL,
  `Seccion` int(4) NOT NULL,
  `ColoniaUno` varchar(100) DEFAULT '',
  `ColoniaDos` varchar(100) DEFAULT '',
  `ColoniaTres` varchar(100) DEFAULT '',
  `ColoniaCuatro` varchar(100) DEFAULT '',
  `ColoniaCinco` varchar(100) DEFAULT '',
  `ColoniaSeis` varchar(100) NOT NULL DEFAULT '',
  `ColoniaSiete` varchar(100) NOT NULL DEFAULT '',
  `ColoniaOcho` varchar(100) NOT NULL DEFAULT '',
  `ColoniaNueve` varchar(100) NOT NULL DEFAULT '',
  `ColoniaDiez` varchar(100) NOT NULL DEFAULT '',
  `ColoniaOnce` varchar(100) NOT NULL DEFAULT '',
  `ColoniaDoce` varchar(100) NOT NULL DEFAULT '',
  `ColoniaTrece` varchar(100) NOT NULL DEFAULT '',
  `ColoniaCatorce` varchar(100) NOT NULL DEFAULT '',
  `ColoniaQuince` varchar(100) NOT NULL DEFAULT '',
  `ClaveMunicipio` int(4) NOT NULL
) ENGINE=InnoDB DEFAULT CHARSET=utf8mb4;

--
-- Volcado de datos para la tabla `secciones`
--

INSERT INTO `secciones` (`id`, `Seccion`, `ColoniaUno`, `ColoniaDos`, `ColoniaTres`, `ColoniaCuatro`, `ColoniaCinco`, `ColoniaSeis`, `ColoniaSiete`, `ColoniaOcho`, `ColoniaNueve`, `ColoniaDiez`, `ColoniaOnce`, `ColoniaDoce`, `ColoniaTrece`, `ColoniaCatorce`, `ColoniaQuince`, `ClaveMunicipio`) VALUES
(1, 1, 'JARDIN AZTECA', 'OTRO', '', '', '', '', '', '', '', '', '', '', '', '', '', 1),
(2, 2, 'JARDIN AZTECA', 'JARDIN MANGOS', 'CORREGIDORA', 'OTRO', '', '', '', '', '', '', '', '', '', '', '', 1),
(3, 3, 'NUEVA JERUSALEN', 'ANGEL AGUIRRE RIVERO', '20 DE ABRIL', 'OTRO', '', '', '', '', '', '', '', '', '', '', '', 1),
(4, 4, 'JARDIN MANGOS', '20 DE ABRIL', 'OTRO', '', '', '', '', '', '', '', '', '', '', '', '', 1),
(5, 5, 'JARDIN MANGOS', 'OTRO', '', '', '', '', '', '', '', '', '', '', '', '', '', 1),
(6, 6, 'JARDIN MANGOS', 'OTRO', '', '', '', '', '', '', '', '', '', '', '', '', '', 1),
(7, 7, 'JARDIN MANGOS', 'OTRO', '', '', '', '', '', '', '', '', '', '', '', '', '', 1),
(8, 8, 'JARDIN PALMAS', 'JARDIN MANGOS', 'OTRO', '', '', '', '', '', '', '', '', '', '', '', '', 1),
(9, 9, 'JARDIN PALMAS', 'JARDIN MANGOS', 'OTRO', '', '', '', '', '', '', '', '', '', '', '', '', 1),
(10, 10, 'JARDIN PALMAS', 'JARDIN MANGOS', 'OTRO', '', '', '', '', '', '', '', '', '', '', '', '', 1),
(11, 11, 'JARDIN PALMAS', 'LINDA VISTA', 'OTRO', '', '', '', '', '', '', '', '', '', '', '', '', 1),
(12, 12, 'JARDIN PALMAS', 'OTRO', '', '', '', '', '', '', '', '', '', '', '', '', '', 1),
(13, 13, 'JARDIN PALMAS', 'JARDIN MANGOS', 'TABACHINES', 'COSTA BRAVA TERRANOVA', 'BALCONES AL MAR', 'OTRO', '', '', '', '', '', '', '', '', '', 1),
(14, 14, 'JARDIN PALMAS', 'BALCONES AL MAR', 'OTRO', '', '', '', '', '', '', '', '', '', '', '', '', 1),
(15, 15, 'JARDIN PALMAS', 'OTRO', '', '', '', '', '', '', '', '', '', '', '', '', '', 1),
(16, 16, 'JARDIN PALMAS', 'CAMBIO XXI', 'OTRO', '', '', '', '', '', '', '', '', '', '', '', '', 1),
(17, 17, 'JARDIN PALMAS', 'OTRO', '', '', '', '', '', '', '', '', '', '', '', '', '', 1),
(18, 18, 'JARDIN PALMAS', 'BALCONES AL MAR', 'LAS JOYAS', 'VISTAMAR', 'EXCAMPO DE TIRO', 'OTRO', '', '', '', '', '', '', '', '', '', 1),
(19, 19, 'VISTA AZUL / JARDINES AL MAR', 'RUBEN JARAMILLO', 'BALCONE AL MAR', 'NUEVA ERA', 'UNIVERSITARIA II', 'GENERACION 2000', 'EXCAMPO DE TIRO', 'RICARDO MORLETT SUTTER', 'SEMARNAP', 'NUEVO HORIZONTE', 'BRISAS DEL PALMAR', 'VISTA AL MAR', 'OTRO', '', '', 1),
(20, 20, 'SANTA CECILIA', 'OTRO', '', '', '', '', '', '', '', '', '', '', '', '', '', 1),
(21, 21, 'CONSTITUYENTES', 'OTRO', '', '', '', '', '', '', '', '', '', '', '', '', '', 1),
(22, 22, 'EL MIRADOR', 'OTRO', '', '', '', '', '', '', '', '', '', '', '', '', '', 1),
(23, 23, 'MORELOS', 'EL MIRADOR', 'OTRO', '', '', '', '', '', '', '', '', '', '', '', '', 1),
(24, 24, 'CERRO DEL VENADO', 'OTRO', '', '', '', '', '', '', '', '', '', '', '', '', '', 1),
(25, 25, 'OTRO', '', '', '', '', '', '', '', '', '', '', '', '', '', '', 1),
(26, 26, 'MORELOS', 'OTRO', '', '', '', '', '', '', '', '', '', '', '', '', '', 1),
(27, 27, 'MORELOS', 'BELLAVISTA', 'FUERTE DE SAN DIEGO', 'OTRO', '', '', '', '', '', '', '', '', '', '', '', 1),
(28, 28, 'ALTA CUAUHTEMOC', 'OTRO', '', '', '', '', '', '', '', '', '', '', '', '', '', 1),
(29, 29, 'JUAN R ESCUDERO', 'OTRO', '', '', '', '', '', '', '', '', '', '', '', '', '', 1),
(30, 30, 'SILVESTRE CASTRO', 'MARTIRES DE 68', 'OTRO', '', '', '', '', '', '', '', '', '', '', '', '', 1),
(31, 31, 'SOLIDARIDAD MOZIMBA', 'ANTORCHA REVOLUCIONARIA', 'CHORRILLO MOZIMBA', 'VENUSTIANO CARRANZA', 'ALTOS DEL TAMARINDO', 'UNIVERSITARIA I', 'LOMAS DE LOS TAMARINDOS', 'OTRO', '', '', '', '', '', '', '', 1),
(32, 32, 'LOPEZ PORTILLO', 'OTRO', '', '', '', '', '', '', '', '', '', '', '', '', '', 1),
(33, 33, 'LOPEZ PORTILLO', 'VILLA GRANJAS', 'JUAN R ESCUDERO', 'OTRO', '', '', '', '', '', '', '', '', '', '', '', 1),
(34, 34, 'CUAUHTEMOC', 'OTRO', '', '', '', '', '', '', '', '', '', '', '', '', '', 1),
(35, 35, 'CUAUHTEMOC', 'OTRO', '', '', '', '', '', '', '', '', '', '', '', '', '', 1),
(36, 36, 'BELLA VISTA', 'ALTA BELLAVISTA', 'OTRO', '', '', '', '', '', '', '', '', '', '', '', '', 1),
(37, 37, 'MORELOS', 'ALTA BELLAVISTA', 'OTRO', '', '', '', '', '', '', '', '', '', '', '', '', 1),
(38, 38, 'MORELOS', 'OTRO', '', '', '', '', '', '', '', '', '', '', '', '', '', 1),
(39, 39, 'VISTA ALEGRE', 'OTRO', '', '', '', '', '', '', '', '', '', '', '', '', '', 1),
(40, 40, 'PROGRESO', '', '', '', '', '', '', '', '', '', '', '', '', '', '', 1),
(41, 41, 'MORELOS', 'BELLA VISTA', 'VISTA ALEGRE', 'OTRO', '', '', '', '', '', '', '', '', '', '', '', 1),
(42, 42, 'BELLA VISTA', 'VISTA ALEGRE', 'OTRO', '', '', '', '', '', '', '', '', '', '', '', '', 1),
(43, 43, 'BELLA VISTA', 'OTRO', '', '', '', '', '', '', '', '', '', '', '', '', '', 1),
(44, 44, 'BELLA VISTA', 'OTRO', '', '', '', '', '', '', '', '', '', '', '', '', '', 1),
(45, 45, 'CUAUHTEMOC', 'OTRO', '', '', '', '', '', '', '', '', '', '', '', '', '', 1),
(46, 46, 'CUAUHTEMOC', 'OTRO', '', '', '', '', '', '', '', '', '', '', '', '', '', 1),
(47, 47, 'JUAN R ESCUDERO', 'OTRO', '', '', '', '', '', '', '', '', '', '', '', '', '', 1),
(48, 48, 'FRACC. MOZIMBA', 'OTRO', '', '', '', '', '', '', '', '', '', '', '', '', '', 1),
(49, 49, 'FRACC. MOZIMBA', 'FRACC. MARBELLA', '', '', '', '', '', '', '', '', '', '', '', '', '', 1),
(50, 50, 'LA MIRA', 'PUESTA DEL SOL', 'FRACC. RESIDENCIAL DEL MAR', 'ADOLFO LOPEZ MATEOS', 'OTRO', '', '', '', '', '', '', '', '', '', '', 1),
(51, 51, 'ADOLFO LOPEZ MATEOS', 'OTRO', '', '', '', '', '', '', '', '', '', '', '', '', '', 1),
(52, 52, 'LA MIRA', 'LAS MARAÑONAS', 'OTRO', '', '', '', '', '', '', '', '', '', '', '', '', 1),
(53, 53, 'HOGAR MODERNO', 'OTRO', '', '', '', '', '', '', '', '', '', '', '', '', '', 1),
(54, 54, 'HOGAR MODERNO', 'AGUAS BLANCAS', 'OTRO', '', '', '', '', '', '', '', '', '', '', '', '', 1),
(55, 55, 'AGUAS BLANCAS', 'CARABALI', 'VISTA ALEGRE', 'LA FABRICA', 'OTRO', '', '', '', '', '', '', '', '', '', '', 1),
(56, 56, 'PROGRESO', 'OTRO', '', '', '', '', '', '', '', '', '', '', '', '', '', 1),
(57, 57, 'PROGRESO', 'OTRO', '', '', '', '', '', '', '', '', '', '', '', '', '', 1),
(58, 58, 'PROGRESO', 'OTRO', '', '', '', '', '', '', '', '', '', '', '', '', '', 1),
(59, 59, 'PROGRESO', 'OTRO', '', '', '', '', '', '', '', '', '', '', '', '', '', 1),
(60, 60, 'PROGRESO', 'OTRO', '', '', '', '', '', '', '', '', '', '', '', '', '', 1),
(61, 61, 'PROGRESO', 'OTRO', '', '', '', '', '', '', '', '', '', '', '', '', '', 1),
(62, 62, 'PROGRESO', 'OTRO', '', '', '', '', '', '', '', '', '', '', '', '', '', 1),
(63, 63, 'PROGRESO', 'OTRO', '', '', '', '', '', '', '', '', '', '', '', '', '', 1),
(64, 64, 'LA FABRICA', 'OTRO', '', '', '', '', '', '', '', '', '', '', '', '', '', 1),
(65, 65, 'CARABALI', 'OTRO', '', '', '', '', '', '', '', '', '', '', '', '', '', 1),
(66, 66, 'MIGUEL ALEMAN', 'PALMAR DEL CARABALI', 'OTRO', '', '', '', '', '', '', '', '', '', '', '', '', 1),
(67, 67, 'MIGUEL ALEMAN', 'OTRO', '', '', '', '', '', '', '', '', '', '', '', '', '', 1),
(68, 68, 'HOGAR MODERNO', 'OTRO', '', '', '', '', '', '', '', '', '', '', '', '', '', 1),
(69, 69, 'OTRO', '', '', '', '', '', '', '', '', '', '', '', '', '', '', 1),
(70, 70, 'LA MIRA', 'OTRO', '', '', '', '', '', '', '', '', '', '', '', '', '', 1),
(71, 71, 'LA MIRA', 'LOS NARANJITOS', 'OTRO', '', '', '', '', '', '', '', '', '', '', '', '', 1),
(72, 72, 'SANTA ROSITA', 'LOS NARANJOS', 'ESTADO GUERRERO', 'OTRO', '', '', '', '', '', '', '', '', '', '', '', 1),
(73, 73, 'MUNICIPAL', 'BARRIO DEL PASITO', 'LA CRUCITA', 'OTRO', '', '', '', '', '', '', '', '', '', '', '', 1),
(74, 74, 'BARRIO DEL PASITO', 'BARR. DEL HUESO', 'OTRO', '', '', '', '', '', '', '', '', '', '', '', '', 1),
(75, 75, 'BARR. DEL PANTEON', 'BARR. DE LA CUERERIA', 'OTRO', '', '', '', '', '', '', '', '', '', '', '', '', 1),
(76, 76, 'PROGRESO', 'CENTRO', 'OTRO', '', '', '', '', '', '', '', '', '', '', '', '', 1),
(77, 77, 'PROGRESO', 'OTRO', '', '', '', '', '', '', '', '', '', '', '', '', '', 1),
(78, 78, 'PROGRESO', 'OTRO', '', '', '', '', '', '', '', '', '', '', '', '', '', 1),
(79, 79, 'PROGRESO', 'OTRO', '', '', '', '', '', '', '', '', '', '', '', '', '', 1),
(80, 80, 'PROGRESO', 'OTRO', '', '', '', '', '', '', '', '', '', '', '', '', '', 1),
(81, 81, 'CENTRO', 'FRACC. HORNOS INSURGENTES', 'OTRO', '', '', '', '', '', '', '', '', '', '', '', '', 1),
(82, 82, 'BARR. DE LA CUERERIA', 'OTRO', '', '', '', '', '', '', '', '', '', '', '', '', '', 1),
(83, 83, 'BARR. DE LA LIMA', 'OTRO', '', '', '', '', '', '', '', '', '', '', '', '', '', 1),
(84, 84, 'CENTRO', 'OTRO', '', '', '', '', '', '', '', '', '', '', '', '', '', 1),
(85, 85, 'BARR. DEL CAPIRE', 'OTRO', '', '', '', '', '', '', '', '', '', '', '', '', '', 1),
(86, 86, 'BARR. DEL CAPIRE', 'BARR. POZO DE LA NACION', 'OTRO', '', '', '', '', '', '', '', '', '', '', '', '', 1),
(87, 87, 'BARR. DEL TANQUE / LAS CRUCITAS', 'OTRO', '', '', '', '', '', '', '', '', '', '', '', '', '', 1),
(88, 88, 'BARR. POZO DE LA NACION', 'OTRO', '', '', '', '', '', '', '', '', '', '', '', '', '', 1),
(89, 89, 'LOS NARANJITOS', 'BARR. LA CRUCITA', 'OTRO', '', '', '', '', '', '', '', '', '', '', '', '', 1),
(90, 90, 'BARR. LA GUINEA', 'OTRO', '', '', '', '', '', '', '', '', '', '', '', '', '', 1),
(91, 91, 'LA MIRA', 'OTRO', '', '', '', '', '', '', '', '', '', '', '', '', '', 1),
(92, 92, 'AMPLIACION LA MIRA', 'BARR. DE LOS TEPETATES', 'OTRO', '', '', '', '', '', '', '', '', '', '', '', '', 1),
(93, 93, 'BARR. DE LOS TEPETATES', 'BARR. LA DOBERIA (LA POZA)', 'OTRO', '', '', '', '', '', '', '', '', '', '', '', '', 1),
(94, 94, 'BARR. LA GUINEA', 'BARR. DEL TECONCHE', 'OTRO', '', '', '', '', '', '', '', '', '', '', '', '', 1),
(95, 95, 'CENTRO', 'OTRO', '', '', '', '', '', '', '', '', '', '', '', '', '', 1),
(96, 97, 'CENTRO', 'BARR. PETAQUILLAS', 'OTRO', '', '', '', '', '', '', '', '', '', '', '', '', 1),
(97, 98, 'CENTRO', 'OTRO', '', '', '', '', '', '', '', '', '', '', '', '', '', 1),
(98, 99, 'CENTRO', 'OTRO', '', '', '', '', '', '', '', '', '', '', '', '', '', 1),
(99, 100, 'CENTRO', 'BARR. DE LA PINZONA Y (DEL MENZON)', 'OTRO', '', '', '', '', '', '', '', '', '', '', '', '', 1),
(100, 101, 'BARR. DE LA CANDELARIA', 'OTRO', '', '', '', '', '', '', '', '', '', '', '', '', '', 1),
(101, 102, 'FRACC. LAS PLAYAS', 'OTRO', '', '', '', '', '', '', '', '', '', '', '', '', '', 1),
(102, 103, 'FRACC. LAS PLAYAS', 'OTRO', '', '', '', '', '', '', '', '', '', '', '', '', '', 1),
(103, 104, 'FRACC. LAS PLAYAS', 'OTRO', '', '', '', '', '', '', '', '', '', '', '', '', '', 1),
(104, 105, 'FRACC. LAS PLAYAS', 'OTRO', '', '', '', '', '', '', '', '', '', '', '', '', '', 1),
(105, 106, 'FRACC. LAS PLAYAS', 'VISTA DEL MAR', 'OTRO', '', '', '', '', '', '', '', '', '', '', '', '', 1),
(106, 107, 'FRACC. LAS PLAYAS', 'OTRO', '', '', '', '', '', '', '', '', '', '', '', '', '', 1),
(107, 108, 'FRACC. LAS PLAYAS', 'BARR. TAMBUCO', 'OTRO', '', '', '', '', '', '', '', '', '', '', '', '', 1),
(108, 109, 'FRACC. LAS PLAYAS', 'OTRO', '', '', '', '', '', '', '', '', '', '', '', '', '', 1),
(109, 110, 'LOS MANGOS', 'SECTOR TRES PALMITAS', 'EL PEDREGOSO', 'AGUILA DEL SUR', 'PUESTA DEL SOL', 'LUCIO CABAÑAS', 'OTRO', '', '', '', '', '', '', '', '', 1),
(110, 111, 'JACARANDAS', 'AMPLIACION JACARANDAS', 'AMPLIACION SINAI', 'ALIANZA DE LOS TRABAJADORES', 'OTRO', '', '', '', '', '', '', '', '', '', '', 1),
(111, 112, 'VILLA DE LAS FLORES', 'LAS TORRES', 'IZAZAGA', 'AMPLIACION IZAZAGA', 'NARCIZO MENDOZA', 'OTRO', '', '', '', '', '', '', '', '', '', 1),
(112, 113, 'SOL AZTECA', 'CASAS HOMEX', 'VILLA DE LAS FLORES', 'CHE GUEVARA', 'GENARO VAZQUEZ ROJAS', 'PLAN DE AYUTLA', 'IZAZAGA', 'ROBERTO ESPERON', 'INDEPENDENCIA', 'OTRO', '', '', '', '', '', 1),
(113, 114, 'LEYES DE REFORMA', 'ROBERTO ESPERON', 'LA MICA', 'AMPLIACION LA MICA', 'BELLA VISTA', 'LINDA VISTA', 'AMPLIACION EL PORVENIR', 'VILLAS REAL HACIENDA', 'EL QUEMADO', 'EL PORVENIR', 'AMP CASITAS', 'OTRO', '', '', '', 1),
(114, 115, 'LA VENTA', 'BARRIO NUEVO DE LA VENTA', 'OTRO', '', '', '', '', '', '', '', '', '', '', '', '', 1),
(115, 116, 'LA VENTA', 'OTRO', '', '', '', '', '', '', '', '', '', '', '', '', '', 1),
(116, 117, 'LOMAS DE LA AUTOPISTA', 'ECOLOGISTA', 'CTON. ARENAS', 'LAS ARENAS', 'BETANIA', 'LA VENTA', 'EL TANQUE', 'AMPLIACION LA MICA', 'LA ESMERALDA', 'U HAB. LA MICA', 'U HAB. CHE-GUEVARA', 'OTRO', '', '', '', 1),
(117, 118, 'LA VENTA', 'AMPLIACION LA MICA', 'EL TANQUE', 'PALMERA', 'AMPLIACION LA VENTA', 'LUIS DONALDO COLOSIO', 'EMPERADOR MOCTEZUMA', 'OTRO', '', '', '', '', '', '', '', 1),
(118, 119, 'NOPALITOS', 'LEYES DE REFORMA', 'BATALLA CARDENISTA', 'PASO LIMONERO', '2 DE FEBRERO', 'NABOR OJEDA', 'OTRO', '', '', '', '', '', '', '', '', 1),
(119, 120, '2 DE FEBRERO', 'NABOR OJEDA', 'NARCIZO MENDOZA', 'INDEPENDENCIA', 'OTRO', '', '', '', '', '', '', '', '', '', '', 1),
(120, 121, 'SINAI', 'OTRO', '', '', '', '', '', '', '', '', '', '', '', '', '', 1),
(121, 122, 'SAN MIGUEL', 'YOLOZOCHILT', 'ZARAHEMLA / ALTA SINAI', 'ALBORADA', 'SINAI', 'AMPLIACION SINAI', 'LA VOZ DE LA MONTAÑA', 'OTRO', '', '', '', '', '', '', '', 1),
(122, 123, 'AMPL. SAN ISIDRO', 'BELLA VISTA', 'ALTO DE SAN ISIDRO', 'AMPL. SAN ISIDRO', 'OTRO', '', '', '', '', '', '', '', '', '', '', 1),
(123, 124, 'SAN ISIDRO', 'AMPL. SAN ISIDRO', 'PIE DE LA CUESTA', 'OTRO', '', '', '', '', '', '', '', '', '', '', '', 1),
(124, 125, 'EL PEDREGOSO', 'LAGO DORADO', 'SAN ISIDRO', 'EL CERRITO DE LA LAGUNA', 'PIE DE LA CUESTA', 'PLAYA PIE DE LA CUESTA', 'BRISAS DEL MAR', 'OTRO', '', '', '', '', '', '', '', 1),
(125, 126, 'FUERZA AEREA', 'PLAYA PIE DE LA CUESTA', 'OTRO', '', '', '', '', '', '', '', '', '', '', '', '', 1),
(126, 127, 'JUAN SALGADO TENORIO', 'CAUDILLOS DEL SUR', '24 DE OCTUBRE', 'LOMAS VERDES', 'MEXICO', 'EMILIANO ZAPATA', 'OTRO', '', '', '', '', '', '', '', '', 1),
(127, 128, 'COSTA REAL', 'ALBORADA', 'C N C', 'LOMAS VERDES', 'HACIENDA', 'SINAI', 'FIDEL VELAZQUEZ', 'MEXICO', 'OTRO', '', '', '', '', '', '', 1),
(128, 129, 'TIERRA Y LIBERTAD', 'EMILIANO ZAPATA', 'OTRO', '', '', '', '', '', '', '', '', '', '', '', '', 1),
(129, 130, 'AMPLIACION EMILIANO ZAPATA', 'OTRO', '', '', '', '', '', '', '', '', '', '', '', '', '', 1),
(130, 131, 'FLORES MAGN', 'GRACIANO SANCHEZ', 'SINA', 'OTRO', '', '', '', '', '', '', '', '', '', '', '', 1),
(131, 132, 'POSTAL', 'OTRO', '', '', '', '', '', '', '', '', '', '', '', '', '', 1),
(132, 133, 'POSTAL', 'TECNOLOGICA', '2 DE FREBRERO', 'OTRO', '', '', '', '', '', '', '', '', '', '', '', 1),
(133, 134, 'LUIS DONALDO COLOSIO', 'AMPLIACION LA VENTA', 'VISTA HERMOSA', 'PARAISO', 'AGRICOLA', 'FRACC. GUERRERO ES PRIMERO', 'ARROYO SECO _SECCION CAPAMA', 'ARBOLEDAS', 'LAS FLORES', 'OTRO', '', '', '', '', '', 1),
(134, 135, 'LA GLORIA', 'U HAB. LA CAMARA', 'ARBOLEDAS', 'ARROYO SECO', 'NUEVA REVOLUCION', 'FRACC. VIÑAS DEL MAR', 'OTRO', '', '', '', '', '', '', '', '', 1),
(135, 136, 'EMPERADOR MOCTEZUMA', 'VISTA HERMOSA', 'ARROYO SECO', 'FRACC. VILLA SOL', 'OTRO', '', '', '', '', '', '', '', '', '', '', 1),
(136, 137, 'CIUDAD RENACIMIENTO', 'OTRO', '', '', '', '', '', '', '', '', '', '', '', '', '', 1),
(137, 138, 'POSTAL', 'FRACC. ARBOLEDA', 'OTRO', '', '', '', '', '', '', '', '', '', '', '', '', 1),
(138, 139, 'POSTAL', 'EMILIANO ZAPATA', 'OTRO', '', '', '', '', '', '', '', '', '', '', '', '', 1),
(139, 140, 'EMILIANO ZAPATA', 'OTRO', '', '', '', '', '', '', '', '', '', '', '', '', '', 1),
(140, 141, 'EMILIANO ZAPATA', 'OTRO', '', '', '', '', '', '', '', '', '', '', '', '', '', 1),
(141, 142, 'EMILIANO ZAPATA', 'LEONA VICARIO', 'OTRO', '', '', '', '', '', '', '', '', '', '', '', '', 1),
(142, 143, 'CAUDILLOS DEL SUR', '24 DE OCTUBRE', 'GUADALUPE VICTORIA', 'CONSTITUCION', 'EL PALMAR', 'SIMON BOLIVAR', 'AMPLIACION SIMON BOLIVAR', 'INSURGENTES SUR', 'MOVIMIENTO SOCIAL', 'OBRERA 10 DE DICIEMBRE', 'UNIDAD CIUDADANA', 'LOMAS DEL PEDREGAL', 'LA PEDRERA', 'BOSQUES DEL PEDREGAL', 'OTRO', 1),
(143, 144, 'SIMON BOLIVAR', 'EMILIANO ZAPATA', 'OTRO', '', '', '', '', '', '', '', '', '', '', '', '', 1),
(144, 145, 'EMILIANO ZAPATA', 'JOSE LOPEZ PORTILLO', 'AMPLIACION JOSE LOPEZ PORTILLO', 'OTRO', '', '', '', '', '', '', '', '', '', '', '', 1),
(145, 146, 'EMILIANO ZAPATA', 'JOSE LOPEZ PORTILLO', 'AMPLIACION JOSE LOPEZ PORTILLO', 'OTRO', '', '', '', '', '', '', '', '', '', '', '', 1),
(146, 147, 'EMILIANO ZAPATA', 'OTRO', '', '', '', '', '', '', '', '', '', '', '', '', '', 1),
(147, 148, 'EMILIANO ZAPATA', 'OTRO', '', '', '', '', '', '', '', '', '', '', '', '', '', 1),
(148, 149, 'POSTAL', 'EMILIANO ZAPATA', 'OTRO', '', '', '', '', '', '', '', '', '', '', '', '', 1),
(149, 150, 'CIUDAD RENACIMIENTO', 'OTRO', '', '', '', '', '', '', '', '', '', '', '', '', '', 1),
(150, 151, 'EJ. LUIS LEONARDO', 'POSTAL', 'U HAB. ELECTRICISTAS', 'OTRO', '', '', '', '', '', '', '', '', '', '', '', 1),
(151, 152, 'CIUDAD RENACIMIENTO', 'OTRO', '', '', '', '', '', '', '', '', '', '', '', '', '', 1),
(152, 153, 'CIUDAD RENACIMIENTO', 'OTRO', '', '', '', '', '', '', '', '', '', '', '', '', '', 1),
(153, 154, 'CIUDAD RENACIMIENTO', 'OTRO', '', '', '', '', '', '', '', '', '', '', '', '', '', 1),
(154, 155, 'CIUDAD RENACIMIENTO', 'OTRO', '', '', '', '', '', '', '', '', '', '', '', '', '', 1),
(155, 156, 'CIUDAD RENACIMIENTO', 'OTRO', '', '', '', '', '', '', '', '', '', '', '', '', '', 1),
(156, 157, 'CIUDAD RENACIMIENTO', 'OTRO', '', '', '', '', '', '', '', '', '', '', '', '', '', 1),
(157, 158, 'CIUDAD RENACIMIENTO', 'OTRO', '', '', '', '', '', '', '', '', '', '', '', '', '', 1),
(158, 159, 'CIUDAD RENACIMIENTO', 'OTRO', '', '', '', '', '', '', '', '', '', '', '', '', '', 1),
(159, 160, 'EMILIANO ZAPATA', 'CULB CAMPTESTRE', 'LOS LIBERTADORES', 'OTRO', '', '', '', '', '', '', '', '', '', '', '', 1),
(160, 161, 'CLUB CAMPESTRE', 'LOS LIBERTADORES', 'HUERTA DE SANTA ELENA', 'CORAL', 'OTRO', '', '', '', '', '', '', '', '', '', '', 1),
(161, 162, 'JOSE LOPEZ PORTILLO', 'NICOLAS BRAVO', '15 DE SEPTIEMBRE', 'JOSE MARIA PINO SUAREZ', 'OTRO', '', '', '', '', '', '', '', '', '', '', 1),
(162, 163, 'INSURGENTES SUR', 'JOSE LOPEZ PORTILLO', 'OTRO', '', '', '', '', '', '', '', '', '', '', '', '', 1),
(163, 164, 'VILLA MADERO', 'LOMA LARGA', 'BOSQUE DE SAN JUAN', 'NUEVA LUZ', 'PRADERAS DE GUADALUPE', 'AMPLIACION MIGUEL DE LA MADRID', 'FRACC. OBRERA', 'MIGUEL DE LA MADRID', 'JOSE MARIA PINO SUAREZ', 'PARAISO', 'OTRO', '', '', '', '', 1),
(164, 165, 'LOMA LARGA', 'NUEVA LUZ', 'PRADERAS DE GUADALUPE', 'LOS COHETEROS', 'VILLA GUERRERO', '1RO DE MAYO', 'OTRO', '', '', '', '', '', '', '', '', 1),
(165, 166, 'TEPEYAC', 'ROCA DE ORO', 'REFORMA AGRARIA', 'PARAISO ESCONDIDO', 'OTRO', '', '', '', '', '', '', '', '', '', '', 1),
(166, 167, 'PIE DE LA CUESTA', 'MIRAMAR', 'OTRO', '', '', '', '', '', '', '', '', '', '', '', '', 1),
(167, 168, 'BRISAS DEL MAR', 'REFORMA AGRARIA', 'OTRO', '', '', '', '', '', '', '', '', '', '', '', '', 1),
(168, 169, 'PALMA SOLA', 'INDEPENDENCIA', 'OTRO', '', '', '', '', '', '', '', '', '', '', '', '', 1),
(169, 170, 'NUEVA LUZ', 'PRADERAS DE GUADALUPE', 'LOS COHETEROS', 'LAS PAROTAS', 'MIGUEL DE LA MADRID', 'AMIN SARUR MENEZ', 'FRACC. OBRERA', 'OTRO', '', '', '', '', '', '', '', 1),
(170, 171, 'MIGUEL DE LA MADRID', 'LAS PAROTAS', 'JOSE MARIA PINO SUAREZ', 'RUIZ MASSIEU', 'OTRO', '', '', '', '', '', '', '', '', '', '', 1),
(171, 172, 'HUERTA DE SANTA ELENA', 'CORAL', 'LAS CRUCES', 'OTRO', '', '', '', '', '', '', '', '', '', '', '', 1),
(172, 173, 'LOS LIBERTADORES', 'FRACC. LOS LIBERTADORES', 'OTRO', '', '', '', '', '', '', '', '', '', '', '', '', 1),
(173, 174, 'CIUDAD RENACIMIENTO', 'OTRO', '', '', '', '', '', '', '', '', '', '', '', '', '', 1),
(174, 175, 'CIUDAD RENACIMIENTO', 'OTRO', '', '', '', '', '', '', '', '', '', '', '', '', '', 1),
(175, 176, 'CIUDAD RENACIMIENTO', 'OTRO', '', '', '', '', '', '', '', '', '', '', '', '', '', 1),
(176, 177, 'CIUDAD RENACIMIENTO', 'OTRO', '', '', '', '', '', '', '', '', '', '', '', '', '', 1),
(177, 178, 'CIUDAD RENACIMIENTO', 'OTRO', '', '', '', '', '', '', '', '', '', '', '', '', '', 1),
(178, 179, 'CIUDAD RENACIMIENTO', 'PBLO. DONACIANO RIVERA', 'OTRO', '', '', '', '', '', '', '', '', '', '', '', '', 1),
(179, 180, 'CIUDAD RENACIMIENTO', 'PBLO. DONACIANO RIVERA', 'LA FRONTERA', 'MIGUEL TERRAZAS', 'AMPLIACION MIGUEL TERRAZAS', '16 DE NOVIEMBRE', 'LA PREFERIDA', 'INDEPENDENCIA', 'ACAPULCO 2000', 'DEMOCRATICA INDEPENDIENTE', 'OTRO', '', '', '', '', 1),
(180, 181, 'CIUDAD RENACIMIENTO', 'OTRO', '', '', '', '', '', '', '', '', '', '', '', '', '', 1),
(181, 182, 'CIUDAD RENACIMIENTO', 'OTRO', '', '', '', '', '', '', '', '', '', '', '', '', '', 1),
(182, 183, 'CIUDAD RENACIMIENTO', 'OTRO', '', '', '', '', '', '', '', '', '', '', '', '', '', 1),
(183, 184, 'CIUDAD RENACIMIENTO', 'OTRO', '', '', '', '', '', '', '', '', '', '', '', '', '', 1),
(184, 185, 'CIUDAD RENACIMIENTO', 'FIDEL VELAZQUEZ', 'OTRO', '', '', '', '', '', '', '', '', '', '', '', '', 1),
(185, 186, 'LOS LIBERTADORES', 'LAS CRUCES', 'U HAB. SANTA MARTHA', 'INDEPENDENCIA', 'OTRO', '', '', '', '', '', '', '', '', '', '', 1),
(186, 187, 'NIÑOS HEROES / MIGUEL HIDALGO', 'LAS PAROTAS', 'OTRO', '', '', '', '', '', '', '', '', '', '', '', '', 1),
(187, 188, 'AMIN SARUR MENEZ', 'LAS PAROTAS', 'NIÑOS HEROES / MIGUEL HIDALGO', 'OTRO', '', '', '', '', '', '', '', '', '', '', '', 1),
(188, 189, 'AMIN SARUR MENEZ', 'LAS PAROTAS', 'OTRO', '', '', '', '', '', '', '', '', '', '', '', '', 1),
(189, 190, 'OTRO', '', '', '', '', '', '', '', '', '', '', '', '', '', '', 1),
(190, 191, 'OTRO', '', '', '', '', '', '', '', '', '', '', '', '', '', '', 1),
(191, 192, 'PALMA SOLA SECTOR FOVISSTE', 'PALMA SOLA', 'OTRO', '', '', '', '', '', '', '', '', '', '', '', '', 1),
(192, 193, 'PLAN DE AYALA', 'MARIA DE LA O', 'MARIA DE LA O PARTE ALTA', 'AMPL. GUADALUPE VICTORIA', 'OTRO', '', '', '', '', '', '', '', '', '', '', 1),
(193, 194, 'INDEPENDENCIA', 'OTRO', '', '', '', '', '', '', '', '', '', '', '', '', '', 1),
(194, 195, 'PROVIDENCIA', 'OTRO', '', '', '', '', '', '', '', '', '', '', '', '', '', 1),
(195, 196, 'VISTA HERMOSA', 'OTRO', '', '', '', '', '', '', '', '', '', '', '', '', '', 1),
(196, 197, '1RO DE MAYO', 'OTRO', '', '', '', '', '', '', '', '', '', '', '', '', '', 1),
(197, 198, 'LAZARO CARDENAS', 'OTRO', '', '', '', '', '', '', '', '', '', '', '', '', '', 1),
(198, 199, 'NIÑOS HEROES / MIGUEL HIDALGO', 'OTRO', '', '', '', '', '', '', '', '', '', '', '', '', '', 1),
(199, 200, 'NIÑOS HEROES / MIGUEL HIDALGO', 'OTRO', '', '', '', '', '', '', '', '', '', '', '', '', '', 1),
(200, 201, 'BENITO JUAREZ', 'OTRO', '', '', '', '', '', '', '', '', '', '', '', '', '', 1),
(201, 202, 'LOS LIRIOS', 'AMADEO VIDALES', 'OTRO', '', '', '', '', '', '', '', '', '', '', '', '', 1),
(202, 203, 'LIBERTAD', 'OTRO', '', '', '', '', '', '', '', '', '', '', '', '', '', 1),
(203, 204, 'LIBERTAD', 'LA POPULAR', 'MELCHOR OCAMPO', 'OTRO', '', '', '', '', '', '', '', '', '', '', '', 1),
(204, 205, 'CIUDAD RENACIMIENTO', 'OTRO', '', '', '', '', '', '', '', '', '', '', '', '', '', 1),
(205, 206, 'CIUDAD RENACIMIENTO', 'OTRO', '', '', '', '', '', '', '', '', '', '', '', '', '', 1),
(206, 207, 'CIUDAD RENACIMIENTO', 'ALBORADA', 'NUEVA GENERACION', 'AMPLIACION MIGUEL TERRAZAS', 'OTRO', '', '', '', '', '', '', '', '', '', '', 1),
(207, 208, 'HEROES DE GUERRERO', 'MARTIRES DE CUILAPAN', 'LA SABANA', 'ALBORADA', 'RUFFO FIGUEROA', 'EL RASTRO', 'OTRO', '', '', '', '', '', '', '', '', 1),
(208, 209, 'HEROES DE GUERRERO', 'LA SABANA', 'OTRO', '', '', '', '', '', '', '', '', '', '', '', '', 1),
(209, 210, 'HEROES DE GUERRERO', 'OTRO', '', '', '', '', '', '', '', '', '', '', '', '', '', 1),
(210, 211, 'MELCHOR OCAMPO', 'OTRO', '', '', '', '', '', '', '', '', '', '', '', '', '', 1),
(211, 212, 'LIBERTAD', 'OTRO', '', '', '', '', '', '', '', '', '', '', '', '', '', 1),
(212, 213, 'LIBERTAD', 'LOS LIRIOS', 'TERMOPILAS', 'AMPLIACION LIRIOS', 'OTRO', '', '', '', '', '', '', '', '', '', '', 1),
(213, 214, 'LOS LIRIOS', 'AMPLIACION LIRIOS', 'OTRO', '', '', '', '', '', '', '', '', '', '', '', '', 1),
(214, 215, 'VICENTE GUERRERO', 'OTRO', '', '', '', '', '', '', '', '', '', '', '', '', '', 1),
(215, 216, 'VICENTE GUERRERO', 'OTRO', '', '', '', '', '', '', '', '', '', '', '', '', '', 1),
(216, 217, '20 DE NOVIEMBRE', 'OTRO', '', '', '', '', '', '', '', '', '', '', '', '', '', 1),
(217, 218, 'LOMA BONITA', 'OTRO', '', '', '', '', '', '', '', '', '', '', '', '', '', 1),
(218, 219, 'LOMA BONITA', 'VISTA HERMOSA', 'OTRO', '', '', '', '', '', '', '', '', '', '', '', '', 1),
(219, 220, 'PROVIDENCIA', 'OTRO', '', '', '', '', '', '', '', '', '', '', '', '', '', 1),
(220, 221, 'LA QUEBRADORA', 'OTRO', '', '', '', '', '', '', '', '', '', '', '', '', '', 1),
(221, 223, 'AMPL. ALTA LAJA', 'LA LAJA', 'OTRO', '', '', '', '', '', '', '', '', '', '', '', '', 1),
(222, 224, 'SOLIDARIDAD', 'BUROCRATAS', 'OTRO', '', '', '', '', '', '', '', '', '', '', '', '', 1),
(223, 225, 'AMPL. 6 DE ENERO', 'AMPL. ALTA MIRA', '6 DE ENERO', 'ALTAMIRA', 'BUROCRATAS', 'OTRO', '', '', '', '', '', '', '', '', '', 1),
(224, 226, 'AMPL. BUENAVISTA', 'AMPL. 6 DE ENERO', 'BUENAVISTA', 'PERIODISTA', '6 DE ENERO', 'OTRO', '', '', '', '', '', '', '', '', '', 1),
(225, 227, 'GUERRERO ES PRIMERO', 'OTRO', '', '', '', '', '', '', '', '', '', '', '', '', '', 1),
(226, 228, 'PANORAMICA II', 'LAS MARGARITAS', 'UNIDAD OBRERA', 'OTRO', '', '', '', '', '', '', '', '', '', '', '', 1),
(227, 229, 'PANORAMICA II', 'U HAB. ALTA PROGRESO 6TA ETAPA', 'OTRO', '', '', '', '', '', '', '', '', '', '', '', '', 1),
(228, 230, 'PALMA SOLA SECTOR FOVISSTE', 'REVOLUCION DE SUR', 'FRANCISCO VILLA', 'OTRO', '', '', '', '', '', '', '', '', '', '', '', 1),
(229, 231, 'AMPL. SANTA CRUZ', 'OTRO', '', '', '', '', '', '', '', '', '', '', '', '', '', 1),
(230, 232, 'SANTA CRUZ', 'OTRO', '', '', '', '', '', '', '', '', '', '', '', '', '', 1),
(231, 233, 'FRANCISCO VILLA', 'ALTA PROGRESO', 'OTRO', '', '', '', '', '', '', '', '', '', '', '', '', 1),
(232, 234, 'U HAB. 1RO DE MARZO', 'OTRO', '', '', '', '', '', '', '', '', '', '', '', '', '', 1),
(233, 235, 'PASEO DE LA CAÑADA', 'OTRO', '', '', '', '', '', '', '', '', '', '', '', '', '', 1),
(234, 236, 'U HAB. ALTA PROGRESO 1RA SECCION', 'OTRO', '', '', '', '', '', '', '', '', '', '', '', '', '', 1),
(235, 237, 'U HAB. ALTA PROGRESO 1RA ETAPA', 'OTRO', '', '', '', '', '', '', '', '', '', '', '', '', '', 1),
(236, 238, 'LA LAJA', 'OTRO', '', '', '', '', '', '', '', '', '', '', '', '', '', 1),
(237, 239, 'LA QUEBRADORA', 'FRONTERA', 'GARITA DE JUAREZ', 'OTRO', '', '', '', '', '', '', '', '', '', '', '', 1),
(238, 240, 'GARITA DE JUAREZ', 'OTRO', '', '', '', '', '', '', '', '', '', '', '', '', '', 1),
(239, 241, 'GARITA DE JUAREZ', 'OTRO', '', '', '', '', '', '', '', '', '', '', '', '', '', 1),
(240, 242, 'GARITA DE JUAREZ', 'OTRO', '', '', '', '', '', '', '', '', '', '', '', '', '', 1),
(241, 243, '20 DE NOVIEMBRE', 'PACIFICO', 'LOMA HERMOSA', 'OTRO', '', '', '', '', '', '', '', '', '', '', '', 1),
(242, 244, '20 DE NOVIEMBRE', 'OTRO', '', '', '', '', '', '', '', '', '', '', '', '', '', 1),
(243, 245, 'HEROES DE GUERRERO', 'MARTIRES DE CUILAPAN', 'OTRO', '', '', '', '', '', '', '', '', '', '', '', '', 1),
(244, 246, 'MARTIRES DE CUILAPAN', 'CANUTO NOGUEDA', 'EL RASTRO', 'LOS MANANTIALES', 'OTRO', '', '', '', '', '', '', '', '', '', '', 1),
(245, 247, 'MARTIRES DE CUILAPAN', 'HEROES DE GUERRERO', 'LOS MANANTIALES', 'EL RASTRO', 'OTRO', '', '', '', '', '', '', '', '', '', '', 1),
(246, 248, 'LA LAJA', 'OTRO', '', '', '', '', '', '', '', '', '', '', '', '', '', 1),
(247, 249, 'LA LAJA', 'OTRO', '', '', '', '', '', '', '', '', '', '', '', '', '', 1),
(248, 250, 'ALTA PROGRESO', 'OTRO', '', '', '', '', '', '', '', '', '', '', '', '', '', 1),
(249, 251, 'PROGRESO / FLORIDA', 'ALTA PROGRESO', 'OTRO', '', '', '', '', '', '', '', '', '', '', '', '', 1),
(250, 252, 'PROGRESO / FLORIDA', 'PROGRESO', 'OTRO', '', '', '', '', '', '', '', '', '', '', '', '', 1),
(251, 253, 'PROGRESO / FLORIDA', 'U HAB. FLORIDA', 'PROGRESO', 'OTRO', '', '', '', '', '', '', '', '', '', '', '', 1),
(252, 254, 'ALTA PROGRESO', 'PROGRESO', '13 DE JUNIO', 'U HAB. RDCIAL HORNOS INSURGENTES', 'OTRO', '', '', '', '', '', '', '', '', '', '', 1),
(253, 255, 'FRACC. HORNOS', 'OTRO', '', '', '', '', '', '', '', '', '', '', '', '', '', 1),
(254, 256, 'AMPL. BARRANCA LA LAJA', 'FRACC. LEONARDO RODRIGUEZ ALCAINE', 'FRACC. LAS ANCLAS', 'AMPL. FRACCIONAMIENTO MARROQUIN', 'OTRO', '', '', '', '', '', '', '', '', '', '', 1),
(255, 257, 'ALIANZA POPULAR / TRABAJADORES', 'LOS TRABAJADORES', 'AMPL. BARRANCA LA LAJA', 'OTRO', '', '', '', '', '', '', '', '', '', '', '', 1),
(256, 258, 'BOCAMAR', 'OTRO', '', '', '', '', '', '', '', '', '', '', '', '', '', 1),
(257, 259, 'BOCAMAR', 'LOMA DE LOS LIMONES', 'OTRO', '', '', '', '', '', '', '', '', '', '', '', '', 1),
(258, 260, 'LA LAJA', 'OTRO', '', '', '', '', '', '', '', '', '', '', '', '', '', 1),
(259, 261, 'DEL VALLE', 'GARITA DE JUAREZ', 'OTRO', '', '', '', '', '', '', '', '', '', '', '', '', 1),
(260, 262, 'CUMBRES', 'CUMBRES DE FIGUEROA', 'LOMA HERMOSA', '20 DE NOVIEMBRE', 'U HAB. U H TURQUESA PACIFICO', 'U HAB. U, HAB CUMBRES DIANA', 'OTRO', '', '', '', '', '', '', '', '', 1),
(261, 263, '20 DE NOVIEMBRE', 'U HAB. UNIDAD HABITACIONAL', 'CUMBRES DE FIGUEROA', 'OTRO', '', '', '', '', '', '', '', '', '', '', '', 1),
(262, 264, 'FRACC. 5 DE MAYO', 'OTRO', '', '', '', '', '', '', '', '', '', '', '', '', '', 1),
(263, 265, 'RUFFO FIGUEROA', 'EL RASTRO', 'FRACC. 5 DE MAYO', 'LA MAQUINA', 'OTRO', '', '', '', '', '', '', '', '', '', '', 1),
(264, 266, 'LA TESTARUDA', 'MANUEL AÑORVE', '11 DE DICIEMBRE', 'LA ESPERANZA', 'MARIANO MOLINA', 'MARCELINO CAMPOS', 'SANTA LUCA', 'ACAPULCO 2000', 'LA MAQUINA', 'NICOLAS BRAVO', 'GUADALUPE VICTORIA', 'CARLOS SALINAS DE GORTARIA', 'OTRO', '', '', 1),
(265, 267, 'AMP LA MAQUINA', 'RUBEN FIGUEROA', 'GUADALUPE VICTORIA', 'LA MAQUINA', 'NICOLAS BRAVO', 'OTRO', '', '', '', '', '', '', '', '', '', 1),
(266, 268, 'CUMBRES DE FIGUEROA', 'FRACC. BOSQUES DE LA CAÑADA', 'FRACC. CAÑADA DE LOS AMATES', 'OTRO', '', '', '', '', '', '', '', '', '', '', '', 1),
(267, 269, 'FRACC. JARDIN DE LOS AMATES', 'FRACC. FARALLON', 'U HAB. PABLO GALEANA', 'FRACC. LAS CUMBRES', 'U HAB. PERLAS', 'OTRO', '', '', '', '', '', '', '', '', '', 1),
(268, 270, 'FRACC. FARALLON DEL OBISPO', 'U HAB. ARUBA', 'LOMAS DE MAGALLANES', 'U HAB. CENTRO ACAPULCO', 'U HAB. C T M', 'U HAB. CENTRO ACAPULCO', 'OTRO', '', '', '', '', '', '', '', '', 1),
(269, 271, 'LOMAS DEL TIGRE', 'U HAB. MACRO MODULO EL ROBLE', 'FRACC. EL ROBLE', 'U HAB. CUAUHTEMOC', 'OTRO', '', '', '', '', '', '', '', '', '', '', 1),
(270, 272, 'FRACC. EL ROBLE', 'OTRO', '', '', '', '', '', '', '', '', '', '', '', '', '', 1),
(271, 273, 'PROGRESO', 'U HAB. 16 DE MARZO', 'OTRO', '', '', '', '', '', '', '', '', '', '', '', '', 1),
(272, 274, 'PROGRESO', 'OTRO', '', '', '', '', '', '', '', '', '', '', '', '', '', 1),
(273, 275, 'U HAB. VISTA HERMOSA I', 'FRACC. HORNOS', 'PROGRESO', 'OTRO', '', '', '', '', '', '', '', '', '', '', '', 1),
(274, 276, 'FRACC. HORNOS INSURGENTES', 'FRACC. MAGALLANES', 'OTRO', '', '', '', '', '', '', '', '', '', '', '', '', 1),
(275, 277, 'GUSTAVO DIAZ ORDAZ', 'EL MORRO / LOPEZ MATEO', 'LOMAS DE MAGALLANES', 'FRACC. FARALLON', 'OTRO', '', '', '', '', '', '', '', '', '', '', 1),
(276, 278, 'CHINAMECA', 'FRACC. CONDESA', 'FRACC. VILLAS CONDESA', 'FRACC. FARALLON', 'OTRO', '', '', '', '', '', '', '', '', '', '', 1),
(277, 280, 'EL PRI', 'AMP LA MAQUINA', 'OTRO', '', '', '', '', '', '', '', '', '', '', '', '', 1),
(278, 281, 'EL PRI', 'RUBEN FIGUEROA', 'EL CAYACO', 'CRUCERO DE CAYACO', 'PARAISO ESCONDIDO', 'PALMA REAL', 'OTRO', '', '', '', '', '', '', '', '', 1),
(279, 282, 'U HAB. EL COLOSO', 'OTRO', '', '', '', '', '', '', '', '', '', '', '', '', '', 1),
(280, 283, 'U HAB. EL COLOSO', 'OTRO', '', '', '', '', '', '', '', '', '', '', '', '', '', 1),
(281, 284, 'U HAB. ALTO MIRADOR COLOSO', 'U HAB. EL COLOSO', 'EL PRI', 'U HAB. SAN AGUSTIN', 'OTRO', '', '', '', '', '', '', '', '', '', '', 1),
(282, 285, 'FRACC. BALCONES DE COSTA AZUL', 'ALTA ICACOS', 'HERMENEGILDO GALEANA', 'OTRO', '', '', '', '', '', '', '', '', '', '', '', 1),
(283, 286, 'FRACC. BALCONES DE COSTA AZUL', 'FRACC. COSTA AZUL', 'OTRO', '', '', '', '', '', '', '', '', '', '', '', '', 1),
(284, 287, 'FRACC. LOMAS DE COSTA AZUL', 'FRACC. CLUB DEPORTIVO', 'OTRO', '', '', '', '', '', '', '', '', '', '', '', '', 1),
(285, 288, 'FRACC. COSTA AZUL', 'OTRO', '', '', '', '', '', '', '', '', '', '', '', '', '', 1),
(286, 289, 'FRACC. COSTA AZUL', 'OTRO', '', '', '', '', '', '', '', '', '', '', '', '', '', 1),
(287, 290, 'U HAB. EL COLOSO', 'OTRO', '', '', '', '', '', '', '', '', '', '', '', '', '', 1),
(288, 291, 'U HAB. EL COLOSO', 'OTRO', '', '', '', '', '', '', '', '', '', '', '', '', '', 1),
(289, 292, 'U HAB. EL COLOSO', 'OTRO', '', '', '', '', '', '', '', '', '', '', '', '', '', 1),
(290, 293, 'U HAB. EL COLOSO', 'OTRO', '', '', '', '', '', '', '', '', '', '', '', '', '', 1),
(291, 294, 'EL CAYACO', 'APOLONIO CASTILLO', 'FRACC. LOS TULIPANES', 'PIEDRA ROJA', 'ALEJO PERALTA', 'U HAB. HOMEX COSTA DORADA', 'U HAB. HOMEX COSTA DORADA - ETAPA II', 'FRACC. LLANO LARGO', 'FRACC. COSTA DORADA ETAPA 3 HOMEX', 'REAL DEL PALMAR ETAPA 2A', 'CONJ HAB. TERRAMAR III', 'OTRO', '', '', '', 1),
(292, 295, 'POTRERO DE LA MORA', 'U HAB. EL COLOSO', 'LA JABONERA', 'LA ESPERANZA', 'OTRO', '', '', '', '', '', '', '', '', '', '', 1),
(293, 296, 'U HAB. EL COLOSO', 'OTRO', '', '', '', '', '', '', '', '', '', '', '', '', '', 1),
(294, 297, 'U HAB. EL COLOSO', 'CAÑADA DEL COLOSO', 'OTRO', '', '', '', '', '', '', '', '', '', '', '', '', 1),
(295, 298, 'ICACOS', 'FRACC. COSTA AZUL', 'ALTA ICACOS', 'OTRO', '', '', '', '', '', '', '', '', '', '', '', 1),
(296, 299, 'ICACOS', 'U HAB. BASE NAVAL', 'OTRO', '', '', '', '', '', '', '', '', '', '', '', '', 1),
(297, 300, 'ICACOS', 'ALTA ICACOS', 'OTRO', '', '', '', '', '', '', '', '', '', '', '', '', 1),
(298, 301, 'PRADERAS DEL COLOSO', 'LOMAS DEL COLOSO', 'LOMA ALTA LA ESPERANZA', 'LAS MARGARITAS', 'LOMAS DEL VALLE', 'VISTA DIAMANTE', 'SOL AZTECA', 'NAVIDAD DE LLANO LARGO', 'PAROTA', 'FRACC. VILLA SOCORRO', 'FRACC. MIRADOR DEL PALMAR', 'PBLO. MIRADOR EL COLOSO', 'FRACC. INVISUR', 'FRACC. AMPL NAVIDAD  DEL LLANO', 'OTRO', 1),
(299, 302, 'FRACC. IX REGION MILITAR', 'FRACC. JOYAS DE BRISAMAR', 'FRACC. BRISAS II', 'FRACC. BRISAS I', 'FRACC. LA CIMA', 'FRACC. LOMAS DEL MARQUEZ', 'FRACC. EL PICHILINGUE', 'FRACC. PUNTA BRUJA', 'FRACC. BRISAS DIAMANTE', 'FRACC. BRISAS DIAMANTE II', 'FRACC. PLAYA GUITARRON', 'OTRO', '', '', '', 1),
(300, 304, 'BARRIO AZTECA', 'CUMBRES DE LLANO LARGO', 'OTRO', '', '', '', '', '', '', '', '', '', '', '', '', 1),
(301, 305, 'CUMBRES DE LLANO LARGO', '21 DE MARZO', 'NAVIDAD DE LLANO LARGO', 'AMP LA LAJITA', 'VISTA DIAMANTE', 'U HAB. AMALIA SOLORZANO', 'FRACC. AMP NAVIDAD DEL LLANO ', 'OTRO', '', '', '', '', '', '', '', 1),
(302, 306, 'PIEDRA ROJA', 'JOYAS DIAMANTE', '3 DE ABRIL', 'AMPLIACION LLANO LARGO', 'FRACC. LLANO LARGO', 'FRACC. COSTA DORADA SEGUNDA ETAPA', 'FRACC. COSTA DORADA ETAPA 4', 'FRACC. GAVIOTAS', 'FRACC. MARQUESA IV PRIMERA ETAPA', 'FRACC. MARQUESA  ETAPA III LAS HADAS', 'FRACC. MASQUESA II', 'FRACC. GAVIOTAS IV', 'FRACC. GAVIOTAS 2DA ETAPA', 'FRACC. LAS GARZAS', 'OTRO', 1),
(303, 307, '19 DE NOVIEMBRE', 'EL NUEVO PUERTO MARQUEZ', 'GUADALUPANA', 'VIVEROS DE PUERTO MARQUEZ', 'CRUCERO DE PUERTO MARQUEZ', 'EL PUEBLITO DEL REVOLCADERO', 'PUERTO MARQUEZ', 'FRACC. ALTA MIRAMAR', 'FRACC. MIRAMAR', 'FRACC. LOS DRAGOS', 'AMPL. PUNTA DIAMANTE', 'FRACC. CLUB DE GOLF TRES VIDAS', 'FRACC. PIERRE MARQUEZ', 'RDCIAL. DIAMANTE LAKES', 'OTRO', 1),
(304, 308, 'PUERTO MARQUEZ', 'LOS DRAGOS DE PUERTO MARQUEZ', 'OTRO', '', '', '', '', '', '', '', '', '', '', '', '', 1),
(305, 309, 'FRACC. CLUB DE GOLF TRES VIDAS', 'FRACC. VILLAS PARAISSO', 'FRACC. VILLAS RESORT SOLAR', 'FRACC. PRINCESS MARQUEZ', 'FRACC. GRAND MAYAN PALACE', 'FRACC. FRACC MAYAN LATER', 'FRACC. PLAYA DIAMANTE', 'FRACC. SUN VIDA', 'FRACC. PLAYA MAR I', 'FRACC. VILLAS SOL', 'U HAB. SOLAR OCEAN', 'U HAB. MARANIA', 'OTRO', '', '', 1),
(306, 310, 'MARQUESITA', 'FRENTE NACIONAL', 'LA PRINCESA', 'JARDIN PRINCESA', 'AMPLIACION COLOSO', 'FRACC. RESIDENCIAL LAS PALMAS', 'FRACC. FRACC RINCONADA DEL MAR', 'FRACC. FRACC VILLAS VELATO', 'FRACC. LA POZA', 'OTRO', '', '', '', '', '', 1),
(307, 311, 'FRACC. LA POZA', 'FRACC. MARINA DIAMANTE', 'TRES VIDAS', 'FRACC. PLAYA MAR I', 'VIDA MAR RESIDENCIAL', 'CONJ HAB. 36 VALMAT ', 'CONJ HAB. 35 LASER', 'CONJ HAB. 37 ALPHA', 'CONJ HAB. 40 SHARPIE', 'CONJ HAB. 6 FIRST', 'CONJ HAB. 29 BRAVARIA', 'CONJ HAB. 11 NAVEGANTE', 'CONJ HAB. 9 MYSTIC', 'CONJ HAB. 2 OHURA', 'OTRO', 1),
(308, 312, 'AEREOPUERTO', 'ALFREDO V BONFIL', 'FRACC. PUENTE DEL MAR', 'PLAYA LA GLORIA', 'CUQUITA MASSIEU', 'JOSE RUBEN FLORES CATALAN', 'OTRO', '', '', '', '', '', '', '', '', 1),
(309, 313, 'OTRO', '', '', '', '', '', '', '', '', '', '', '', '', '', '', 1),
(310, 314, 'PBLO. PABLO GALEANA', 'OTRO', '', '', '', '', '', '', '', '', '', '', '', '', '', 1),
(311, 315, 'PBLO. XOLAPA', 'OTRO', '', '', '', '', '', '', '', '', '', '', '', '', '', 1),
(312, 316, 'SANTA CRUZ', 'OTRO', '', '', '', '', '', '', '', '', '', '', '', '', '', 1),
(313, 317, 'PBLO. LAS TORTOLITAS', 'LUIS DONALDO COLOSIO', 'EL RETEN', 'CENTRO', 'BARRIO NUEVO', 'CERVANTES DELGADO', 'LA PILITA / LAS RAMADITAS', 'OTRO', '', '', '', '', '', '', '', 1),
(314, 318, 'LUIS DONALDO COLOSIO', 'MIRADOR', 'LAZARO CARDENAS', 'VISTA HERMOSA', 'EL CAPIRE', 'CENTRO', 'NUEVA REFORMA', 'SAN MIGUEL', 'BARRIO NUEVO', 'OTRO', '', '', '', '', '', 1),
(315, 319, 'LAZARO CARDENAS', 'NUEVA REFORMA', 'LUIS DONALDO COLOSIO', 'PRIMAVERA', 'VICENTE GUERRERO', 'OTRO', '', '', '', '', '', '', '', '', '', 1),
(316, 320, 'BARRIO NUEVO', 'CENTRO', 'LUIS DONALDO COLOSIO', 'OTRO', '', '', '', '', '', '', '', '', '', '', '', 1),
(317, 321, 'PBLO. KILOMETRO 45', 'OTRO', '', '', '', '', '', '', '', '', '', '', '', '', '', 1),
(318, 322, 'PBLO. PIEDRA IMAN', 'OTRO', '', '', '', '', '', '', '', '', '', '', '', '', '', 1),
(319, 323, 'PBLO. KILOMETRO 39', 'OTRO', '', '', '', '', '', '', '', '', '', '', '', '', '', 1),
(320, 324, 'PBLO. KILOMETRO 42', 'OTRO', '', '', '', '', '', '', '', '', '', '', '', '', '', 1),
(321, 325, 'PBLO. LA SIERRITA', 'OTRO', '', '', '', '', '', '', '', '', '', '', '', '', '', 1),
(322, 326, 'PBLO. LAS MARIAS', 'OTRO', '', '', '', '', '', '', '', '', '', '', '', '', '', 1),
(323, 327, 'PBLO. LOS HUAJES', 'OTRO', '', '', '', '', '', '', '', '', '', '', '', '', '', 1),
(324, 328, 'PBLO. LA VENTA VIEJA', 'U HAB. ALTOS DEL CAMARON', 'OTRO', '', '', '', '', '', '', '', '', '', '', '', '', 1),
(325, 329, 'PBLO. DOS ARROYOS', 'OTRO', '', '', '', '', '', '', '', '', '', '', '', '', '', 1),
(326, 330, 'PBLO. DOS ARROYOS', 'OTRO', '', '', '', '', '', '', '', '', '', '', '', '', '', 1),
(327, 331, 'PBLO. LAS SABANILLAS', 'OTRO', '', '', '', '', '', '', '', '', '', '', '', '', '', 1),
(328, 332, 'PBLO. LAS JOYAS', 'OTRO', '', '', '', '', '', '', '', '', '', '', '', '', '', 1),
(329, 333, 'PBLO. TEXCA', 'OTRO', '', '', '', '', '', '', '', '', '', '', '', '', '', 1),
(330, 334, 'PBLO. LOMA DE SAN JUAN', 'LOMAS DEL PEDREGAL', 'GUADALUPANA', 'OTRO', '', '', '', '', '', '', '', '', '', '', '', 1),
(331, 335, 'LA UNION', 'EL PEDREGAL', 'GUADALUPE', 'LA Y', 'OTRO', '', '', '', '', '', '', '', '', '', '', 1),
(332, 336, 'CENTRO', 'GUADALUPE', 'LA Y', 'EL CALVARIO', 'OTRO', '', '', '', '', '', '', '', '', '', '', 1),
(333, 337, 'PLAN DE AYUTLA', 'GUADALUPE', 'KILOMETRO 30', 'OTRO', '', '', '', '', '', '', '', '', '', '', '', 1),
(334, 338, 'KILOMETRO 30', 'GUADALUPE', 'OTRO', '', '', '', '', '', '', '', '', '', '', '', '', 1),
(335, 339, 'PBLO. EJIDO NUEVO', 'OTRO', '', '', '', '', '', '', '', '', '', '', '', '', '', 1),
(336, 340, 'CONJ HAB. HUAJINTEPEC', 'OTRO', '', '', '', '', '', '', '', '', '', '', '', '', '', 1),
(337, 341, 'PBLO. APANHUAC', 'OTRO', '', '', '', '', '', '', '', '', '', '', '', '', '', 1),
(338, 342, 'PBLO. SAN JOSE CACAHUATEPEC', 'RCHO. ARROYO VERDE', 'OTRO', '', '', '', '', '', '', '', '', '', '', '', '', 1),
(339, 343, 'PBLO. KILOMETRO 22', 'PBLO. KILOMETRO 21', 'OTRO', '', '', '', '', '', '', '', '', '', '', '', '', 1),
(340, 344, 'BRASIL', 'NUEVA BELEN', 'NUEVO AMACENER', 'AMPLIACION LOS ORGANOS', 'OTRO', '', '', '', '', '', '', '', '', '', '', 1),
(341, 345, 'OTRO', '', '', '', '', '', '', '', '', '', '', '', '', '', '', 1),
(342, 346, 'OTRO', '', '', '', '', '', '', '', '', '', '', '', '', '', '', 1),
(343, 347, 'CONJ. HAB DESARROLLO SAN AGUSTIN', 'JOYAS DE SAN AGUSTIN', 'SAN LUIS', 'PALENQUE LAS TORRES', 'LA ISLA', 'AUTOPISTA DEL SOL', 'PBLO. LOS MANGOS', 'BICENTENARIO SAN AGUSTIN', 'VILLAS DEL MAR', 'PBLO. ORGANOS DE SAN AGUSTIN', 'ESPERANZA DE SAN AGUSTIN', 'LOS OLIVIOS', 'NUEVO GUERRERO', 'NUEVA AVENTURA', 'OTRO', 1),
(344, 348, 'PBLO. LA GARRAPATA', 'OTRO', '', '', '', '', '', '', '', '', '', '', '', '', '', 1),
(345, 349, 'PBLO. ILAMOS', 'PBLO. RANCHO LAS MARIAS', 'PBLO. LAS PAROTAS', 'OTRO', '', '', '', '', '', '', '', '', '', '', '', 1),
(346, 350, 'PBLO. BARRIO NUEVO DE LOS MUERTOS', 'OTRO', '', '', '', '', '', '', '', '', '', '', '', '', '', 1),
(347, 351, 'HUAMUCHITOS', 'OTRO', '', '', '', '', '', '', '', '', '', '', '', '', '', 1),
(348, 352, 'PBLO. CACAHUATEPEC', '', '', '', '', '', '', '', '', '', '', '', '', '', '', 1),
(349, 353, 'PBLO. CARABALI', 'OTRO', '', '', '', '', '', '', '', '', '', '', '', '', '', 1),
(350, 354, 'PBLO. EL PALMAR', 'LAS PLAZUELAS', 'MANUEL AÑORVE BAÑOS', 'OTRO', '', '', '', '', '', '', '', '', '', '', '', 1),
(351, 355, 'EL SALTO', 'OTRO', '', '', '', '', '', '', '', '', '', '', '', '', '', 1),
(352, 356, 'PBLO. LAS OLLITAS', 'PBLO. PLAYONES DE SAN ISIDRO', 'CONJ HAB. SAN ISIDRO (GALLINERO)', 'OTRO', '', '', '', '', '', '', '', '', '', '', '', 1),
(353, 357, 'PBLO. LA CONCEPCION', 'OTRO', '', '', '', '', '', '', '', '', '', '', '', '', '', 1),
(354, 358, 'PBLO. CACAHUATEPEC', 'OTRO', '', '', '', '', '', '', '', '', '', '', '', '', '', 1),
(355, 359, 'CONJ HAB. APALANI', 'OTRO', '', '', '', '', '', '', '', '', '', '', '', '', '', 1),
(356, 360, 'PBLO. EL CARRIZO', 'OTRO', '', '', '', '', '', '', '', '', '', '', '', '', '', 1),
(357, 361, 'PBLO. EL RINCON', 'OTRO', '', '', '', '', '', '', '', '', '', '', '', '', '', 1),
(358, 362, 'PBLO. TUNCINGO', 'CONJ HAB. LAS PALMAS', 'OTRO', '', '', '', '', '', '', '', '', '', '', '', '', 1),
(359, 363, 'CONJ HAB. EL METLAPIL', 'OTRO', '', '', '', '', '', '', '', '', '', '', '', '', '', 1),
(360, 364, 'PBLO. AGUAS CALIENTES', 'OTRO', '', '', '', '', '', '', '', '', '', '', '', '', '', 1),
(361, 365, 'PBLO. CRUCE DE CACAHUATEPEC', 'OTRO', '', '', '', '', '', '', '', '', '', '', '', '', '', 1),
(362, 366, 'PBLO. EL CAMPANARIO', 'OTRO', '', '', '', '', '', '', '', '', '', '', '', '', '', 1),
(363, 367, 'PBLO. TAZAJERAS', 'OTRO', '', '', '', '', '', '', '', '', '', '', '', '', '', 1),
(364, 369, 'PBLO. LAS CHANECAS', 'PBLO. SAN PEDRO CACAHUATEPEC', 'PBLO. LOMAS DE SAN PEDRO', 'OTRO', '', '', '', '', '', '', '', '', '', '', '', 1),
(365, 370, 'EL BEJUCO', '4 DE JULIO', 'OTRO', '', '', '', '', '', '', '', '', '', '', '', '', 1),
(366, 371, 'PBLO. DIEZ DE ABRIL', 'FABRICA O LA CARTONERA', 'EL ROSARIO', 'CUAUHTEMOC', 'EL MIRADOR', 'LOMAS DEL AEROPUERTO', 'LOMA BONITA-BEJUCO', 'OTRO', '', '', '', '', '', '', '', 1),
(367, 372, 'SAN PEDRO LAS PLAYAS', 'U HAB. VILLAS PARAISO', 'VICTORIA', 'OTRO', '', '', '', '', '', '', '', '', '', '', '', 1),
(368, 373, 'TRES PALOS', 'SOLIDARIDAD', 'U HAB. TUNCINGO', 'ANGEL AGUIRRE RIVERO', 'OTRO', '', '', '', '', '', '', '', '', '', '', 1),
(369, 374, 'TRES PALOS', 'U HAB. CLUB CAMPESTRE LA LAGUNA', 'OTRO', '', '', '', '', '', '', '', '', '', '', '', '', 1),
(370, 375, 'PBLO. EL ARENAL', 'PBLO. HUERTA PARAISO', 'PBLO. CANDELILLAS', 'OTRO', '', '', '', '', '', '', '', '', '', '', '', 1),
(371, 376, 'PBLO. SAN ANTONIO', 'OTRO', '', '', '', '', '', '', '', '', '', '', '', '', '', 1),
(372, 377, 'PBLO. CERRO DE PIEDRA', 'PBLO. BELLA VISTA PAPAGAYO', 'OTRO', '', '', '', '', '', '', '', '', '', '', '', '', 1),
(373, 378, 'PBLO. LAGUNA DEL QUEMADO', 'PBLO. LA ESTACION', 'OTRO', '', '', '', '', '', '', '', '', '', '', '', '', 1),
(374, 379, 'PBLO. PLAN DE LOS AMATES', 'PBLO. EL PODRIDO', 'FRACC. TRES VIDAS', 'OTRO', '', '', '', '', '', '', '', '', '', '', '', 1),
(375, 380, 'LAZARO DE CARDENAS', 'EL TANQUE', 'CENTRO', 'TIERRA BLANCA', 'OTRO', '', '', '', '', '', '', '', '', '', '', 1),
(376, 381, 'PBLO. EL CACAHUATE', 'PBLO. EL PODRIDO', 'CONJ HAB. PUERTA DEL SOL', 'FRACC. SAN ANDRES (PLAYA ENCANTADA)', 'OTRO', '', '', '', '', '', '', '', '', '', '', 1),
(377, 382, 'PBLO. BARRA VIEJA', 'FRACC. SAN RAFAEL', 'OTRO', '', '', '', '', '', '', '', '', '', '', '', '', 1),
(378, 383, 'VICENTE GUERRERO', 'OTRO', '', '', '', '', '', '', '', '', '', '', '', '', '', 1),
(379, 384, 'SAN MARTIN', 'CENTRO', 'VISTA HERMOSA', 'AHUACUOTZINGO', 'VALENCIA', 'SANTA CRUZ', 'OTRO', '', '', '', '', '', '', '', '', 2),
(380, 385, 'PBLO. SAN JUAN DE LAS JOYAS', 'OTRO', '', '', '', '', '', '', '', '', '', '', '', '', '', 2),
(381, 386, 'PBLO. MITLANCINGO', 'OTRO', '', '', '', '', '', '', '', '', '', '', '', '', '', 2),
(382, 387, 'PBLO. RINCON DE COZAHUAPA', 'OTRO', '', '', '', '', '', '', '', '', '', '', '', '', '', 2),
(383, 388, 'PBLO. ZOMPAZOLCO', 'OTRO', '', '', '', '', '', '', '', '', '', '', '', '', '', 2),
(384, 389, 'PBLO. TECOZAJCA', 'OTRO', '', '', '', '', '', '', '', '', '', '', '', '', '', 2),
(385, 390, 'PBLO. TETLATIPA', 'OTRO', '', '', '', '', '', '', '', '', '', '', '', '', '', 2),
(386, 391, 'PBLO. TECOLCUAUTLA', 'OTRO', '', '', '', '', '', '', '', '', '', '', '', '', '', 2),
(387, 392, 'OTRO', '', '', '', '', '', '', '', '', '', '', '', '', '', '', 2),
(388, 393, 'PBLO. AJUATETLA', 'OTRO', '', '', '', '', '', '', '', '', '', '', '', '', '', 2),
(389, 394, 'OTRO', '', '', '', '', '', '', '', '', '', '', '', '', '', '', 2),
(390, 395, 'PBLO. TEPOXTLAN', 'OTRO', '', '', '', '', '', '', '', '', '', '', '', '', '', 2),
(391, 396, 'OTRO', '', '', '', '', '', '', '', '', '', '', '', '', '', '', 2),
(392, 397, 'PBLO. SANTA CATARINA', 'OTRO', '', '', '', '', '', '', '', '', '', '', '', '', '', 2),
(393, 398, 'PBLO. AGUA ZARCA', 'OTRO', '', '', '', '', '', '', '', '', '', '', '', '', '', 2),
(394, 399, 'OTRO', '', '', '', '', '', '', '', '', '', '', '', '', '', '', 2),
(395, 400, 'PBLO. XITOPONTLA', 'LAS PALMERAS', 'OTRO', '', '', '', '', '', '', '', '', '', '', '', '', 2),
(396, 401, 'PBLO. TRAPICHE VIEJO', 'OTRO', '', '', '', '', '', '', '', '', '', '', '', '', '', 2),
(397, 402, 'PBLO. TLALCOMULCO', 'OTRO', '', '', '', '', '', '', '', '', '', '', '', '', '', 2),
(398, 403, 'PBLO. XOCOYOLZINTLA', 'OTRO', '', '', '', '', '', '', '', '', '', '', '', '', '', 2),
(399, 404, 'PBLO. OXTOYAHUALCO', 'OTRO', '', '', '', '', '', '', '', '', '', '', '', '', '', 2),
(400, 405, 'CONJ HAB. OXTOTITLAN', 'OTRO', '', '', '', '', '', '', '', '', '', '', '', '', '', 2),
(401, 406, 'PBLO. TECOANAPA', 'OTRO', '', '', '', '', '', '', '', '', '', '', '', '', '', 2),
(402, 407, 'PBLO. YUPITEPEC', 'OTRO', '', '', '', '', '', '', '', '', '', '', '', '', '', 2),
(403, 408, 'PBLO. POCHUTLA', 'OTRO', '', '', '', '', '', '', '', '', '', '', '', '', '', 2),
(404, 409, 'PBLO. ALPOYECANCINGO', 'OTRO', '', '', '', '', '', '', '', '', '', '', '', '', '', 2),
(405, 411, 'BARR. CRUZ VERDE', 'BARR. EL NOPALAR', 'BARR. CENTRO', 'OTRO', '', '', '', '', '', '', '', '', '', '', '', 3),
(406, 412, 'SANTA CRUZ', 'BARR. CENTRO', 'BARR. EL CALVARIO', 'OTRO', '', '', '', '', '', '', '', '', '', '', '', 3),
(407, 413, 'BARR. LA UNION', 'BARR. SAN LORENZO', 'BARR. EL CALVARIO', 'BARR. CENTRO', 'OTRO', '', '', '', '', '', '', '', '', '', '', 3),
(408, 414, 'BARR LA UNION', 'BARR. EL PANTEON', 'BARR. EL NOPALAR', 'BARR. CENTRO', 'BARR. SANTO ESPIRITU', 'BARR. NUEVO', 'OTRO', '', '', '', '', '', '', '', '', 3),
(409, 415, 'PBLO. CHANGATA', 'OTRO', '', '', '', '', '', '', '', '', '', '', '', '', '', 3),
(410, 416, 'PBLO. SAN LORENZO', 'OTRO', '', '', '', '', '', '', '', '', '', '', '', '', '', 3),
(411, 417, 'BARR. CENTRO', 'BARR. LOS TANQUES', 'BARR. EL LLANITO', 'BARR. NUEVO', 'OTRO', '', '', '', '', '', '', '', '', '', '', 3),
(412, 418, 'BARR. CENTRO', 'BARR. NUEVO', 'BARR. ALTOS DE JALISCO', 'BARR. COMARCA LAGUNERA', 'BARR. CASERONES', 'BARR. RECODO', 'OTRO', '', '', '', '', '', '', '', '', 3),
(413, 419, 'BARR. LA DEPORTIVA', 'BARR. GUADALUPANO', 'BARR. CENTRO', 'BARR. PROGRESO', 'OTRO', '', '', '', '', '', '', '', '', '', '', 3),
(414, 420, 'PBLO. SAN BARTOLO', 'OTRO', '', '', '', '', '', '', '', '', '', '', '', '', '', 3),
(415, 421, 'PBLO. SAN JERONIMO EL GRANDE', 'OTRO', '', '', '', '', '', '', '', '', '', '', '', '', '', 3),
(416, 422, 'BARR. SAN LUCAS Y MARIA GORET', 'BARR. DE LA VIRGEN', 'BARR. SAN JOSE', 'OTRO', '', '', '', '', '', '', '', '', '', '', '', 3),
(417, 423, 'BARR. VILLA HERMOSA', 'BARR. DE LA CRUZ', 'BARR. SAN NICOLAS', 'OTRO', '', '', '', '', '', '', '', '', '', '', '', 3),
(418, 424, 'PBLO. ANONITAS', 'EL RANCHITO', 'OTRO', '', '', '', '', '', '', '', '', '', '', '', '', 3),
(419, 425, 'PBLO. ZACAHUAJE', 'OTRO', '', '', '', '', '', '', '', '', '', '', '', '', '', 3),
(420, 426, 'PBLO. AYAVITLE', 'OTRO', '', '', '', '', '', '', '', '', '', '', '', '', '', 3),
(421, 427, 'PBLO. SANTA ANA DEL AGUILA', 'OTRO', '', '', '', '', '', '', '', '', '', '', '', '', '', 3),
(422, 428, 'PBLO. EL AGUAJE', 'PBLO. NANCHE COLORADO', 'OTRO', '', '', '', '', '', '', '', '', '', '', '', '', 3),
(423, 429, 'PBLO. IXCAPUZALCO', 'OTRO', '', '', '', '', '', '', '', '', '', '', '', '', '', 3),
(424, 430, 'PBLO. SANTA ROSA ORIENTE', 'OTRO', '', '', '', '', '', '', '', '', '', '', '', '', '', 3),
(425, 431, 'HIDALGO', 'OTRO', '', '', '', '', '', '', '', '', '', '', '', '', '', 3),
(426, 432, 'PBLO. SAN MATEO', 'OTRO', '', '', '', '', '', '', '', '', '', '', '', '', '', 3),
(427, 434, 'PBLO. SAN CRISTOBAL', 'OTRO', '', '', '', '', '', '', '', '', '', '', '', '', '', 3),
(428, 435, 'PBLO. LAS JUNTAS', 'OTRO', '', '', '', '', '', '', '', '', '', '', '', '', '', 3),
(429, 436, 'PBLO. SAN PABLO ORIENTE', 'OTRO', '', '', '', '', '', '', '', '', '', '', '', '', '', 3),
(430, 437, 'PBLO. HUAYATENCO', 'OTRO', '', '', '', '', '', '', '', '', '', '', '', '', '', 3),
(431, 438, 'PBLO. SANTA ROSA DE LIMA', 'OTRO', '', '', '', '', '', '', '', '', '', '', '', '', '', 3),
(432, 439, 'PBLO. SAN GABRIEL', 'OTRO', '', '', '', '', '', '', '', '', '', '', '', '', '', 3),
(433, 440, 'PBLO. SAN MARCOS', 'LOS FABIANES', 'OTRO', '', '', '', '', '', '', '', '', '', '', '', '', 3),
(434, 441, 'PBLO. LA COMUNIDAD', 'OTRO', '', '', '', '', '', '', '', '', '', '', '', '', '', 3),
(435, 442, 'PBLO. EL REPARO', 'OTRO', '', '', '', '', '', '', '', '', '', '', '', '', '', 3),
(436, 443, 'PBLO. LA LAJA', 'OTRO', '', '', '', '', '', '', '', '', '', '', '', '', '', 3);
INSERT INTO `secciones` (`id`, `Seccion`, `ColoniaUno`, `ColoniaDos`, `ColoniaTres`, `ColoniaCuatro`, `ColoniaCinco`, `ColoniaSeis`, `ColoniaSiete`, `ColoniaOcho`, `ColoniaNueve`, `ColoniaDiez`, `ColoniaOnce`, `ColoniaDoce`, `ColoniaTrece`, `ColoniaCatorce`, `ColoniaQuince`, `ClaveMunicipio`) VALUES
(437, 444, 'PBLO. SAN PEDRO', 'OTRO', '', '', '', '', '', '', '', '', '', '', '', '', '', 3),
(438, 445, 'PBLO. LA CAÑA', 'OTRO', '', '', '', '', '', '', '', '', '', '', '', '', '', 3),
(439, 446, 'PBLO. LAS GARZAS', 'OTRO', '', '', '', '', '', '', '', '', '', '', '', '', '', 3),
(440, 447, 'PBLO. PUERTO DEL COCO', 'OTRO', '', '', '', '', '', '', '', '', '', '', '', '', '', 3),
(441, 448, 'OTRO', '', '', '', '', '', '', '', '', '', '', '', '', '', '', 3),
(442, 449, 'PBLO. LAS PIÑAS', 'OTRO', '', '', '', '', '', '', '', '', '', '', '', '', '', 3),
(443, 450, 'OTRO', '', '', '', '', '', '', '', '', '', '', '', '', '', '', 3),
(444, 453, 'OTRO', '', '', '', '', '', '', '', '', '', '', '', '', '', '', 3),
(445, 454, 'PBLO. LA TRINIDAD', 'OTRO', '', '', '', '', '', '', '', '', '', '', '', '', '', 3),
(446, 455, 'PBLO. EL BALCON', 'OTRO', '', '', '', '', '', '', '', '', '', '', '', '', '', 3),
(447, 456, 'CENTRO', 'GUADALUPE', 'SANTA MONICA', 'LAZARO CARDENAS', 'CRUZ VERDE', 'EL CALVARIO', 'OTRO', '', '', '', '', '', '', '', '', 4),
(448, 457, 'PBLO. XONACATLAN', 'OTRO', '', '', '', '', '', '', '', '', '', '', '', '', '', 4),
(449, 458, 'PBLO. AMAPILCA', 'OTRO', '', '', '', '', '', '', '', '', '', '', '', '', '', 4),
(450, 459, 'PBLO. CRUZ FANDANGO', 'SAN JUAN MIRAFLORES', 'PBLO. CUYUXTLAHUAC', 'OTRO', '', '', '', '', '', '', '', '', '', '', '', 4),
(451, 460, 'PBLO. AHUEJUTLA', 'OTRO', '', '', '', '', '', '', '', '', '', '', '', '', '', 4),
(452, 461, 'PBLO. SAN JOSE LAGUNAS', 'OTRO', '', '', '', '', '', '', '', '', '', '', '', '', '', 4),
(453, 462, 'OTRO', '', '', '', '', '', '', '', '', '', '', '', '', '', '', 4),
(454, 463, 'PBLO. ALMOLONGA DE OCAMPO', 'OTRO', '', '', '', '', '', '', '', '', '', '', '', '', '', 4),
(455, 464, 'PBLO. CHIMALTEPEC', 'OTRO', '', '', '', '', '', '', '', '', '', '', '', '', '', 4),
(456, 465, 'TIERRA BLANCA', 'BARR. RIO DE LA FLOR', 'BARR. SANTA CRUZ', 'PBLO. XOCHAPA', 'BARR. SAN FRANCISO DE ASIS', 'OTRO', '', '', '', '', '', '', '', '', '', 4),
(457, 466, 'PBLO. ACAMETLA DE BRAVO', 'OTRO', '', '', '', '', '', '', '', '', '', '', '', '', '', 4),
(458, 467, 'SANTA ROSA', 'PBLO. TLAHUAPA', 'SANTA ANITA', 'OTRO', '', '', '', '', '', '', '', '', '', '', '', 4),
(459, 468, 'PBLO. IXCUINATOYAC', 'SAN MIGUEL', 'OTRO', '', '', '', '', '', '', '', '', '', '', '', '', 4),
(460, 469, 'PBLO. MELCHOR OCAMPO', 'OTRO', '', '', '', '', '', '', '', '', '', '', '', '', '', 4),
(461, 470, 'PBLO. PETLACALANCINGO', 'OTRO', '', '', '', '', '', '', '', '', '', '', '', '', '', 4),
(462, 471, 'PBLO. LOMAZOYALT', 'OTRO', '', '', '', '', '', '', '', '', '', '', '', '', '', 4),
(463, 472, 'PBLO. ZOYATLAN DE JUAREZ', 'JAZMIN', 'SAN VICENTE', 'GUADALUPE', 'RIO PALMAR', 'HACIENDA', 'SEÑOR DEL NICHO', 'OTRO', '', '', '', '', '', '', '', 4),
(464, 473, 'PBLO. SAN MIGUEL EL GRANDE', 'OTRO', '', '', '', '', '', '', '', '', '', '', '', '', '', 4),
(465, 474, 'SAN DIEGO', 'SOCORRITO', 'CENTRO', 'DE LA GUADALUPE', 'LA JOYA', 'OTRO', '', '', '', '', '', '', '', '', '', 5),
(466, 475, 'PERPETUO SOCORRO', 'NUEVA JERUSALEN', 'SAN MARCOS', 'SANTA ROSA', 'OTRO', '', '', '', '', '', '', '', '', '', '', 5),
(467, 476, 'BARR. EL CALVARIO', 'BARR. SAN LUCAS', 'IXCATEOPAN', 'BARR. SAN MIGUEL', 'BARR. DE GUADALUPÉ', 'OTRO', '', '', '', '', '', '', '', '', '', 5),
(468, 477, 'PBLO. TECOYO', 'OTRO', '', '', '', '', '', '', '', '', '', '', '', '', '', 5),
(469, 478, 'PBLO. SAN JOSE BUENAVISTA', 'EL CALVARIO', 'OTRO', '', '', '', '', '', '', '', '', '', '', '', '', 5),
(470, 479, 'PUERTA DEL SOL', 'NANCHICAHUITE', 'EMILIANO ZAPATA', 'U HAB. CFE', 'OTRO', '', '', '', '', '', '', '', '', '', '', 6),
(471, 480, 'LAZARO CARDENAS', 'CHAPULICE O CHAPULICERA', 'CENTRO', 'INDUSTRIA', 'OTRO', '', '', '', '', '', '', '', '', '', '', 6),
(472, 481, 'NANCHICAHUITE', 'CENTRO', 'INDUSTRIA', 'OTRO', '', '', '', '', '', '', '', '', '', '', '', 6),
(473, 482, 'EL TANQUE', 'EL CHARCO', 'EL MUÑECO', 'OTRO', '', '', '', '', '', '', '', '', '', '', '', 6),
(474, 483, 'CENTRO', 'INDUSTRIA', 'EL PANTEON', 'LA SHASCUA', 'EL TANQUE', 'NANCHICAHUITE', 'OTRO', '', '', '', '', '', '', '', '', 6),
(475, 484, 'LAZARO CARDENAS', 'ADRIAN CASTREJON', 'LA SHASCUA', 'CENTRO', 'OTRO', '', '', '', '', '', '', '', '', '', '', 6),
(476, 485, 'OTRO', '', '', '', '', '', '', '', '', '', '', '', '', '', '', 6),
(477, 486, 'LIBERALTEPEC', 'OTRO', '', '', '', '', '', '', '', '', '', '', '', '', '', 6),
(478, 488, 'PBLO. PETLACALA', 'OTRO', '', '', '', '', '', '', '', '', '', '', '', '', '', 6),
(479, 489, 'OTRO', '', '', '', '', '', '', '', '', '', '', '', '', '', '', 6),
(480, 490, 'PBLO. TEPOXTEPEC', 'OTRO', '', '', '', '', '', '', '', '', '', '', '', '', '', 6),
(481, 491, 'OTRO', '', '', '', '', '', '', '', '', '', '', '', '', '', '', 6),
(482, 492, 'PBLO. XOCHITEPEC', 'OTRO', '', '', '', '', '', '', '', '', '', '', '', '', '', 6),
(483, 493, 'PBLO. TLATZALA', 'OTRO', '', '', '', '', '', '', '', '', '', '', '', '', '', 6),
(484, 494, 'PBLO. CACALOTEPEC', 'OTRO', '', '', '', '', '', '', '', '', '', '', '', '', '', 6),
(485, 495, 'OTRO', '', '', '', '', '', '', '', '', '', '', '', '', '', '', 6),
(486, 496, 'PBLO. ZACAPOXTEPEC', 'OTRO', '', '', '', '', '', '', '', '', '', '', '', '', '', 6),
(487, 497, 'OTRO', '', '', '', '', '', '', '', '', '', '', '', '', '', '', 6),
(488, 498, 'OTRO', '', '', '', '', '', '', '', '', '', '', '', '', '', '', 6),
(489, 500, 'JUAN N ALVAREZ', 'JARDIN', 'SIN NOMBRE', 'COMISION RIO BALSAS', 'NEREY', 'HEROES SURANIOS', 'OTRO', '', '', '', '', '', '', '', '', 7),
(490, 501, 'EJIDAL', 'NEREY', 'DEPORTIVA', 'OTRO', '', '', '', '', '', '', '', '', '', '', '', 7),
(491, 502, 'VISTA HERMOSA', 'LINDA VISTA', 'EMILIANO ZAPATA', 'OTRO', '', '', '', '', '', '', '', '', '', '', '', 7),
(492, 503, 'LINDA VISTA', 'EMILIANO ZAPATA', 'OTRO', '', '', '', '', '', '', '', '', '', '', '', '', 7),
(493, 504, 'HEROES SURIANOS', 'OTRO', '', '', '', '', '', '', '', '', '', '', '', '', '', 7),
(494, 505, 'CENTRO', 'LA CUERAMERA', 'OTRO', '', '', '', '', '', '', '', '', '', '', '', '', 7),
(495, 506, 'CENTRO', 'OTRO', '', '', '', '', '', '', '', '', '', '', '', '', '', 7),
(496, 507, 'EMILIANO ZAPATA', 'OTRO', '', '', '', '', '', '', '', '', '', '', '', '', '', 7),
(497, 508, 'EL BROCAL', 'OTRO', '', '', '', '', '', '', '', '', '', '', '', '', '', 7),
(498, 509, 'SIN NOMBRE', 'EMILIANO ZAPATA', 'ANSELMO GOMEZ', 'OTRO', '', '', '', '', '', '', '', '', '', '', '', 7),
(499, 510, 'ANDRES MANUEL LOPEZ OBRADOR', 'LOMA BONITA', 'PALMITAS', 'OTRO', '', '', '', '', '', '', '', '', '', '', '', 7),
(500, 511, 'PROGRESO', 'PALMITAS', 'OTRO', '', '', '', '', '', '', '', '', '', '', '', '', 7),
(501, 512, 'PADERON COLORADO', 'FRACC. EMILIANO ZAPATA', 'TIERRA Y LIBERTAD', 'REFORMA LAZARO CARDENAS', 'PBLO. EMPERADOR CUAUHTEMOC', 'LOMA BONITA', 'OTRO', '', '', '', '', '', '', '', '', 7),
(502, 513, 'PBLO. PALOS ALTOS', 'OTRO', '', '', '', '', '', '', '', '', '', '', '', '', '', 7),
(503, 514, 'PBLO. CORNL FILIBERTO GOMEZ', 'OTRO', '', '', '', '', '', '', '', '', '', '', '', '', '', 7),
(504, 515, 'PBLO. LOS BRASILES', 'OTRO', '', '', '', '', '', '', '', '', '', '', '', '', '', 7),
(505, 517, 'PBLO. OJO DE AGUA', 'OTRO', '', '', '', '', '', '', '', '', '', '', '', '', '', 7),
(506, 518, 'CENTRO', 'ALAMEDA', 'SIN NOMBRE', 'SAN FRANCISCO', 'OTRO', '', '', '', '', '', '', '', '', '', '', 7),
(507, 519, 'PBLO. EL NARANJO', 'OTRO', '', '', '', '', '', '', '', '', '', '', '', '', '', 7),
(508, 521, 'PBLO. TLALCHICHILPA', 'OTRO', '', '', '', '', '', '', '', '', '', '', '', '', '', 7),
(509, 522, 'PBLO. AHUATEPEC', 'OTRO', '', '', '', '', '', '', '', '', '', '', '', '', '', 7),
(510, 523, 'OTRO', '', '', '', '', '', '', '', '', '', '', '', '', '', '', 7),
(511, 524, 'PBLO. CERRO VERDE', 'OTRO', '', '', '', '', '', '', '', '', '', '', '', '', '', 7),
(512, 527, 'OTRO', '', '', '', '', '', '', '', '', '', '', '', '', '', '', 7),
(513, 528, 'PBLO. NUEVO LEON', 'OTRO', '', '', '', '', '', '', '', '', '', '', '', '', '', 7),
(514, 529, 'OTRO', '', '', '', '', '', '', '', '', '', '', '', '', '', '', 7),
(515, 530, 'TULATENGO', 'OTRO', '', '', '', '', '', '', '', '', '', '', '', '', '', 7),
(516, 531, 'EL VARAL', 'OTRO', '', '', '', '', '', '', '', '', '', '', '', '', '', 7),
(517, 532, 'XOCHITLA', 'AZICINTLA', 'OTRO', '', '', '', '', '', '', '', '', '', '', '', '', 7),
(518, 533, 'VISTA HERMOSA', 'LA REFORMA', 'CIRIAN', 'COPALTEPEC', 'MUMUXTITLAN', 'OTRO', '', '', '', '', '', '', '', '', '', 7),
(519, 534, 'LA CONCORDIA', 'OTRO', '', '', '', '', '', '', '', '', '', '', '', '', '', 7),
(520, 535, 'IXCATEPEC', 'OTRO', '', '', '', '', '', '', '', '', '', '', '', '', '', 7),
(521, 537, 'EL AVILUZ', 'OTRO', '', '', '', '', '', '', '', '', '', '', '', '', '', 7),
(522, 538, 'PBLO. ESCONDIDO', 'OTRO', '', '', '', '', '', '', '', '', '', '', '', '', '', 7),
(523, 539, 'PBLO. EL AMACUAHUILT', 'OTRO', '', '', '', '', '', '', '', '', '', '', '', '', '', 7),
(524, 540, 'PBLO. SAN MIGUELITO', 'OTRO', '', '', '', '', '', '', '', '', '', '', '', '', '', 7),
(525, 541, 'OTRO', '', '', '', '', '', '', '', '', '', '', '', '', '', '', 7),
(526, 542, 'PBLO. CAMPO MORADO', 'OTRO', '', '', '', '', '', '', '', '', '', '', '', '', '', 7),
(527, 546, 'PBLO. XOCHICALCO', 'OTRO', '', '', '', '', '', '', '', '', '', '', '', '', '', 7),
(528, 547, 'PBLO. EL GUAYABO', 'PBLO. EL PROGRESO', 'OTRO', '', '', '', '', '', '', '', '', '', '', '', '', 7),
(529, 548, 'PBLO. EL PROGRESO', 'OTRO', '', '', '', '', '', '', '', '', '', '', '', '', '', 7),
(530, 549, 'PBLO. VALLE GALEANA', 'OTRO', '', '', '', '', '', '', '', '', '', '', '', '', '', 7),
(531, 550, 'PBLO. TEMIXCO', 'OTRO', '', '', '', '', '', '', '', '', '', '', '', '', '', 7),
(532, 551, 'PBLO.ACHOTLA', 'OTRO', '', '', '', '', '', '', '', '', '', '', '', '', '', 7),
(533, 552, 'PBLO. SANTO TOMAS', 'OTRO', '', '', '', '', '', '', '', '', '', '', '', '', '', 7),
(534, 553, 'CENTRO', 'AGUA DEL VENADO', 'OTRO', '', '', '', '', '', '', '', '', '', '', '', '', 8),
(535, 554, 'EL VENADO', 'MIRADOR', 'EL CALVARIO', 'CENTRO', 'RINCON CHIQUITO', 'FRANCISCO FIGUEROA', 'OTRO', '', '', '', '', '', '', '', '', 8),
(536, 555, 'PBLO. TEOCALCINGO', 'OTRO', '', '', '', '', '', '', '', '', '', '', '', '', '', 8),
(537, 556, 'PBLO. ZACANGO', 'OTRO', '', '', '', '', '', '', '', '', '', '', '', '', '', 8),
(538, 557, 'PBLO. TUZANTLAN', 'LOMAS TAURINAS', 'OTRO', '', '', '', '', '', '', '', '', '', '', '', '', 8),
(539, 559, 'PBLO. COMALA DE GOMEZ', 'OTRO', '', '', '', '', '', '', '', '', '', '', '', '', '', 8),
(540, 560, 'PBLO. APANGUITO', 'OTRO', '', '', '', '', '', '', '', '', '', '', '', '', '', 8),
(541, 561, 'SAN MIGUEL', 'LA GUADALUPE', 'MORELOS', 'EL CALVARIO', 'OTRO', '', '', '', '', '', '', '', '', '', '', 8),
(542, 562, 'PBLO. TEQUICUILCO', 'OTRO', '', '', '', '', '', '', '', '', '', '', '', '', '', 8),
(543, 563, 'PBLO. TEPETLAPA', 'OTRO', '', '', '', '', '', '', '', '', '', '', '', '', '', 8),
(544, 564, 'REFORMA', 'CENTRO', 'SANTA ROSA', 'VICENTE GUERRERO', 'OTRO', '', '', '', '', '', '', '', '', '', '', 9),
(545, 565, 'PBLO. TEPECOCATLAN', 'OTRO', '', '', '', '', '', '', '', '', '', '', '', '', '', 9),
(546, 566, 'PBLO. SAN ISIDRO LABRADOR', 'MI PATRIA ES PRIMERO', 'OTRO', '', '', '', '', '', '', '', '', '', '', '', '', 9),
(547, 567, 'PBLO. EL ROSARIO', 'OTRO', '', '', '', '', '', '', '', '', '', '', '', '', '', 9),
(548, 568, 'PBLO. CAUTIPAN', 'OTRO', '', '', '', '', '', '', '', '', '', '', '', '', '', 9),
(549, 569, 'PBLO. SANTA CRUZ DE GUERRERO', 'OTRO', '', '', '', '', '', '', '', '', '', '', '', '', '', 9),
(550, 570, 'PBLO. ZILACAYOTITLAN', 'OTRO', '', '', '', '', '', '', '', '', '', '', '', '', '', 9),
(551, 571, 'PBLO. PLAN DE GUADALUPE', 'OTRO', '', '', '', '', '', '', '', '', '', '', '', '', '', 9),
(552, 572, 'PBLO. CHINAMECA', 'PBLO. HUEHUETEPEC', 'OTRO', '', '', '', '', '', '', '', '', '', '', '', '', 9),
(553, 573, 'CENTRO', 'JACARANDA', 'EL PEDREGAL', 'OTRO', '', '', '', '', '', '', '', '', '', '', '', 10),
(554, 575, 'OTRO', '', '', '', '', '', '', '', '', '', '', '', '', '', '', 10),
(555, 576, 'PBLO. ZOYAPEXCO', 'OTRO', '', '', '', '', '', '', '', '', '', '', '', '', '', 10),
(556, 577, 'PBLO. PETATLAN', 'BUENA VISTA', 'DEL RIO', 'COYOTOMATE', 'ZACATIPA', 'LIMONTITLAN', 'OTRO', '', '', '', '', '', '', '', '', 10),
(557, 578, 'TECOCOMULAPA', 'OTRO', '', '', '', '', '', '', '', '', '', '', '', '', '', 10),
(558, 579, 'LOS MANANTIALES', 'LAS DOS CRUCES', 'OTRO', '', '', '', '', '', '', '', '', '', '', '', '', 10),
(559, 580, 'PBLO. HUITZACOTLA', 'LOS OCOTITOS', 'LAS MINAS', 'OTRO', '', '', '', '', '', '', '', '', '', '', '', 10),
(560, 581, 'PBLO. LOS MESONES', 'OTRO', '', '', '', '', '', '', '', '', '', '', '', '', '', 10),
(561, 582, 'SAN MIGUEL', 'SANTA ANA', 'HERMOSA PROVIDENCIA', 'ZAPATA', 'SAN LUCAS', 'VILLA DE GUADALUPE', 'OTRO', '', '', '', '', '', '', '', '', 10),
(562, 583, 'OTRO', '', '', '', '', '', '', '', '', '', '', '', '', '', '', 10),
(563, 584, 'PBLO. CUAPALA', 'OTRO', '', '', '', '', '', '', '', '', '', '', '', '', '', 10),
(564, 585, 'XALPITZAHUAC', 'BARR. SAN JOSE', 'OTRO', '', '', '', '', '', '', '', '', '', '', '', '', 10),
(565, 586, 'PBLO. HUITZAPULA NORTE', 'PBLO. HUITZAPULA SUR', 'EL CALVARIO', 'TOTOMIXTLAHUACA', 'HIXTLAHUACORRAL', 'OTRO', '', '', '', '', '', '', '', '', '', 10),
(566, 587, 'PBLO. CACALOTEPEC', 'OTRO', '', '', '', '', '', '', '', '', '', '', '', '', '', 10),
(567, 588, 'OTRO', '', '', '', '', '', '', '', '', '', '', '', '', '', '', 10),
(568, 589, 'HUIXOLOTEPEC', 'IXTLAHUA ROJA', 'OTRO', '', '', '', '', '', '', '', '', '', '', '', '', 10),
(569, 590, 'TLACOXOCHAPA', 'OTRO', '', '', '', '', '', '', '', '', '', '', '', '', '', 10),
(570, 591, 'SAN LUCAS TEOCUITLAPA', 'OTRO', '', '', '', '', '', '', '', '', '', '', '', '', '', 10),
(571, 592, 'ZOQUITLAN', 'OTRO', '', '', '', '', '', '', '', '', '', '', '', '', '', 10),
(572, 593, 'OTRO', '', '', '', '', '', '', '', '', '', '', '', '', '', '', 10),
(573, 594, 'PBLO. TONALAPA', 'OTRO', '', '', '', '', '', '', '', '', '', '', '', '', '', 10),
(574, 595, 'PBLO. CAXITEPEC', 'OTRO', '', '', '', '', '', '', '', '', '', '', '', '', '', 10),
(575, 596, 'EL CHICO', 'JUAN N ALVAREZ', 'EL BARRENO', 'CENTRO', 'OTRO', '', '', '', '', '', '', '', '', '', '', 11),
(576, 597, 'UNION Y PROGRESO', 'EL RANCHITO', 'JUAN N ALVAREZ', 'FORESTAL', 'INSURGENTES MORELOS', 'OTRO', '', '', '', '', '', '', '', '', '', 11),
(577, 598, 'FLORIDA', 'AMPL. FLORIDA', 'FRACC. RODOLFO NERI VELA', 'OTRO', '', '', '', '', '', '', '', '', '', '', '', 11),
(578, 599, 'CENTRO', 'EL PARAZAL', 'OTRO', '', '', '', '', '', '', '', '', '', '', '', '', 11),
(579, 600, 'POLANCO', 'LOMA BONITA', 'LA LIBERTAD', 'MARTIRES', 'PINDECUA', 'CD. CD DE LOS SERVICIOS', 'VICENTE GUERRERO', 'FRANCISCO VILLA (EL CERRITO)', 'LUCIO CABAÑAS BARRIENTO', 'OTRO', '', '', '', '', '', 11),
(581, 602, 'CENTRO', 'FRANCISCO VILLA', 'OTRO', '', '', '', '', '', '', '', '', '', '', '', '', 11),
(582, 603, 'CENTRO', 'OTRO', '', '', '', '', '', '', '', '', '', '', '', '', '', 11),
(583, 604, 'CENTRO', 'FRANCISCO VILLA', 'SONORA', 'OTRO', '', '', '', '', '', '', '', '', '', '', '', 11),
(584, 605, 'MARTIRES', 'VICENTE GUERRERO', 'PINDECUA', 'OTRO', '', '', '', '', '', '', '', '', '', '', '', 11),
(585, 606, 'CENTRO', 'MANUEL TELLEZ', 'OTRO', '', '', '', '', '', '', '', '', '', '', '', '', 11),
(586, 607, 'ACAPULQUITO', 'SILVESTRE MARISCAL', 'CENTRO', 'OTRO', '', '', '', '', '', '', '', '', '', '', '', 11),
(587, 608, 'CENTRO', 'LA VILLITA', 'SANTA DOROTEA', 'OTRO', '', '', '', '', '', '', '', '', '', '', '', 11),
(588, 609, 'BENITO JUAREZ', 'VICENTE GUERRERO', 'PINDECUA', 'MANUEL TELLEZ', 'AMPL. MANUEL TELLEZ', 'OTRO', '', '', '', '', '', '', '', '', '', 11),
(589, 610, 'LOMAS DEL SUR', 'ANTONIO CAMPO', 'LA VILLITA', 'SANTA DOROTEA', 'FRACC. RDCIAL BILLAMIEL', 'FRACC. ELIAS SALOMON RADILLA', 'OTRO', '', '', '', '', '', '', '', '', 11),
(590, 611, 'LAS PALMERAS', 'MODERNA', 'SILVESTRE MARISCAL', 'GENERAL EMILIANO ZAPATA', 'LOMAS DEL SUR', 'OTRO', '', '', '', '', '', '', '', '', '', 11),
(591, 612, 'PBLO. COL CENTRO', 'PBLO. COL LA VILLITA', 'PBLO. COL VIRGEN DE GUADALUPE', 'PBLO. COL LA MIRA', 'PBLO. COL CHIPILILLO', 'PBLO. COL LA TENTACION', 'OTRO', '', '', '', '', '', '', '', '', 11),
(592, 613, 'PBLO. SANTO DOMINGO', 'OTRO', '', '', '', '', '', '', '', '', '', '', '', '', '', 11),
(593, 614, 'OTRO', '', '', '', '', '', '', '', '', '', '', '', '', '', '', 11),
(594, 615, 'PBLO. RIO DEL BALSAMO', 'OTRO', '', '', '', '', '', '', '', '', '', '', '', '', '', 11),
(595, 616, 'PBLO. DELICIAS DEL PLAN GRANDE', 'OTRO', '', '', '', '', '', '', '', '', '', '', '', '', '', 11),
(596, 619, 'PBLO. EL EDEN', 'OTRO', '', '', '', '', '', '', '', '', '', '', '', '', '', 11),
(597, 620, 'PBLO. PUENTE DEL REY', 'PBLO. PUENTE DE LOS LUGARDOS', 'OTRO', '', '', '', '', '', '', '', '', '', '', '', '', 11),
(598, 621, 'ERMITA', 'LAS FLORES', 'LA GUADALUPANA', 'OTRO', '', '', '', '', '', '', '', '', '', '', '', 11),
(599, 622, 'LA PINTADA', 'EL MIRADOS', 'EL RECODO', 'LA GUADALUPANA', 'OTRO', '', '', '', '', '', '', '', '', '', '', 11),
(600, 623, 'VISTA HERMOSA', 'NUEVA ORIENTE', 'OTRO', '', '', '', '', '', '', '', '', '', '', '', '', 11),
(601, 624, 'CENTRO', 'EL PORVENIR', 'NUEVA ORIENTE', 'OTRO', '', '', '', '', '', '', '', '', '', '', '', 11),
(602, 626, 'PBLO. EL CACAO', 'OTRO', '', '', '', '', '', '', '', '', '', '', '', '', '', 11),
(603, 627, 'PBLO. SAN JUAN DE LAS FLORES', 'OTRO', '', '', '', '', '', '', '', '', '', '', '', '', '', 11),
(604, 628, 'PBLO. EL CAMARON', 'OTRO', '', '', '', '', '', '', '', '', '', '', '', '', '', 11),
(605, 630, 'PBLO. SAN VICENTE DE BENITEZ', 'OTRO', '', '', '', '', '', '', '', '', '', '', '', '', '', 11),
(606, 631, 'PBLO. AGUA FRIA', 'OTRO', '', '', '', '', '', '', '', '', '', '', '', '', '', 11),
(607, 632, 'PBLO. LOS VALLES', 'PBLO. TRES PASOS', 'OTRO', '', '', '', '', '', '', '', '', '', '', '', '', 11),
(608, 633, 'PBLO. SAN VICENTE DE JESUS (SAN JOSE)', 'OTRO', '', '', '', '', '', '', '', '', '', '', '', '', '', 11),
(609, 634, 'PBLO. MEXCALTEPEC', 'OTRO', '', '', '', '', '', '', '', '', '', '', '', '', '', 11),
(610, 636, 'PBLO. EL SALTO GRANDE', 'OTRO', '', '', '', '', '', '', '', '', '', '', '', '', '', 11),
(611, 637, 'PBLO. SAN ANDRES DE LA CRUZ', 'OTRO', '', '', '', '', '', '', '', '', '', '', '', '', '', 11),
(612, 638, 'PBLO. SAN FRANCISCO DEL TIBOR', 'OTRO', '', '', '', '', '', '', '', '', '', '', '', '', '', 11),
(613, 639, 'PBLO. RIO SANTIAGO', 'OTRO', '', '', '', '', '', '', '', '', '', '', '', '', '', 11),
(614, 640, 'PBLO. RINCON DE LAS PAROTAS', 'OTRO', '', '', '', '', '', '', '', '', '', '', '', '', '', 11),
(615, 641, 'PBLO. SANTIAGO DE LA UNION', 'PBLO. LLANOS DE SANTIAGO', 'OTRO', '', '', '', '', '', '', '', '', '', '', '', '', 11),
(616, 642, 'PBLO. LA REMONTA', 'OTRO', '', '', '', '', '', '', '', '', '', '', '', '', '', 11),
(617, 644, 'PBLO. EL ACHOTAL', 'PBLO. EL CUCUYACHI', 'OTRO', '', '', '', '', '', '', '', '', '', '', '', '', 11),
(618, 645, 'PIEDRA REDONDA', 'LOS LLANITOS', 'EL MANANTIAL', 'BARR. DEL ALTO', 'Z MIL. ZONA MILITAR', 'U HAB. U DEPORTIVA MILITAR', 'OTRO', '', '', '', '', '', '', '', '', 11),
(619, 646, 'VILLA DEL CARMEN', 'BARR. DEL ALTO', 'PBLO. EL TICUI', 'OTRO', '', '', '', '', '', '', '', '', '', '', '', 11),
(620, 647, 'PBLO. EL TICUI', 'OTRO', '', '', '', '', '', '', '', '', '', '', '', '', '', 11),
(621, 649, 'PBLO. LAS TRINCHERAS', 'OTRO', '', '', '', '', '', '', '', '', '', '', '', '', '', 11),
(622, 650, 'PBLO. EL QUEMADO', 'OTRO', '', '', '', '', '', '', '', '', '', '', '', '', '', 11),
(623, 651, 'OTRO', '', '', '', '', '', '', '', '', '', '', '', '', '', '', 11),
(624, 652, 'SAN MARTIN', 'OTRO', '', '', '', '', '', '', '', '', '', '', '', '', '', 11),
(625, 653, 'PBLO. MIRANDA FONSECA', 'PBLO. COL LAZARO CARDENAS', 'RANCHO LA FORTUNA', 'OTRO', '', '', '', '', '', '', '', '', '', '', '', 11),
(626, 654, 'PBLO. BOCA DE ARROYO', 'OTRO', '', '', '', '', '', '', '', '', '', '', '', '', '', 11),
(627, 655, 'PBLO. IXTLA', 'OTRO', '', '', '', '', '', '', '', '', '', '', '', '', '', 11),
(628, 656, 'PBLO. LA ZUZUCA', 'OTRO', '', '', '', '', '', '', '', '', '', '', '', '', '', 11),
(629, 657, 'PBLO. CORRAL FALSO', 'OTRO', '', '', '', '', '', '', '', '', '', '', '', '', '', 11),
(630, 658, 'PBLO. EL HUMO', 'PBLO. QUINTO PATIO', 'OTRO', '', '', '', '', '', '', '', '', '', '', '', '', 11),
(631, 659, 'EL CIRUELAR', 'LA CENTRAL', 'LA OLIMPICA', 'OTRO', '', '', '', '', '', '', '', '', '', '', '', 11),
(632, 660, 'PBLO. LA VAINILLA', 'OTRO', '', '', '', '', '', '', '', '', '', '', '', '', '', 11),
(633, 661, 'LA Y GRIEGA', 'LAS PALMERAS', 'OTRO', '', '', '', '', '', '', '', '', '', '', '', '', 11),
(634, 662, 'PBLO. BUENOS AIRES', 'OTRO', '', '', '', '', '', '', '', '', '', '', '', '', '', 11),
(635, 663, 'PBLO. LA LAJA', 'ALCHOLOA', 'LAS GRANADAS', 'OTRO', '', '', '', '', '', '', '', '', '', '', '', 11),
(636, 664, 'PBLO. CACALUTLA', 'OTRO', '', '', '', '', '', '', '', '', '', '', '', '', '', 11),
(637, 665, 'PBLO. CACALUTLA', 'OTRO', '', '', '', '', '', '', '', '', '', '', '', '', '', 11),
(638, 667, 'PBLO. CUAUHTEMOC', 'OTRO', '', '', '', '', '', '', '', '', '', '', '', '', '', 11),
(639, 668, 'ZACUALPAN', 'LOS ANGELES', 'DEL ARROYO', 'EL CEREZAL', 'EL VERGEL', 'OTRO', '', '', '', '', '', '', '', '', '', 11),
(640, 669, 'PBLO. VICENTE GUERRERO', 'ZACUALPAN', 'LA AURORITA', 'NUEVO MILENIO', 'OTRO', '', '', '', '', '', '', '', '', '', '', 11),
(641, 670, 'EL MIRADOR', '18 DE MAYO', 'LOMAS DEL SUR', 'PINDECUA', 'OTRO', '', '', '', '', '', '', '', '', '', '', 11),
(642, 671, 'DEL VALLE', 'SINAI', 'REFORMA', 'BARRIO NUEVO', 'JARDINES', 'MIGUEL HIDALGO', 'VISTA HERMOSA', 'PLAN DE AYUTLA', 'SAN FELIPE', 'JUSTICIA AGRARIA', 'ISRAEL NOGUEDA OTERO', 'INDUSTRIAL', 'ADULFO MATILDES RAMOS', 'OTRO', '', 12),
(643, 672, 'CRUZ ALTA', 'SAN VALENTIN', 'BENITO JUAREZ', 'INDEPENDENCIA', 'SAN FELIPE', 'NETZAHUALCOYOTL', 'NUEVA REVOLUCION', 'OTRO', '', '', '', '', '', '', '', 12),
(644, 673, 'CENTRO', 'OTRO', '', '', '', '', '', '', '', '', '', '', '', '', '', 12),
(645, 674, 'SAN JOSE', 'VICENTE GUERRERO', 'CENTRO', 'LUIS DONALDO COLOSIO', 'LA ESPERANZA', 'LAZARO CARDENAS', 'FRACC. YOPITZINGO', 'OTRO', '', '', '', '', '', '', '', 12),
(646, 675, 'LA VILLA', 'PIEDRA DEL ZOPILOTE', 'CHILPANCINGUITO', 'OTRO', '', '', '', '', '', '', '', '', '', '', '', 12),
(647, 676, 'OTRO', '', '', '', '', '', '', '', '', '', '', '', '', '', '', 12),
(648, 677, 'PBLO. ACALMANI', 'OTRO', '', '', '', '', '', '', '', '', '', '', '', '', '', 12),
(649, 678, 'OTRO', '', '', '', '', '', '', '', '', '', '', '', '', '', '', 12),
(650, 679, 'PBLO. LOS TEPETATES', 'OTRO', '', '', '', '', '', '', '', '', '', '', '', '', '', 12),
(651, 680, 'PBLO. TECRUZ', 'OTRO', '', '', '', '', '', '', '', '', '', '', '', '', '', 12),
(652, 681, 'OTRO', '', '', '', '', '', '', '', '', '', '', '', '', '', '', 12),
(653, 682, 'PBLO. APANTLA', 'OTRO', '', '', '', '', '', '', '', '', '', '', '', '', '', 12),
(654, 683, 'PBLO. EL REFUGIO', 'OTRO', '', '', '', '', '', '', '', '', '', '', '', '', '', 12),
(655, 684, 'PBLO. LAS CRUCES', 'PBLO. COLOTEPEC', 'OTRO', '', '', '', '', '', '', '', '', '', '', '', '', 12),
(656, 685, 'OTRO', '', '', '', '', '', '', '', '', '', '', '', '', '', '', 12),
(657, 686, 'PBLO. EL SALTO', 'OTRO', '', '', '', '', '', '', '', '', '', '', '', '', '', 12),
(658, 687, 'OTRO', '', '', '', '', '', '', '', '', '', '', '', '', '', '', 12),
(659, 688, 'OTRO', '', '', '', '', '', '', '', '', '', '', '', '', '', '', 12),
(660, 689, 'PBLO. EL MATARINDO', 'OTRO', '', '', '', '', '', '', '', '', '', '', '', '', '', 12),
(661, 690, 'PBLO. SAN MIGUEL', 'PROGRESO SIGLO XXI', 'OTRO', '', '', '', '', '', '', '', '', '', '', '', '', 12),
(662, 691, 'OTRO', '', '', '', '', '', '', '', '', '', '', '', '', '', '', 12),
(663, 692, 'PBLO. EL CORTIJO', 'OTRO', '', '', '', '', '', '', '', '', '', '', '', '', '', 12),
(664, 693, 'PBLO. TLALAPA', 'OTRO', '', '', '', '', '', '', '', '', '', '', '', '', '', 12),
(665, 694, 'SAN JOSE LA HACIENDA', 'OTRO', '', '', '', '', '', '', '', '', '', '', '', '', '', 12),
(666, 695, 'OTRO', '', '', '', '', '', '', '', '', '', '', '', '', '', '', 12),
(667, 696, 'OTRO', '', '', '', '', '', '', '', '', '', '', '', '', '', '', 12),
(668, 697, 'PBLO. CERRO GORDO VIEJO', 'OTRO', '', '', '', '', '', '', '', '', '', '', '', '', '', 12),
(669, 698, 'OTRO', '', '', '', '', '', '', '', '', '', '', '', '', '', '', 12),
(670, 699, 'OTRO', '', '', '', '', '', '', '', '', '', '', '', '', '', '', 12),
(671, 700, 'PBLO. EL PARAISO', 'OTRO', '', '', '', '', '', '', '', '', '', '', '', '', '', 12),
(672, 701, 'OTRO', '', '', '', '', '', '', '', '', '', '', '', '', '', '', 12),
(673, 702, 'PBLO. COTZALZIN', 'OTRO', '', '', '', '', '', '', '', '', '', '', '', '', '', 12),
(674, 703, 'PBLO. TUTEPEC', 'OTRO', '', '', '', '', '', '', '', '', '', '', '', '', '', 12),
(675, 704, 'PBLO. EL ROSARIO', 'OTRO', '', '', '', '', '', '', '', '', '', '', '', '', '', 12),
(676, 705, 'PBLO. TEPANGO', 'PBLO. SAN ANTONIO ABAD', 'OTRO', '', '', '', '', '', '', '', '', '', '', '', '', 12),
(677, 706, 'OTRO', '', '', '', '', '', '', '', '', '', '', '', '', '', '', 12),
(678, 707, 'PBLO. LA CONCORDIA', 'OTRO', '', '', '', '', '', '', '', '', '', '', '', '', '', 12),
(679, 708, 'OTRO', '', '', '', '', '', '', '', '', '', '', '', '', '', '', 12),
(680, 709, 'PBLO. LA ANGOSTURA', 'OTRO', '', '', '', '', '', '', '', '', '', '', '', '', '', 12),
(681, 710, 'PBLO. POZOLAPA', 'OTRO', '', '', '', '', '', '', '', '', '', '', '', '', '', 12),
(682, 711, 'PBLO. TONALA', 'OTRO', '', '', '', '', '', '', '', '', '', '', '', '', '', 12),
(683, 712, 'PBLO. MEZON ZAPOTE', 'OTRO', '', '', '', '', '', '', '', '', '', '', '', '', '', 12),
(684, 713, 'PBLO. EL VANO', 'OTRO', '', '', '', '', '', '', '', '', '', '', '', '', '', 12),
(685, 714, 'PBLO. EL MEZON', 'OTRO', '', '', '', '', '', '', '', '', '', '', '', '', '', 12),
(686, 715, 'PBLO. ZEMPAZULCO', 'OTRO', '', '', '', '', '', '', '', '', '', '', '', '', '', 12),
(687, 716, 'OTRO', '', '', '', '', '', '', '', '', '', '', '', '', '', '', 12),
(688, 717, 'PBLO. EL ZAPOTE', 'OTRO', '', '', '', '', '', '', '', '', '', '', '', '', '', 12),
(689, 718, 'PBLO. AHUACACHAHUE', 'OTRO', '', '', '', '', '', '', '', '', '', '', '', '', '', 12),
(690, 719, 'PBLO. LA AZOZUCA', 'PBLO. PALMA SOLA', 'OTRO', '', '', '', '', '', '', '', '', '', '', '', '', 12),
(691, 720, 'PBLO. LA UNION', 'OTRO', '', '', '', '', '', '', '', '', '', '', '', '', '', 12),
(692, 721, 'PBLO. EL GUINEO', 'OTRO', '', '', '', '', '', '', '', '', '', '', '', '', '', 12),
(693, 722, 'OTRO', '', '', '', '', '', '', '', '', '', '', '', '', '', '', 12),
(694, 723, 'OTRO', '', '', '', '', '', '', '', '', '', '', '', '', '', '', 12),
(695, 724, 'OTRO', '', '', '', '', '', '', '', '', '', '', '', '', '', '', 12),
(696, 2723, 'PBLO. CIENEGA SAUCE', 'OTRO', '', '', '', '', '', '', '', '', '', '', '', '', '', 12),
(697, 725, 'BARR. TIXNAPI', 'BARR. DE LA GUADALUPE', 'BARR. TRINCHERA (LOS REMEDIOS)', 'BARR. TEPEYAC', 'CENTRO', 'OTRO', '', '', '', '', '', '', '', '', '', 13),
(698, 726, 'LA GRANJA', 'LAS PALMITAS', 'CENTRO', 'BARR. TEPEYAC', 'BARR. MATACUBA', 'BARR. DE LA CRUCITA (BARRIO ORIENTE)', 'BARR. DEL PANTEON', 'OTRO', '', '', '', '', '', '', '', 13),
(699, 727, 'BARR. DEL AGUACATE', 'BARR. DEL BAJIO', 'BARR. DEL CAMPO AEREO', 'CENTRO', 'BARR. LAS OLLITAS', 'BARR. TRINCHERA (LOS REMEDIOS)', 'BARR. SAN JOSE', 'OTRO', '', '', '', '', '', '', '', 13),
(700, 728, 'PBLO. QUETZALAPA', 'OTRO', '', '', '', '', '', '', '', '', '', '', '', '', '', 13),
(701, 729, 'PBLO. MAXMADI', 'OTRO', '', '', '', '', '', '', '', '', '', '', '', '', '', 13),
(702, 730, 'PBLO. ARCELIA DEL PROGRESO', 'OTRO', '', '', '', '', '', '', '', '', '', '', '', '', '', 13),
(703, 731, 'PBLO. ZAPOTITLAN DE LA FUENTE', 'OTRO', '', '', '', '', '', '', '', '', '', '', '', '', '', 13),
(704, 733, 'PBLO. EL MACAHUITE', 'OTRO', '', '', '', '', '', '', '', '', '', '', '', '', '', 13),
(705, 734, 'PBLO. EL CARRIZO', 'OTRO', '', '', '', '', '', '', '', '', '', '', '', '', '', 13),
(706, 736, 'PBLO. LA PELOTA', 'OTRO', '', '', '', '', '', '', '', '', '', '', '', '', '', 13),
(707, 737, 'PBLO. TENANGO', 'OTRO', '', '', '', '', '', '', '', '', '', '', '', '', '', 13),
(708, 738, 'PBLO. TALAPILLAS', 'PBLO. LA BOCANA', 'OTRO', '', '', '', '', '', '', '', '', '', '', '', '', 13),
(709, 741, 'PBLO. HUEHUETAN', 'OTRO', '', '', '', '', '', '', '', '', '', '', '', '', '', 13),
(710, 742, 'OTRO', '', '', '', '', '', '', '', '', '', '', '', '', '', '', 13),
(711, 751, 'PBLO. LOS CHEGUES', 'OTRO', '', '', '', '', '', '', '', '', '', '', '', '', '', 13),
(712, 760, 'PBLO. EL ARENAL', 'OTRO', '', '', '', '', '', '', '', '', '', '', '', '', '', 13),
(713, 761, 'PBLO. BANCO DE ORO', 'OTRO', '', '', '', '', '', '', '', '', '', '', '', '', '', 13),
(714, 763, 'CERRO DE LOS MONOS', 'INDUSTRIAL', 'MAESTRO', 'COREA', 'EL CUYO', 'VISTA HERMOSA', 'OTRO', '', '', '', '', '', '', '', '', 14),
(715, 764, 'EL TIESTO', 'EL CUYO', 'CENTRO', 'OTRO', '', '', '', '', '', '', '', '', '', '', '', 14),
(716, 765, 'MIGUEL HIDALGO', 'EL CUYO', 'CENTRO', 'OTRO', '', '', '', '', '', '', '', '', '', '', '', 14),
(717, 766, 'SOLIDARIDAD', 'EL HUIZACHE', 'OTRO', '', '', '', '', '', '', '', '', '', '', '', '', 14),
(718, 767, 'LOMA BONITA', 'VISTA HERMOSA', 'OTRO', '', '', '', '', '', '', '', '', '', '', '', '', 14),
(719, 768, 'PBLO. LLANO DE LA PUERTA', 'OTRO', '', '', '', '', '', '', '', '', '', '', '', '', '', 14),
(720, 769, 'PBLO. LOS ORGANOS', 'PBLO. LOS TOROS', 'OTRO', '', '', '', '', '', '', '', '', '', '', '', '', 14),
(721, 770, 'PBLO. ARENAL DE GOMEZ', 'OTRO', '', '', '', '', '', '', '', '', '', '', '', '', '', 14),
(722, 771, 'PBLO. EL TOMATAL', 'OTRO', '', '', '', '', '', '', '', '', '', '', '', '', '', 14),
(723, 772, 'PBLO. ARENAL DEL CENTRO', 'OTRO', '', '', '', '', '', '', '', '', '', '', '', '', '', 14),
(724, 773, 'PBLO. ARENAL DE ALVAREZ', 'OTRO', '', '', '', '', '', '', '', '', '', '', '', '', '', 14),
(725, 774, 'PBLO. LAS TUNAS', 'LA POZA', 'OTRO', '', '', '', '', '', '', '', '', '', '', '', '', 14),
(726, 775, 'LA POZA', 'LAS BRISAS', 'OTRO', '', '', '', '', '', '', '', '', '', '', '', '', 14),
(727, 776, 'PBLO. HACIENDA DE CABAÑAS', 'OTRO', '', '', '', '', '', '', '', '', '', '', '', '', '', 14),
(728, 777, 'PBLO. LLANO REAL', 'FRACC. PLAYA LLANO REAL', 'OTRO', '', '', '', '', '', '', '', '', '', '', '', '', 14),
(729, 778, 'TLALCHICHILPA', 'CENTRO', 'LAS PALMAS', 'FRACC. EL TEXCAL', 'SAN ANTONIO', 'OTRO', '', '', '', '', '', '', '', '', '', 15),
(730, 779, 'SAN ANTONIO', 'CENTRO', 'AGUA BUENA', 'OTRO', '', '', '', '', '', '', '', '', '', '', '', 15),
(731, 780, 'AGUA BUENA', 'LA GUADALUPE', 'CENTRO', 'OTRO', '', '', '', '', '', '', '', '', '', '', '', 15),
(732, 781, 'LA GUADALUPE', 'TLALCHICHILPA', 'LA HUERTA', 'CENTRO', 'OTRO', '', '', '', '', '', '', '', '', '', '', 15),
(733, 782, 'PBLO. SANTA FE TEPETLAPA', 'OTRO', '', '', '', '', '', '', '', '', '', '', '', '', '', 15),
(734, 783, 'PBLO. ZACAPALCO', 'OTRO', '', '', '', '', '', '', '', '', '', '', '', '', '', 15),
(735, 784, 'PBLO. PALMILLAS', 'OTRO', '', '', '', '', '', '', '', '', '', '', '', '', '', 15),
(736, 785, 'PBLO. COXCATLAN', 'OTRO', '', '', '', '', '', '', '', '', '', '', '', '', '', 15),
(737, 786, 'PBLO. VENTA DE LA NEGRA', 'OTRO', '', '', '', '', '', '', '', '', '', '', '', '', '', 15),
(738, 787, 'PBLO. LOS AMATES', 'OTRO', '', '', '', '', '', '', '', '', '', '', '', '', '', 15),
(739, 788, 'PBLO. CIENEGUILLAS', 'OTRO', '', '', '', '', '', '', '', '', '', '', '', '', '', 15),
(740, 789, 'SIN NOMBRE', 'OTRO', '', '', '', '', '', '', '', '', '', '', '', '', '', 16),
(741, 790, 'SIN NOMBRE', 'OTRO', '', '', '', '', '', '', '', '', '', '', '', '', '', 16),
(742, 791, 'PBLO. LAS BALSAS (VINATA)', 'OTRO', '', '', '', '', '', '', '', '', '', '', '', '', '', 16),
(743, 792, 'PBLO. JAZMIN', 'OTRO', '', '', '', '', '', '', '', '', '', '', '', '', '', 16),
(744, 793, 'OTRO', '', '', '', '', '', '', '', '', '', '', '', '', '', '', 16),
(745, 794, 'PBLO. MATAMOROS', 'OTRO', '', '', '', '', '', '', '', '', '', '', '', '', '', 16),
(746, 795, 'PBLO. SAN JOS ANOTA', 'OTRO', '', '', '', '', '', '', '', '', '', '', '', '', '', 16),
(747, 796, 'OTRO', '', '', '', '', '', '', '', '', '', '', '', '', '', '', 16),
(748, 797, 'PBLO. EL ZOPILOTE', 'OTRO', '', '', '', '', '', '', '', '', '', '', '', '', '', 16),
(749, 798, 'PBLO. ANTN SIMN', 'OTRO', '', '', '', '', '', '', '', '', '', '', '', '', '', 16),
(750, 799, 'PBLO. BARRIO DE GUZMAN', 'OTRO', '', '', '', '', '', '', '', '', '', '', '', '', '', 16),
(751, 800, 'PBLO. BARRIO DE LOZANO', 'OTRO', '', '', '', '', '', '', '', '', '', '', '', '', '', 16),
(752, 801, 'PBLO. AMATEPEC', 'OTRO', '', '', '', '', '', '', '', '', '', '', '', '', '', 16),
(753, 802, 'OTRO', '', '', '', '', '', '', '', '', '', '', '', '', '', '', 16),
(754, 803, 'PBLO. SAN ANTONIO', 'OTRO', '', '', '', '', '', '', '', '', '', '', '', '', '', 16),
(755, 804, 'SAN VICENTE', 'OTRO', '', '', '', '', '', '', '', '', '', '', '', '', '', 16),
(756, 805, 'PBLO. GALEANA I', 'OTRO', '', '', '', '', '', '', '', '', '', '', '', '', '', 16),
(757, 806, 'PBLO. SAN ISIDRO EL GALLO', 'OTRO', '', '', '', '', '', '', '', '', '', '', '', '', '', 16),
(758, 807, 'PBLO. TRES PALOS', 'OTRO', '', '', '', '', '', '', '', '', '', '', '', '', '', 16),
(759, 808, 'PBLO. PLATANILLO', 'OTRO', '', '', '', '', '', '', '', '', '', '', '', '', '', 16),
(760, 809, 'PBLO. ZOYATAN', 'OTRO', '', '', '', '', '', '', '', '', '', '', '', '', '', 16),
(761, 810, 'PBLO. EL AGUACATE', 'OTRO', '', '', '', '', '', '', '', '', '', '', '', '', '', 16),
(762, 811, 'PBLO. LA VAINILLA', 'OTRO', '', '', '', '', '', '', '', '', '', '', '', '', '', 16),
(763, 813, 'CONJ HAB. LA PAROTITA', 'OTRO', '', '', '', '', '', '', '', '', '', '', '', '', '', 16),
(764, 814, 'PBLO. EL NARANJO', 'OTRO', '', '', '', '', '', '', '', '', '', '', '', '', '', 16),
(765, 815, 'PBLO. SAN CRISTOBAL', 'PBLO. SANTA ROSA', 'OTRO', '', '', '', '', '', '', '', '', '', '', '', '', 16),
(766, 817, 'COLMENEROS', 'OTRO', '', '', '', '', '', '', '', '', '', '', '', '', '', 16),
(767, 818, 'PBLO. LOMAS BLANCAS', 'OTRO', '', '', '', '', '', '', '', '', '', '', '', '', '', 16),
(768, 819, 'PBLO. NUEVA CUADRILLA', 'OTRO', '', '', '', '', '', '', '', '', '', '', '', '', '', 16),
(769, 820, 'BARR. SAN BARTOLO', 'BARR. SAN FRANCISCO', 'OTRO', '', '', '', '', '', '', '', '', '', '', '', '', 17),
(770, 821, 'LA GUADALUPE', 'BARR. SAN BARTOLO', 'BARR. SAN FRANCISCO', 'U HAB. NABOR OJEDA', 'OTRO', '', '', '', '', '', '', '', '', '', '', 17),
(771, 822, 'SAN MIGUEL', 'AMPLIACION CENTRO', 'BARR. SAN MIGUEL', 'BARR. LA CONCEPCION', 'OTRO', '', '', '', '', '', '', '', '', '', '', 17),
(772, 823, 'VICENTE GUERRERO', 'OTRO', '', '', '', '', '', '', '', '', '', '', '', '', '', 17),
(773, 824, 'PBLO. TECOMATLAN', 'OTRO', '', '', '', '', '', '', '', '', '', '', '', '', '', 17),
(774, 825, 'PBLO. TRIUNFO O TOMAS GOMEZ', 'PBLO. EL MUNICIPIO', 'OTRO', '', '', '', '', '', '', '', '', '', '', '', '', 17),
(775, 826, 'PBLO. XONACATLA', 'OTRO', '', '', '', '', '', '', '', '', '', '', '', '', '', 17),
(776, 827, 'PBLO. APANGO', 'OTRO', '', '', '', '', '', '', '', '', '', '', '', '', '', 17),
(777, 828, 'OTRO', '', '', '', '', '', '', '', '', '', '', '', '', '', '', 17),
(778, 829, 'PBLO. PUENTE DEL RIO SAN JUAN', 'OTRO', '', '', '', '', '', '', '', '', '', '', '', '', '', 17),
(779, 830, 'PBLO. ATLIXTAC', 'OTRO', '', '', '', '', '', '', '', '', '', '', '', '', '', 17),
(780, 831, 'EPIFANIO RODRIGUEZ', 'BARR. APIPILULCO', 'OTRO', '', '', '', '', '', '', '', '', '', '', '', '', 17),
(781, 832, 'EPIFANIO RODRIGUEZ', 'BARR. APIPILULCO', 'OTRO', '', '', '', '', '', '', '', '', '', '', '', '', 17),
(782, 833, 'EPIFANIO RODRIGUEZ', 'OTRO', '', '', '', '', '', '', '', '', '', '', '', '', '', 17),
(783, 834, 'PBLO. LA MOHONERA', 'OTRO', '', '', '', '', '', '', '', '', '', '', '', '', '', 17),
(784, 835, 'PBLO. TLANIPATLAN', 'OTRO', '', '', '', '', '', '', '', '', '', '', '', '', '', 17),
(785, 836, 'OTRO', '', '', '', '', '', '', '', '', '', '', '', '', '', '', 17),
(786, 837, 'PBLO. ACALMANTLILA', 'OTRO', '', '', '', '', '', '', '', '', '', '', '', '', '', 17),
(787, 838, 'OTRO', '', '', '', '', '', '', '', '', '', '', '', '', '', '', 17),
(788, 839, 'PBLO. NUEVO BALSAS', 'OTRO', '', '', '', '', '', '', '', '', '', '', '', '', '', 17),
(789, 840, 'PBLO. NUEVO BALSAS', 'OTRO', '', '', '', '', '', '', '', '', '', '', '', '', '', 17),
(790, 841, 'OTRO', '', '', '', '', '', '', '', '', '', '', '', '', '', '', 17),
(791, 842, 'KIOSKO NUEVO LA FUNDACION', 'OTRO', '', '', '', '', '', '', '', '', '', '', '', '', '', 17),
(792, 843, 'PBLO. ATZCALA', 'OTRO', '', '', '', '', '', '', '', '', '', '', '', '', '', 17),
(793, 844, 'EL HUICON', 'CHARCHOVE', 'EL MANGUITO', 'LAS FLORES', 'CENTRO', 'OTRO', '', '', '', '', '', '', '', '', '', 18),
(794, 845, 'EL MAGUEY', 'ADOLFO LOPEZ MATEOS', 'VISTA MAR', 'LAS FLORES', 'EL CRUCERO', 'EL MANGUITO', 'OTRO', '', '', '', '', '', '', '', '', 18),
(795, 846, 'CELAYA', 'EL CRUCERO', 'LAS FLORES', 'LA LOMA', 'EL ARROYO', 'CENTRO', 'OTRO', '', '', '', '', '', '', '', '', 18),
(796, 847, 'CELAYA', 'LA CRUCITA', 'CENTRO', 'EL MAGUEY', 'VISTA HERMOSA', 'BARR. NUEVO', 'OTRO', '', '', '', '', '', '', '', '', 18),
(797, 848, 'PBLO. LAS PEÑAS', 'OTRO', '', '', '', '', '', '', '', '', '', '', '', '', '', 18),
(798, 849, 'PBLO. EL CARRIZO', 'OTRO', '', '', '', '', '', '', '', '', '', '', '', '', '', 18),
(799, 850, 'PBLO. ATRIXCO', 'OTRO', '', '', '', '', '', '', '', '', '', '', '', '', '', 18),
(800, 851, 'PBLO. SAN FRANCISCO DE ASIS', 'OTRO', '', '', '', '', '', '', '', '', '', '', '', '', '', 18),
(801, 852, 'PBLO. CAMPANILLAS', 'PBLO. LOS LIRIOS', 'OTRO', '', '', '', '', '', '', '', '', '', '', '', '', 18),
(802, 853, '', '', '', '', '', '', '', '', '', '', '', '', '', '', '', 18),
(803, 854, '', '', '', '', '', '', '', '', '', '', '', '', '', '', '', 18),
(804, 855, '', '', '', '', '', '', '', '', '', '', '', '', '', '', '', 18),
(805, 856, '', '', '', '', '', '', '', '', '', '', '', '', '', '', '', 18),
(806, 857, '', '', '', '', '', '', '', '', '', '', '', '', '', '', '', 18),
(807, 858, '', '', '', '', '', '', '', '', '', '', '', '', '', '', '', 19),
(808, 859, '', '', '', '', '', '', '', '', '', '', '', '', '', '', '', 19),
(809, 860, '', '', '', '', '', '', '', '', '', '', '', '', '', '', '', 19),
(810, 861, '', '', '', '', '', '', '', '', '', '', '', '', '', '', '', 19),
(811, 862, '', '', '', '', '', '', '', '', '', '', '', '', '', '', '', 19),
(812, 863, '', '', '', '', '', '', '', '', '', '', '', '', '', '', '', 19),
(813, 864, '', '', '', '', '', '', '', '', '', '', '', '', '', '', '', 19),
(814, 865, '', '', '', '', '', '', '', '', '', '', '', '', '', '', '', 19),
(815, 866, '', '', '', '', '', '', '', '', '', '', '', '', '', '', '', 19),
(816, 867, '', '', '', '', '', '', '', '', '', '', '', '', '', '', '', 19),
(817, 868, '', '', '', '', '', '', '', '', '', '', '', '', '', '', '', 20),
(818, 869, '', '', '', '', '', '', '', '', '', '', '', '', '', '', '', 20),
(819, 870, '', '', '', '', '', '', '', '', '', '', '', '', '', '', '', 20),
(820, 871, '', '', '', '', '', '', '', '', '', '', '', '', '', '', '', 20),
(821, 872, '', '', '', '', '', '', '', '', '', '', '', '', '', '', '', 20),
(822, 873, '', '', '', '', '', '', '', '', '', '', '', '', '', '', '', 20),
(823, 874, '', '', '', '', '', '', '', '', '', '', '', '', '', '', '', 20),
(824, 875, '', '', '', '', '', '', '', '', '', '', '', '', '', '', '', 20),
(825, 876, '', '', '', '', '', '', '', '', '', '', '', '', '', '', '', 20),
(826, 877, '', '', '', '', '', '', '', '', '', '', '', '', '', '', '', 20),
(827, 878, '', '', '', '', '', '', '', '', '', '', '', '', '', '', '', 20),
(828, 879, '', '', '', '', '', '', '', '', '', '', '', '', '', '', '', 20),
(829, 880, '', '', '', '', '', '', '', '', '', '', '', '', '', '', '', 20),
(830, 881, '', '', '', '', '', '', '', '', '', '', '', '', '', '', '', 20),
(831, 882, '', '', '', '', '', '', '', '', '', '', '', '', '', '', '', 20),
(832, 883, '', '', '', '', '', '', '', '', '', '', '', '', '', '', '', 21),
(833, 884, '', '', '', '', '', '', '', '', '', '', '', '', '', '', '', 21),
(834, 885, '', '', '', '', '', '', '', '', '', '', '', '', '', '', '', 21),
(835, 886, '', '', '', '', '', '', '', '', '', '', '', '', '', '', '', 21),
(836, 887, '', '', '', '', '', '', '', '', '', '', '', '', '', '', '', 21),
(837, 888, '', '', '', '', '', '', '', '', '', '', '', '', '', '', '', 21),
(838, 889, '', '', '', '', '', '', '', '', '', '', '', '', '', '', '', 21),
(839, 890, '', '', '', '', '', '', '', '', '', '', '', '', '', '', '', 21),
(840, 891, '', '', '', '', '', '', '', '', '', '', '', '', '', '', '', 21),
(841, 892, '', '', '', '', '', '', '', '', '', '', '', '', '', '', '', 21),
(842, 893, '', '', '', '', '', '', '', '', '', '', '', '', '', '', '', 21),
(843, 894, '', '', '', '', '', '', '', '', '', '', '', '', '', '', '', 21),
(844, 895, '', '', '', '', '', '', '', '', '', '', '', '', '', '', '', 21),
(845, 896, '', '', '', '', '', '', '', '', '', '', '', '', '', '', '', 21),
(846, 897, '', '', '', '', '', '', '', '', '', '', '', '', '', '', '', 21),
(847, 898, '', '', '', '', '', '', '', '', '', '', '', '', '', '', '', 21),
(848, 899, '', '', '', '', '', '', '', '', '', '', '', '', '', '', '', 21),
(849, 900, '', '', '', '', '', '', '', '', '', '', '', '', '', '', '', 21),
(850, 901, '', '', '', '', '', '', '', '', '', '', '', '', '', '', '', 21),
(851, 902, '', '', '', '', '', '', '', '', '', '', '', '', '', '', '', 21),
(852, 903, '', '', '', '', '', '', '', '', '', '', '', '', '', '', '', 21),
(853, 904, '', '', '', '', '', '', '', '', '', '', '', '', '', '', '', 21),
(854, 905, '', '', '', '', '', '', '', '', '', '', '', '', '', '', '', 21),
(855, 906, '', '', '', '', '', '', '', '', '', '', '', '', '', '', '', 21),
(856, 907, '', '', '', '', '', '', '', '', '', '', '', '', '', '', '', 21),
(857, 908, '', '', '', '', '', '', '', '', '', '', '', '', '', '', '', 21),
(858, 909, '', '', '', '', '', '', '', '', '', '', '', '', '', '', '', 21),
(859, 910, '', '', '', '', '', '', '', '', '', '', '', '', '', '', '', 21),
(860, 911, '', '', '', '', '', '', '', '', '', '', '', '', '', '', '', 21),
(861, 912, '', '', '', '', '', '', '', '', '', '', '', '', '', '', '', 21),
(862, 913, '', '', '', '', '', '', '', '', '', '', '', '', '', '', '', 21),
(863, 914, '', '', '', '', '', '', '', '', '', '', '', '', '', '', '', 21),
(864, 915, '', '', '', '', '', '', '', '', '', '', '', '', '', '', '', 21),
(865, 916, '', '', '', '', '', '', '', '', '', '', '', '', '', '', '', 21),
(866, 917, '', '', '', '', '', '', '', '', '', '', '', '', '', '', '', 21),
(867, 918, '', '', '', '', '', '', '', '', '', '', '', '', '', '', '', 21),
(868, 919, '', '', '', '', '', '', '', '', '', '', '', '', '', '', '', 21),
(869, 920, '', '', '', '', '', '', '', '', '', '', '', '', '', '', '', 21),
(870, 921, '', '', '', '', '', '', '', '', '', '', '', '', '', '', '', 21),
(871, 922, '', '', '', '', '', '', '', '', '', '', '', '', '', '', '', 21),
(872, 923, '', '', '', '', '', '', '', '', '', '', '', '', '', '', '', 21),
(873, 924, '', '', '', '', '', '', '', '', '', '', '', '', '', '', '', 21),
(874, 925, '', '', '', '', '', '', '', '', '', '', '', '', '', '', '', 21),
(875, 926, '', '', '', '', '', '', '', '', '', '', '', '', '', '', '', 21),
(876, 927, '', '', '', '', '', '', '', '', '', '', '', '', '', '', '', 21),
(877, 928, '', '', '', '', '', '', '', '', '', '', '', '', '', '', '', 21),
(878, 929, '', '', '', '', '', '', '', '', '', '', '', '', '', '', '', 21),
(879, 930, '', '', '', '', '', '', '', '', '', '', '', '', '', '', '', 21),
(880, 931, '', '', '', '', '', '', '', '', '', '', '', '', '', '', '', 21),
(881, 932, '', '', '', '', '', '', '', '', '', '', '', '', '', '', '', 21),
(882, 933, '', '', '', '', '', '', '', '', '', '', '', '', '', '', '', 21),
(883, 934, '', '', '', '', '', '', '', '', '', '', '', '', '', '', '', 21),
(884, 935, '', '', '', '', '', '', '', '', '', '', '', '', '', '', '', 21),
(885, 936, '', '', '', '', '', '', '', '', '', '', '', '', '', '', '', 21),
(886, 937, '', '', '', '', '', '', '', '', '', '', '', '', '', '', '', 21),
(887, 939, '', '', '', '', '', '', '', '', '', '', '', '', '', '', '', 21),
(888, 940, '', '', '', '', '', '', '', '', '', '', '', '', '', '', '', 21),
(889, 941, '', '', '', '', '', '', '', '', '', '', '', '', '', '', '', 21),
(890, 942, '', '', '', '', '', '', '', '', '', '', '', '', '', '', '', 21),
(891, 943, '', '', '', '', '', '', '', '', '', '', '', '', '', '', '', 22),
(892, 944, '', '', '', '', '', '', '', '', '', '', '', '', '', '', '', 22),
(893, 945, '', '', '', '', '', '', '', '', '', '', '', '', '', '', '', 22),
(894, 946, '', '', '', '', '', '', '', '', '', '', '', '', '', '', '', 22),
(895, 947, '', '', '', '', '', '', '', '', '', '', '', '', '', '', '', 22),
(896, 949, '', '', '', '', '', '', '', '', '', '', '', '', '', '', '', 22),
(897, 950, '', '', '', '', '', '', '', '', '', '', '', '', '', '', '', 22),
(898, 951, '', '', '', '', '', '', '', '', '', '', '', '', '', '', '', 22),
(899, 952, '', '', '', '', '', '', '', '', '', '', '', '', '', '', '', 22),
(900, 953, '', '', '', '', '', '', '', '', '', '', '', '', '', '', '', 22),
(901, 954, '', '', '', '', '', '', '', '', '', '', '', '', '', '', '', 22),
(902, 955, '', '', '', '', '', '', '', '', '', '', '', '', '', '', '', 22),
(903, 956, '', '', '', '', '', '', '', '', '', '', '', '', '', '', '', 22),
(904, 957, '', '', '', '', '', '', '', '', '', '', '', '', '', '', '', 22),
(905, 958, '', '', '', '', '', '', '', '', '', '', '', '', '', '', '', 22),
(906, 959, '', '', '', '', '', '', '', '', '', '', '', '', '', '', '', 22),
(907, 960, '', '', '', '', '', '', '', '', '', '', '', '', '', '', '', 22),
(908, 961, '', '', '', '', '', '', '', '', '', '', '', '', '', '', '', 22),
(909, 962, '', '', '', '', '', '', '', '', '', '', '', '', '', '', '', 22),
(910, 963, '', '', '', '', '', '', '', '', '', '', '', '', '', '', '', 22),
(911, 964, '', '', '', '', '', '', '', '', '', '', '', '', '', '', '', 22),
(912, 965, '', '', '', '', '', '', '', '', '', '', '', '', '', '', '', 22),
(913, 966, '', '', '', '', '', '', '', '', '', '', '', '', '', '', '', 22),
(914, 967, '', '', '', '', '', '', '', '', '', '', '', '', '', '', '', 22),
(915, 968, '', '', '', '', '', '', '', '', '', '', '', '', '', '', '', 22),
(916, 969, '', '', '', '', '', '', '', '', '', '', '', '', '', '', '', 22),
(917, 970, '', '', '', '', '', '', '', '', '', '', '', '', '', '', '', 22),
(918, 971, '', '', '', '', '', '', '', '', '', '', '', '', '', '', '', 22),
(919, 972, '', '', '', '', '', '', '', '', '', '', '', '', '', '', '', 22),
(920, 973, '', '', '', '', '', '', '', '', '', '', '', '', '', '', '', 22),
(921, 974, '', '', '', '', '', '', '', '', '', '', '', '', '', '', '', 22),
(922, 975, '', '', '', '', '', '', '', '', '', '', '', '', '', '', '', 22),
(923, 976, '', '', '', '', '', '', '', '', '', '', '', '', '', '', '', 22),
(924, 977, '', '', '', '', '', '', '', '', '', '', '', '', '', '', '', 22),
(925, 978, '', '', '', '', '', '', '', '', '', '', '', '', '', '', '', 22),
(926, 979, '', '', '', '', '', '', '', '', '', '', '', '', '', '', '', 22),
(927, 980, '', '', '', '', '', '', '', '', '', '', '', '', '', '', '', 22),
(928, 981, '', '', '', '', '', '', '', '', '', '', '', '', '', '', '', 22),
(929, 982, '', '', '', '', '', '', '', '', '', '', '', '', '', '', '', 22),
(930, 983, '', '', '', '', '', '', '', '', '', '', '', '', '', '', '', 22),
(931, 985, '', '', '', '', '', '', '', '', '', '', '', '', '', '', '', 22),
(932, 986, '', '', '', '', '', '', '', '', '', '', '', '', '', '', '', 22),
(933, 987, '', '', '', '', '', '', '', '', '', '', '', '', '', '', '', 22),
(934, 988, '', '', '', '', '', '', '', '', '', '', '', '', '', '', '', 22),
(935, 989, '', '', '', '', '', '', '', '', '', '', '', '', '', '', '', 22),
(936, 990, '', '', '', '', '', '', '', '', '', '', '', '', '', '', '', 22),
(937, 991, '', '', '', '', '', '', '', '', '', '', '', '', '', '', '', 22),
(938, 992, '', '', '', '', '', '', '', '', '', '', '', '', '', '', '', 22),
(939, 993, '', '', '', '', '', '', '', '', '', '', '', '', '', '', '', 22),
(940, 994, '', '', '', '', '', '', '', '', '', '', '', '', '', '', '', 22),
(941, 995, '', '', '', '', '', '', '', '', '', '', '', '', '', '', '', 22),
(942, 996, '', '', '', '', '', '', '', '', '', '', '', '', '', '', '', 22),
(943, 997, '', '', '', '', '', '', '', '', '', '', '', '', '', '', '', 22),
(944, 998, '', '', '', '', '', '', '', '', '', '', '', '', '', '', '', 22),
(945, 999, '', '', '', '', '', '', '', '', '', '', '', '', '', '', '', 22),
(946, 1000, '', '', '', '', '', '', '', '', '', '', '', '', '', '', '', 22),
(947, 1001, '', '', '', '', '', '', '', '', '', '', '', '', '', '', '', 23),
(948, 1002, '', '', '', '', '', '', '', '', '', '', '', '', '', '', '', 23),
(949, 1003, '', '', '', '', '', '', '', '', '', '', '', '', '', '', '', 23),
(950, 1004, '', '', '', '', '', '', '', '', '', '', '', '', '', '', '', 23),
(951, 1005, '', '', '', '', '', '', '', '', '', '', '', '', '', '', '', 23),
(952, 1006, '', '', '', '', '', '', '', '', '', '', '', '', '', '', '', 23),
(953, 1007, '', '', '', '', '', '', '', '', '', '', '', '', '', '', '', 23),
(954, 1008, '', '', '', '', '', '', '', '', '', '', '', '', '', '', '', 23),
(955, 1009, '', '', '', '', '', '', '', '', '', '', '', '', '', '', '', 23),
(956, 1010, '', '', '', '', '', '', '', '', '', '', '', '', '', '', '', 23),
(957, 1011, '', '', '', '', '', '', '', '', '', '', '', '', '', '', '', 23),
(958, 1012, '', '', '', '', '', '', '', '', '', '', '', '', '', '', '', 23),
(959, 1013, '', '', '', '', '', '', '', '', '', '', '', '', '', '', '', 23),
(960, 1014, '', '', '', '', '', '', '', '', '', '', '', '', '', '', '', 23),
(961, 1015, '', '', '', '', '', '', '', '', '', '', '', '', '', '', '', 23),
(962, 1016, '', '', '', '', '', '', '', '', '', '', '', '', '', '', '', 23),
(963, 1017, '', '', '', '', '', '', '', '', '', '', '', '', '', '', '', 23),
(964, 1018, '', '', '', '', '', '', '', '', '', '', '', '', '', '', '', 23),
(965, 1019, '', '', '', '', '', '', '', '', '', '', '', '', '', '', '', 23),
(966, 1020, '', '', '', '', '', '', '', '', '', '', '', '', '', '', '', 23),
(967, 1021, '', '', '', '', '', '', '', '', '', '', '', '', '', '', '', 23),
(968, 1023, '', '', '', '', '', '', '', '', '', '', '', '', '', '', '', 23),
(969, 1024, '', '', '', '', '', '', '', '', '', '', '', '', '', '', '', 23),
(970, 1025, '', '', '', '', '', '', '', '', '', '', '', '', '', '', '', 23);
INSERT INTO `secciones` (`id`, `Seccion`, `ColoniaUno`, `ColoniaDos`, `ColoniaTres`, `ColoniaCuatro`, `ColoniaCinco`, `ColoniaSeis`, `ColoniaSiete`, `ColoniaOcho`, `ColoniaNueve`, `ColoniaDiez`, `ColoniaOnce`, `ColoniaDoce`, `ColoniaTrece`, `ColoniaCatorce`, `ColoniaQuince`, `ClaveMunicipio`) VALUES
(971, 1026, '', '', '', '', '', '', '', '', '', '', '', '', '', '', '', 23),
(972, 1027, '', '', '', '', '', '', '', '', '', '', '', '', '', '', '', 23),
(973, 1028, '', '', '', '', '', '', '', '', '', '', '', '', '', '', '', 23),
(974, 1029, '', '', '', '', '', '', '', '', '', '', '', '', '', '', '', 23),
(975, 1030, '', '', '', '', '', '', '', '', '', '', '', '', '', '', '', 24),
(976, 1031, '', '', '', '', '', '', '', '', '', '', '', '', '', '', '', 24),
(977, 1032, '', '', '', '', '', '', '', '', '', '', '', '', '', '', '', 24),
(978, 1033, '', '', '', '', '', '', '', '', '', '', '', '', '', '', '', 24),
(979, 1034, '', '', '', '', '', '', '', '', '', '', '', '', '', '', '', 24),
(980, 1035, '', '', '', '', '', '', '', '', '', '', '', '', '', '', '', 24),
(981, 1036, '', '', '', '', '', '', '', '', '', '', '', '', '', '', '', 24),
(982, 1037, '', '', '', '', '', '', '', '', '', '', '', '', '', '', '', 25),
(983, 1038, '', '', '', '', '', '', '', '', '', '', '', '', '', '', '', 25),
(984, 1039, '', '', '', '', '', '', '', '', '', '', '', '', '', '', '', 25),
(985, 1040, '', '', '', '', '', '', '', '', '', '', '', '', '', '', '', 25),
(986, 1041, '', '', '', '', '', '', '', '', '', '', '', '', '', '', '', 25),
(987, 1042, '', '', '', '', '', '', '', '', '', '', '', '', '', '', '', 25),
(988, 1043, '', '', '', '', '', '', '', '', '', '', '', '', '', '', '', 25),
(989, 1044, '', '', '', '', '', '', '', '', '', '', '', '', '', '', '', 25),
(990, 1045, '', '', '', '', '', '', '', '', '', '', '', '', '', '', '', 25),
(991, 1046, '', '', '', '', '', '', '', '', '', '', '', '', '', '', '', 25),
(992, 1047, '', '', '', '', '', '', '', '', '', '', '', '', '', '', '', 25),
(993, 1048, '', '', '', '', '', '', '', '', '', '', '', '', '', '', '', 25),
(994, 1049, '', '', '', '', '', '', '', '', '', '', '', '', '', '', '', 25),
(995, 1050, '', '', '', '', '', '', '', '', '', '', '', '', '', '', '', 26),
(996, 1051, '', '', '', '', '', '', '', '', '', '', '', '', '', '', '', 26),
(997, 1052, '', '', '', '', '', '', '', '', '', '', '', '', '', '', '', 26),
(998, 1053, '', '', '', '', '', '', '', '', '', '', '', '', '', '', '', 26),
(999, 1054, '', '', '', '', '', '', '', '', '', '', '', '', '', '', '', 26),
(1000, 1055, '', '', '', '', '', '', '', '', '', '', '', '', '', '', '', 26),
(1001, 1056, '', '', '', '', '', '', '', '', '', '', '', '', '', '', '', 26),
(1002, 1057, '', '', '', '', '', '', '', '', '', '', '', '', '', '', '', 26),
(1003, 1058, '', '', '', '', '', '', '', '', '', '', '', '', '', '', '', 26),
(1004, 1059, '', '', '', '', '', '', '', '', '', '', '', '', '', '', '', 26),
(1005, 1060, '', '', '', '', '', '', '', '', '', '', '', '', '', '', '', 26),
(1006, 1061, '', '', '', '', '', '', '', '', '', '', '', '', '', '', '', 26),
(1007, 1062, '', '', '', '', '', '', '', '', '', '', '', '', '', '', '', 26),
(1008, 1063, '', '', '', '', '', '', '', '', '', '', '', '', '', '', '', 26),
(1009, 1064, '', '', '', '', '', '', '', '', '', '', '', '', '', '', '', 26),
(1010, 1065, '', '', '', '', '', '', '', '', '', '', '', '', '', '', '', 26),
(1011, 1067, '', '', '', '', '', '', '', '', '', '', '', '', '', '', '', 27),
(1012, 1068, '', '', '', '', '', '', '', '', '', '', '', '', '', '', '', 27),
(1013, 1069, '', '', '', '', '', '', '', '', '', '', '', '', '', '', '', 27),
(1014, 1070, '', '', '', '', '', '', '', '', '', '', '', '', '', '', '', 27),
(1015, 1071, '', '', '', '', '', '', '', '', '', '', '', '', '', '', '', 27),
(1016, 1072, '', '', '', '', '', '', '', '', '', '', '', '', '', '', '', 27),
(1017, 1074, '', '', '', '', '', '', '', '', '', '', '', '', '', '', '', 27),
(1018, 1075, '', '', '', '', '', '', '', '', '', '', '', '', '', '', '', 27),
(1019, 1076, '', '', '', '', '', '', '', '', '', '', '', '', '', '', '', 27),
(1020, 1077, '', '', '', '', '', '', '', '', '', '', '', '', '', '', '', 27),
(1021, 1079, '', '', '', '', '', '', '', '', '', '', '', '', '', '', '', 27),
(1022, 1080, '', '', '', '', '', '', '', '', '', '', '', '', '', '', '', 27),
(1023, 1081, '', '', '', '', '', '', '', '', '', '', '', '', '', '', '', 27),
(1024, 1082, '', '', '', '', '', '', '', '', '', '', '', '', '', '', '', 27),
(1025, 1083, '', '', '', '', '', '', '', '', '', '', '', '', '', '', '', 27),
(1026, 1084, '', '', '', '', '', '', '', '', '', '', '', '', '', '', '', 27),
(1027, 1086, '', '', '', '', '', '', '', '', '', '', '', '', '', '', '', 27),
(1028, 1087, '', '', '', '', '', '', '', '', '', '', '', '', '', '', '', 27),
(1029, 1088, '', '', '', '', '', '', '', '', '', '', '', '', '', '', '', 27),
(1030, 1089, '', '', '', '', '', '', '', '', '', '', '', '', '', '', '', 27),
(1031, 1090, '', '', '', '', '', '', '', '', '', '', '', '', '', '', '', 27),
(1032, 1091, '', '', '', '', '', '', '', '', '', '', '', '', '', '', '', 27),
(1033, 1092, '', '', '', '', '', '', '', '', '', '', '', '', '', '', '', 27),
(1034, 1093, '', '', '', '', '', '', '', '', '', '', '', '', '', '', '', 27),
(1035, 1094, '', '', '', '', '', '', '', '', '', '', '', '', '', '', '', 27),
(1036, 1095, '', '', '', '', '', '', '', '', '', '', '', '', '', '', '', 27),
(1037, 1096, '', '', '', '', '', '', '', '', '', '', '', '', '', '', '', 27),
(1038, 1097, '', '', '', '', '', '', '', '', '', '', '', '', '', '', '', 27),
(1039, 1098, '', '', '', '', '', '', '', '', '', '', '', '', '', '', '', 27),
(1040, 1099, '', '', '', '', '', '', '', '', '', '', '', '', '', '', '', 27),
(1041, 1100, '', '', '', '', '', '', '', '', '', '', '', '', '', '', '', 27),
(1042, 1101, '', '', '', '', '', '', '', '', '', '', '', '', '', '', '', 27),
(1043, 1102, '', '', '', '', '', '', '', '', '', '', '', '', '', '', '', 27),
(1044, 1103, '', '', '', '', '', '', '', '', '', '', '', '', '', '', '', 27),
(1045, 1104, '', '', '', '', '', '', '', '', '', '', '', '', '', '', '', 27),
(1046, 1105, '', '', '', '', '', '', '', '', '', '', '', '', '', '', '', 27),
(1047, 1106, '', '', '', '', '', '', '', '', '', '', '', '', '', '', '', 27),
(1048, 1107, '', '', '', '', '', '', '', '', '', '', '', '', '', '', '', 27),
(1049, 1108, '', '', '', '', '', '', '', '', '', '', '', '', '', '', '', 27),
(1050, 1109, '', '', '', '', '', '', '', '', '', '', '', '', '', '', '', 27),
(1051, 1110, '', '', '', '', '', '', '', '', '', '', '', '', '', '', '', 27),
(1052, 1111, '', '', '', '', '', '', '', '', '', '', '', '', '', '', '', 27),
(1053, 1112, '', '', '', '', '', '', '', '', '', '', '', '', '', '', '', 28),
(1054, 1113, '', '', '', '', '', '', '', '', '', '', '', '', '', '', '', 28),
(1055, 1114, '', '', '', '', '', '', '', '', '', '', '', '', '', '', '', 28),
(1056, 1115, '', '', '', '', '', '', '', '', '', '', '', '', '', '', '', 28),
(1057, 1116, '', '', '', '', '', '', '', '', '', '', '', '', '', '', '', 28),
(1058, 1117, '', '', '', '', '', '', '', '', '', '', '', '', '', '', '', 28),
(1059, 1118, '', '', '', '', '', '', '', '', '', '', '', '', '', '', '', 28),
(1060, 1119, '', '', '', '', '', '', '', '', '', '', '', '', '', '', '', 28),
(1061, 1120, '', '', '', '', '', '', '', '', '', '', '', '', '', '', '', 28),
(1062, 1121, '', '', '', '', '', '', '', '', '', '', '', '', '', '', '', 28),
(1063, 1122, '', '', '', '', '', '', '', '', '', '', '', '', '', '', '', 28),
(1064, 1123, '', '', '', '', '', '', '', '', '', '', '', '', '', '', '', 28),
(1065, 1124, '', '', '', '', '', '', '', '', '', '', '', '', '', '', '', 28),
(1066, 1125, '', '', '', '', '', '', '', '', '', '', '', '', '', '', '', 28),
(1067, 1126, '', '', '', '', '', '', '', '', '', '', '', '', '', '', '', 28),
(1068, 1127, '', '', '', '', '', '', '', '', '', '', '', '', '', '', '', 28),
(1069, 1128, '', '', '', '', '', '', '', '', '', '', '', '', '', '', '', 28),
(1070, 1129, '', '', '', '', '', '', '', '', '', '', '', '', '', '', '', 28),
(1071, 1130, '', '', '', '', '', '', '', '', '', '', '', '', '', '', '', 28),
(1072, 1131, '', '', '', '', '', '', '', '', '', '', '', '', '', '', '', 28),
(1073, 1132, '', '', '', '', '', '', '', '', '', '', '', '', '', '', '', 28),
(1074, 1133, '', '', '', '', '', '', '', '', '', '', '', '', '', '', '', 28),
(1075, 1134, '', '', '', '', '', '', '', '', '', '', '', '', '', '', '', 28),
(1076, 1135, '', '', '', '', '', '', '', '', '', '', '', '', '', '', '', 28),
(1077, 1136, '', '', '', '', '', '', '', '', '', '', '', '', '', '', '', 28),
(1078, 1137, '', '', '', '', '', '', '', '', '', '', '', '', '', '', '', 28),
(1079, 1138, '', '', '', '', '', '', '', '', '', '', '', '', '', '', '', 28),
(1080, 1139, '', '', '', '', '', '', '', '', '', '', '', '', '', '', '', 28),
(1081, 1140, '', '', '', '', '', '', '', '', '', '', '', '', '', '', '', 28),
(1082, 1141, '', '', '', '', '', '', '', '', '', '', '', '', '', '', '', 28),
(1083, 1142, '', '', '', '', '', '', '', '', '', '', '', '', '', '', '', 28),
(1084, 1143, '', '', '', '', '', '', '', '', '', '', '', '', '', '', '', 28),
(1085, 1144, '', '', '', '', '', '', '', '', '', '', '', '', '', '', '', 28),
(1086, 1145, '', '', '', '', '', '', '', '', '', '', '', '', '', '', '', 28),
(1087, 1146, '', '', '', '', '', '', '', '', '', '', '', '', '', '', '', 28),
(1088, 1147, '', '', '', '', '', '', '', '', '', '', '', '', '', '', '', 28),
(1089, 1148, '', '', '', '', '', '', '', '', '', '', '', '', '', '', '', 28),
(1090, 1149, '', '', '', '', '', '', '', '', '', '', '', '', '', '', '', 28),
(1091, 1150, '', '', '', '', '', '', '', '', '', '', '', '', '', '', '', 28),
(1092, 1151, '', '', '', '', '', '', '', '', '', '', '', '', '', '', '', 28),
(1093, 1152, '', '', '', '', '', '', '', '', '', '', '', '', '', '', '', 28),
(1094, 1153, '', '', '', '', '', '', '', '', '', '', '', '', '', '', '', 28),
(1095, 1154, '', '', '', '', '', '', '', '', '', '', '', '', '', '', '', 28),
(1096, 1155, '', '', '', '', '', '', '', '', '', '', '', '', '', '', '', 28),
(1097, 1156, '', '', '', '', '', '', '', '', '', '', '', '', '', '', '', 28),
(1098, 1157, '', '', '', '', '', '', '', '', '', '', '', '', '', '', '', 28),
(1099, 1158, '', '', '', '', '', '', '', '', '', '', '', '', '', '', '', 28),
(1100, 1159, '', '', '', '', '', '', '', '', '', '', '', '', '', '', '', 28),
(1101, 1160, '', '', '', '', '', '', '', '', '', '', '', '', '', '', '', 28),
(1102, 1161, '', '', '', '', '', '', '', '', '', '', '', '', '', '', '', 28),
(1103, 1162, '', '', '', '', '', '', '', '', '', '', '', '', '', '', '', 28),
(1104, 1163, '', '', '', '', '', '', '', '', '', '', '', '', '', '', '', 28),
(1105, 1164, '', '', '', '', '', '', '', '', '', '', '', '', '', '', '', 28),
(1106, 1165, '', '', '', '', '', '', '', '', '', '', '', '', '', '', '', 28),
(1107, 1166, '', '', '', '', '', '', '', '', '', '', '', '', '', '', '', 28),
(1108, 1167, '', '', '', '', '', '', '', '', '', '', '', '', '', '', '', 28),
(1109, 1168, '', '', '', '', '', '', '', '', '', '', '', '', '', '', '', 28),
(1110, 1169, '', '', '', '', '', '', '', '', '', '', '', '', '', '', '', 28),
(1111, 1170, '', '', '', '', '', '', '', '', '', '', '', '', '', '', '', 28),
(1112, 1171, '', '', '', '', '', '', '', '', '', '', '', '', '', '', '', 28),
(1113, 1172, '', '', '', '', '', '', '', '', '', '', '', '', '', '', '', 28),
(1114, 1173, '', '', '', '', '', '', '', '', '', '', '', '', '', '', '', 28),
(1115, 1174, '', '', '', '', '', '', '', '', '', '', '', '', '', '', '', 28),
(1116, 1175, '', '', '', '', '', '', '', '', '', '', '', '', '', '', '', 28),
(1117, 1176, '', '', '', '', '', '', '', '', '', '', '', '', '', '', '', 28),
(1118, 1177, '', '', '', '', '', '', '', '', '', '', '', '', '', '', '', 28),
(1119, 1178, '', '', '', '', '', '', '', '', '', '', '', '', '', '', '', 28),
(1120, 1179, '', '', '', '', '', '', '', '', '', '', '', '', '', '', '', 28),
(1121, 1180, '', '', '', '', '', '', '', '', '', '', '', '', '', '', '', 28),
(1122, 1181, '', '', '', '', '', '', '', '', '', '', '', '', '', '', '', 28),
(1123, 1182, '', '', '', '', '', '', '', '', '', '', '', '', '', '', '', 28),
(1124, 1183, '', '', '', '', '', '', '', '', '', '', '', '', '', '', '', 28),
(1125, 1184, '', '', '', '', '', '', '', '', '', '', '', '', '', '', '', 28),
(1126, 1186, '', '', '', '', '', '', '', '', '', '', '', '', '', '', '', 28),
(1127, 1187, '', '', '', '', '', '', '', '', '', '', '', '', '', '', '', 28),
(1128, 1188, '', '', '', '', '', '', '', '', '', '', '', '', '', '', '', 28),
(1129, 1189, '', '', '', '', '', '', '', '', '', '', '', '', '', '', '', 28),
(1130, 1193, '', '', '', '', '', '', '', '', '', '', '', '', '', '', '', 28),
(1131, 1194, '', '', '', '', '', '', '', '', '', '', '', '', '', '', '', 28),
(1132, 1197, '', '', '', '', '', '', '', '', '', '', '', '', '', '', '', 28),
(1133, 1200, '', '', '', '', '', '', '', '', '', '', '', '', '', '', '', 28),
(1134, 1201, '', '', '', '', '', '', '', '', '', '', '', '', '', '', '', 28),
(1135, 1202, '', '', '', '', '', '', '', '', '', '', '', '', '', '', '', 28),
(1136, 1203, '', '', '', '', '', '', '', '', '', '', '', '', '', '', '', 28),
(1137, 2785, '', '', '', '', '', '', '', '', '', '', '', '', '', '', '', 28),
(1138, 1204, '', '', '', '', '', '', '', '', '', '', '', '', '', '', '', 29),
(1139, 1205, '', '', '', '', '', '', '', '', '', '', '', '', '', '', '', 29),
(1140, 1206, '', '', '', '', '', '', '', '', '', '', '', '', '', '', '', 29),
(1141, 1207, '', '', '', '', '', '', '', '', '', '', '', '', '', '', '', 29),
(1142, 1208, '', '', '', '', '', '', '', '', '', '', '', '', '', '', '', 29),
(1143, 1209, '', '', '', '', '', '', '', '', '', '', '', '', '', '', '', 29),
(1144, 1210, '', '', '', '', '', '', '', '', '', '', '', '', '', '', '', 29),
(1145, 1211, '', '', '', '', '', '', '', '', '', '', '', '', '', '', '', 29),
(1146, 1212, '', '', '', '', '', '', '', '', '', '', '', '', '', '', '', 29),
(1147, 1213, '', '', '', '', '', '', '', '', '', '', '', '', '', '', '', 29),
(1148, 1214, '', '', '', '', '', '', '', '', '', '', '', '', '', '', '', 29),
(1149, 1215, '', '', '', '', '', '', '', '', '', '', '', '', '', '', '', 29),
(1150, 1216, '', '', '', '', '', '', '', '', '', '', '', '', '', '', '', 29),
(1151, 1217, '', '', '', '', '', '', '', '', '', '', '', '', '', '', '', 29),
(1152, 1218, '', '', '', '', '', '', '', '', '', '', '', '', '', '', '', 29),
(1153, 1219, '', '', '', '', '', '', '', '', '', '', '', '', '', '', '', 29),
(1154, 1220, '', '', '', '', '', '', '', '', '', '', '', '', '', '', '', 29),
(1155, 1221, '', '', '', '', '', '', '', '', '', '', '', '', '', '', '', 29),
(1156, 1222, '', '', '', '', '', '', '', '', '', '', '', '', '', '', '', 29),
(1157, 1223, '', '', '', '', '', '', '', '', '', '', '', '', '', '', '', 29),
(1158, 1224, '', '', '', '', '', '', '', '', '', '', '', '', '', '', '', 29),
(1159, 1225, '', '', '', '', '', '', '', '', '', '', '', '', '', '', '', 29),
(1160, 1226, '', '', '', '', '', '', '', '', '', '', '', '', '', '', '', 29),
(1161, 1227, '', '', '', '', '', '', '', '', '', '', '', '', '', '', '', 29),
(1162, 1228, '', '', '', '', '', '', '', '', '', '', '', '', '', '', '', 29),
(1163, 1229, '', '', '', '', '', '', '', '', '', '', '', '', '', '', '', 29),
(1164, 1230, '', '', '', '', '', '', '', '', '', '', '', '', '', '', '', 29),
(1165, 1231, '', '', '', '', '', '', '', '', '', '', '', '', '', '', '', 29),
(1166, 1232, '', '', '', '', '', '', '', '', '', '', '', '', '', '', '', 29),
(1167, 1233, '', '', '', '', '', '', '', '', '', '', '', '', '', '', '', 29),
(1168, 1234, '', '', '', '', '', '', '', '', '', '', '', '', '', '', '', 29),
(1169, 1235, '', '', '', '', '', '', '', '', '', '', '', '', '', '', '', 29),
(1170, 1236, '', '', '', '', '', '', '', '', '', '', '', '', '', '', '', 29),
(1171, 1237, '', '', '', '', '', '', '', '', '', '', '', '', '', '', '', 29),
(1172, 1238, '', '', '', '', '', '', '', '', '', '', '', '', '', '', '', 29),
(1173, 1239, '', '', '', '', '', '', '', '', '', '', '', '', '', '', '', 29),
(1174, 1240, '', '', '', '', '', '', '', '', '', '', '', '', '', '', '', 29),
(1175, 1241, '', '', '', '', '', '', '', '', '', '', '', '', '', '', '', 29),
(1176, 1242, '', '', '', '', '', '', '', '', '', '', '', '', '', '', '', 29),
(1177, 1243, '', '', '', '', '', '', '', '', '', '', '', '', '', '', '', 29),
(1178, 1244, '', '', '', '', '', '', '', '', '', '', '', '', '', '', '', 29),
(1179, 1245, '', '', '', '', '', '', '', '', '', '', '', '', '', '', '', 29),
(1180, 1246, '', '', '', '', '', '', '', '', '', '', '', '', '', '', '', 29),
(1181, 1247, '', '', '', '', '', '', '', '', '', '', '', '', '', '', '', 29),
(1182, 1248, '', '', '', '', '', '', '', '', '', '', '', '', '', '', '', 29),
(1183, 1249, '', '', '', '', '', '', '', '', '', '', '', '', '', '', '', 29),
(1184, 1250, '', '', '', '', '', '', '', '', '', '', '', '', '', '', '', 29),
(1185, 1251, '', '', '', '', '', '', '', '', '', '', '', '', '', '', '', 29),
(1186, 1252, '', '', '', '', '', '', '', '', '', '', '', '', '', '', '', 29),
(1187, 1253, '', '', '', '', '', '', '', '', '', '', '', '', '', '', '', 29),
(1188, 1254, '', '', '', '', '', '', '', '', '', '', '', '', '', '', '', 29),
(1189, 1255, '', '', '', '', '', '', '', '', '', '', '', '', '', '', '', 29),
(1190, 1256, '', '', '', '', '', '', '', '', '', '', '', '', '', '', '', 29),
(1191, 1257, '', '', '', '', '', '', '', '', '', '', '', '', '', '', '', 29),
(1192, 1258, '', '', '', '', '', '', '', '', '', '', '', '', '', '', '', 29),
(1193, 1259, '', '', '', '', '', '', '', '', '', '', '', '', '', '', '', 29),
(1194, 1260, '', '', '', '', '', '', '', '', '', '', '', '', '', '', '', 29),
(1195, 1261, '', '', '', '', '', '', '', '', '', '', '', '', '', '', '', 29),
(1196, 1262, '', '', '', '', '', '', '', '', '', '', '', '', '', '', '', 29),
(1197, 1263, '', '', '', '', '', '', '', '', '', '', '', '', '', '', '', 29),
(1198, 1264, '', '', '', '', '', '', '', '', '', '', '', '', '', '', '', 29),
(1199, 1265, '', '', '', '', '', '', '', '', '', '', '', '', '', '', '', 29),
(1200, 1266, '', '', '', '', '', '', '', '', '', '', '', '', '', '', '', 29),
(1201, 1267, '', '', '', '', '', '', '', '', '', '', '', '', '', '', '', 29),
(1202, 1268, '', '', '', '', '', '', '', '', '', '', '', '', '', '', '', 29),
(1203, 1269, '', '', '', '', '', '', '', '', '', '', '', '', '', '', '', 29),
(1204, 1270, '', '', '', '', '', '', '', '', '', '', '', '', '', '', '', 29),
(1205, 1271, '', '', '', '', '', '', '', '', '', '', '', '', '', '', '', 29),
(1206, 1273, '', '', '', '', '', '', '', '', '', '', '', '', '', '', '', 29),
(1207, 1274, '', '', '', '', '', '', '', '', '', '', '', '', '', '', '', 29),
(1208, 1275, '', '', '', '', '', '', '', '', '', '', '', '', '', '', '', 29),
(1209, 1276, '', '', '', '', '', '', '', '', '', '', '', '', '', '', '', 29),
(1210, 1277, '', '', '', '', '', '', '', '', '', '', '', '', '', '', '', 29),
(1211, 1278, '', '', '', '', '', '', '', '', '', '', '', '', '', '', '', 29),
(1212, 1279, '', '', '', '', '', '', '', '', '', '', '', '', '', '', '', 29),
(1213, 1280, '', '', '', '', '', '', '', '', '', '', '', '', '', '', '', 29),
(1214, 1281, '', '', '', '', '', '', '', '', '', '', '', '', '', '', '', 29),
(1215, 1282, '', '', '', '', '', '', '', '', '', '', '', '', '', '', '', 29),
(1216, 1283, '', '', '', '', '', '', '', '', '', '', '', '', '', '', '', 29),
(1217, 1284, '', '', '', '', '', '', '', '', '', '', '', '', '', '', '', 29),
(1218, 1285, '', '', '', '', '', '', '', '', '', '', '', '', '', '', '', 29),
(1219, 1286, '', '', '', '', '', '', '', '', '', '', '', '', '', '', '', 29),
(1220, 1287, '', '', '', '', '', '', '', '', '', '', '', '', '', '', '', 29),
(1221, 1288, '', '', '', '', '', '', '', '', '', '', '', '', '', '', '', 29),
(1222, 1289, '', '', '', '', '', '', '', '', '', '', '', '', '', '', '', 29),
(1223, 1290, '', '', '', '', '', '', '', '', '', '', '', '', '', '', '', 29),
(1224, 1291, '', '', '', '', '', '', '', '', '', '', '', '', '', '', '', 29),
(1225, 1292, '', '', '', '', '', '', '', '', '', '', '', '', '', '', '', 29),
(1226, 1293, '', '', '', '', '', '', '', '', '', '', '', '', '', '', '', 29),
(1227, 1294, '', '', '', '', '', '', '', '', '', '', '', '', '', '', '', 29),
(1228, 1295, '', '', '', '', '', '', '', '', '', '', '', '', '', '', '', 29),
(1229, 1296, '', '', '', '', '', '', '', '', '', '', '', '', '', '', '', 29),
(1230, 1297, '', '', '', '', '', '', '', '', '', '', '', '', '', '', '', 29),
(1231, 1298, '', '', '', '', '', '', '', '', '', '', '', '', '', '', '', 29),
(1232, 1299, '', '', '', '', '', '', '', '', '', '', '', '', '', '', '', 29),
(1233, 1300, '', '', '', '', '', '', '', '', '', '', '', '', '', '', '', 29),
(1234, 1301, '', '', '', '', '', '', '', '', '', '', '', '', '', '', '', 29),
(1235, 1302, '', '', '', '', '', '', '', '', '', '', '', '', '', '', '', 29),
(1236, 1303, '', '', '', '', '', '', '', '', '', '', '', '', '', '', '', 29),
(1237, 1304, '', '', '', '', '', '', '', '', '', '', '', '', '', '', '', 29),
(1238, 1305, '', '', '', '', '', '', '', '', '', '', '', '', '', '', '', 29),
(1239, 1306, '', '', '', '', '', '', '', '', '', '', '', '', '', '', '', 29),
(1240, 1307, '', '', '', '', '', '', '', '', '', '', '', '', '', '', '', 29),
(1241, 1308, '', '', '', '', '', '', '', '', '', '', '', '', '', '', '', 29),
(1242, 1309, '', '', '', '', '', '', '', '', '', '', '', '', '', '', '', 30),
(1243, 1310, '', '', '', '', '', '', '', '', '', '', '', '', '', '', '', 30),
(1244, 1311, '', '', '', '', '', '', '', '', '', '', '', '', '', '', '', 30),
(1245, 1312, '', '', '', '', '', '', '', '', '', '', '', '', '', '', '', 30),
(1246, 1313, '', '', '', '', '', '', '', '', '', '', '', '', '', '', '', 30),
(1247, 1314, '', '', '', '', '', '', '', '', '', '', '', '', '', '', '', 30),
(1248, 1315, '', '', '', '', '', '', '', '', '', '', '', '', '', '', '', 30),
(1249, 1316, '', '', '', '', '', '', '', '', '', '', '', '', '', '', '', 30),
(1250, 1317, '', '', '', '', '', '', '', '', '', '', '', '', '', '', '', 30),
(1251, 1318, '', '', '', '', '', '', '', '', '', '', '', '', '', '', '', 30),
(1252, 1319, '', '', '', '', '', '', '', '', '', '', '', '', '', '', '', 30),
(1253, 1320, '', '', '', '', '', '', '', '', '', '', '', '', '', '', '', 30),
(1254, 1322, '', '', '', '', '', '', '', '', '', '', '', '', '', '', '', 30),
(1255, 1323, '', '', '', '', '', '', '', '', '', '', '', '', '', '', '', 30),
(1256, 1324, '', '', '', '', '', '', '', '', '', '', '', '', '', '', '', 30),
(1257, 1325, '', '', '', '', '', '', '', '', '', '', '', '', '', '', '', 30),
(1258, 1326, '', '', '', '', '', '', '', '', '', '', '', '', '', '', '', 30),
(1259, 1327, '', '', '', '', '', '', '', '', '', '', '', '', '', '', '', 30),
(1260, 1328, '', '', '', '', '', '', '', '', '', '', '', '', '', '', '', 30),
(1261, 1329, '', '', '', '', '', '', '', '', '', '', '', '', '', '', '', 30),
(1262, 1330, '', '', '', '', '', '', '', '', '', '', '', '', '', '', '', 30),
(1263, 1331, '', '', '', '', '', '', '', '', '', '', '', '', '', '', '', 30),
(1264, 1332, '', '', '', '', '', '', '', '', '', '', '', '', '', '', '', 30),
(1265, 1333, '', '', '', '', '', '', '', '', '', '', '', '', '', '', '', 30),
(1266, 1334, '', '', '', '', '', '', '', '', '', '', '', '', '', '', '', 30),
(1267, 1335, '', '', '', '', '', '', '', '', '', '', '', '', '', '', '', 30),
(1268, 1336, '', '', '', '', '', '', '', '', '', '', '', '', '', '', '', 30),
(1269, 1337, '', '', '', '', '', '', '', '', '', '', '', '', '', '', '', 30),
(1270, 1338, '', '', '', '', '', '', '', '', '', '', '', '', '', '', '', 30),
(1271, 1339, '', '', '', '', '', '', '', '', '', '', '', '', '', '', '', 31),
(1272, 1340, '', '', '', '', '', '', '', '', '', '', '', '', '', '', '', 31),
(1273, 1341, '', '', '', '', '', '', '', '', '', '', '', '', '', '', '', 31),
(1274, 1342, '', '', '', '', '', '', '', '', '', '', '', '', '', '', '', 31),
(1275, 1344, '', '', '', '', '', '', '', '', '', '', '', '', '', '', '', 31),
(1276, 1345, '', '', '', '', '', '', '', '', '', '', '', '', '', '', '', 31),
(1277, 1346, '', '', '', '', '', '', '', '', '', '', '', '', '', '', '', 31),
(1278, 1347, '', '', '', '', '', '', '', '', '', '', '', '', '', '', '', 31),
(1279, 1348, '', '', '', '', '', '', '', '', '', '', '', '', '', '', '', 31),
(1280, 1349, '', '', '', '', '', '', '', '', '', '', '', '', '', '', '', 31),
(1281, 1350, '', '', '', '', '', '', '', '', '', '', '', '', '', '', '', 31),
(1282, 1351, '', '', '', '', '', '', '', '', '', '', '', '', '', '', '', 31),
(1283, 1352, '', '', '', '', '', '', '', '', '', '', '', '', '', '', '', 31),
(1284, 1353, '', '', '', '', '', '', '', '', '', '', '', '', '', '', '', 31),
(1285, 1354, '', '', '', '', '', '', '', '', '', '', '', '', '', '', '', 31),
(1286, 1355, '', '', '', '', '', '', '', '', '', '', '', '', '', '', '', 31),
(1287, 1356, '', '', '', '', '', '', '', '', '', '', '', '', '', '', '', 31),
(1288, 1357, '', '', '', '', '', '', '', '', '', '', '', '', '', '', '', 31),
(1289, 1358, '', '', '', '', '', '', '', '', '', '', '', '', '', '', '', 32),
(1290, 1359, '', '', '', '', '', '', '', '', '', '', '', '', '', '', '', 32),
(1291, 1360, '', '', '', '', '', '', '', '', '', '', '', '', '', '', '', 32),
(1292, 1361, '', '', '', '', '', '', '', '', '', '', '', '', '', '', '', 32),
(1293, 1362, '', '', '', '', '', '', '', '', '', '', '', '', '', '', '', 32),
(1294, 1364, '', '', '', '', '', '', '', '', '', '', '', '', '', '', '', 32),
(1295, 1367, '', '', '', '', '', '', '', '', '', '', '', '', '', '', '', 32),
(1296, 1369, '', '', '', '', '', '', '', '', '', '', '', '', '', '', '', 32),
(1297, 1370, '', '', '', '', '', '', '', '', '', '', '', '', '', '', '', 32),
(1298, 1372, '', '', '', '', '', '', '', '', '', '', '', '', '', '', '', 32),
(1299, 1374, '', '', '', '', '', '', '', '', '', '', '', '', '', '', '', 32),
(1300, 1375, '', '', '', '', '', '', '', '', '', '', '', '', '', '', '', 32),
(1301, 1376, '', '', '', '', '', '', '', '', '', '', '', '', '', '', '', 32),
(1302, 1377, '', '', '', '', '', '', '', '', '', '', '', '', '', '', '', 32),
(1303, 1379, '', '', '', '', '', '', '', '', '', '', '', '', '', '', '', 32),
(1304, 1380, '', '', '', '', '', '', '', '', '', '', '', '', '', '', '', 32),
(1305, 1381, '', '', '', '', '', '', '', '', '', '', '', '', '', '', '', 32),
(1306, 1382, '', '', '', '', '', '', '', '', '', '', '', '', '', '', '', 33),
(1307, 1383, '', '', '', '', '', '', '', '', '', '', '', '', '', '', '', 33),
(1308, 1384, '', '', '', '', '', '', '', '', '', '', '', '', '', '', '', 33),
(1309, 1386, '', '', '', '', '', '', '', '', '', '', '', '', '', '', '', 33),
(1310, 1387, '', '', '', '', '', '', '', '', '', '', '', '', '', '', '', 33),
(1311, 1388, '', '', '', '', '', '', '', '', '', '', '', '', '', '', '', 33),
(1312, 1389, '', '', '', '', '', '', '', '', '', '', '', '', '', '', '', 33),
(1313, 1390, '', '', '', '', '', '', '', '', '', '', '', '', '', '', '', 33),
(1314, 1392, '', '', '', '', '', '', '', '', '', '', '', '', '', '', '', 33),
(1315, 1393, '', '', '', '', '', '', '', '', '', '', '', '', '', '', '', 33),
(1316, 1394, '', '', '', '', '', '', '', '', '', '', '', '', '', '', '', 33),
(1317, 1395, '', '', '', '', '', '', '', '', '', '', '', '', '', '', '', 33),
(1318, 1396, '', '', '', '', '', '', '', '', '', '', '', '', '', '', '', 33),
(1319, 1397, '', '', '', '', '', '', '', '', '', '', '', '', '', '', '', 33),
(1320, 1398, '', '', '', '', '', '', '', '', '', '', '', '', '', '', '', 33),
(1321, 1399, '', '', '', '', '', '', '', '', '', '', '', '', '', '', '', 33),
(1322, 1401, '', '', '', '', '', '', '', '', '', '', '', '', '', '', '', 33),
(1323, 1402, '', '', '', '', '', '', '', '', '', '', '', '', '', '', '', 33),
(1324, 1403, '', '', '', '', '', '', '', '', '', '', '', '', '', '', '', 33),
(1325, 1404, '', '', '', '', '', '', '', '', '', '', '', '', '', '', '', 33),
(1326, 1405, '', '', '', '', '', '', '', '', '', '', '', '', '', '', '', 33),
(1327, 1406, '', '', '', '', '', '', '', '', '', '', '', '', '', '', '', 33),
(1328, 1407, '', '', '', '', '', '', '', '', '', '', '', '', '', '', '', 33),
(1329, 1408, '', '', '', '', '', '', '', '', '', '', '', '', '', '', '', 33),
(1330, 1409, '', '', '', '', '', '', '', '', '', '', '', '', '', '', '', 33),
(1331, 1410, '', '', '', '', '', '', '', '', '', '', '', '', '', '', '', 33),
(1332, 1411, '', '', '', '', '', '', '', '', '', '', '', '', '', '', '', 33),
(1333, 1412, '', '', '', '', '', '', '', '', '', '', '', '', '', '', '', 33),
(1334, 1413, '', '', '', '', '', '', '', '', '', '', '', '', '', '', '', 33),
(1335, 1414, '', '', '', '', '', '', '', '', '', '', '', '', '', '', '', 33),
(1336, 1415, '', '', '', '', '', '', '', '', '', '', '', '', '', '', '', 33),
(1337, 1416, '', '', '', '', '', '', '', '', '', '', '', '', '', '', '', 33),
(1338, 1417, '', '', '', '', '', '', '', '', '', '', '', '', '', '', '', 33),
(1339, 1418, '', '', '', '', '', '', '', '', '', '', '', '', '', '', '', 33),
(1340, 1419, '', '', '', '', '', '', '', '', '', '', '', '', '', '', '', 33),
(1341, 1420, '', '', '', '', '', '', '', '', '', '', '', '', '', '', '', 33),
(1342, 1421, '', '', '', '', '', '', '', '', '', '', '', '', '', '', '', 33),
(1343, 1422, '', '', '', '', '', '', '', '', '', '', '', '', '', '', '', 33),
(1344, 1423, '', '', '', '', '', '', '', '', '', '', '', '', '', '', '', 33),
(1345, 1424, '', '', '', '', '', '', '', '', '', '', '', '', '', '', '', 33),
(1346, 1425, '', '', '', '', '', '', '', '', '', '', '', '', '', '', '', 33),
(1347, 1426, '', '', '', '', '', '', '', '', '', '', '', '', '', '', '', 33),
(1348, 1427, '', '', '', '', '', '', '', '', '', '', '', '', '', '', '', 33),
(1349, 1428, '', '', '', '', '', '', '', '', '', '', '', '', '', '', '', 33),
(1350, 1429, '', '', '', '', '', '', '', '', '', '', '', '', '', '', '', 33),
(1351, 1430, '', '', '', '', '', '', '', '', '', '', '', '', '', '', '', 33),
(1352, 1431, '', '', '', '', '', '', '', '', '', '', '', '', '', '', '', 33),
(1353, 1432, '', '', '', '', '', '', '', '', '', '', '', '', '', '', '', 34),
(1354, 1433, '', '', '', '', '', '', '', '', '', '', '', '', '', '', '', 34),
(1355, 1434, '', '', '', '', '', '', '', '', '', '', '', '', '', '', '', 34),
(1356, 1435, '', '', '', '', '', '', '', '', '', '', '', '', '', '', '', 34),
(1357, 1436, '', '', '', '', '', '', '', '', '', '', '', '', '', '', '', 34),
(1358, 1437, '', '', '', '', '', '', '', '', '', '', '', '', '', '', '', 34),
(1359, 1438, '', '', '', '', '', '', '', '', '', '', '', '', '', '', '', 34),
(1360, 1439, '', '', '', '', '', '', '', '', '', '', '', '', '', '', '', 34),
(1361, 1440, '', '', '', '', '', '', '', '', '', '', '', '', '', '', '', 34),
(1362, 1441, '', '', '', '', '', '', '', '', '', '', '', '', '', '', '', 34),
(1363, 1442, '', '', '', '', '', '', '', '', '', '', '', '', '', '', '', 34),
(1364, 1443, '', '', '', '', '', '', '', '', '', '', '', '', '', '', '', 34),
(1365, 1444, '', '', '', '', '', '', '', '', '', '', '', '', '', '', '', 35),
(1366, 1445, '', '', '', '', '', '', '', '', '', '', '', '', '', '', '', 35),
(1367, 1446, '', '', '', '', '', '', '', '', '', '', '', '', '', '', '', 35),
(1368, 1447, '', '', '', '', '', '', '', '', '', '', '', '', '', '', '', 35),
(1369, 1448, '', '', '', '', '', '', '', '', '', '', '', '', '', '', '', 35),
(1370, 1449, '', '', '', '', '', '', '', '', '', '', '', '', '', '', '', 35),
(1371, 1450, '', '', '', '', '', '', '', '', '', '', '', '', '', '', '', 35),
(1372, 1451, '', '', '', '', '', '', '', '', '', '', '', '', '', '', '', 35),
(1373, 1452, '', '', '', '', '', '', '', '', '', '', '', '', '', '', '', 35),
(1374, 1453, '', '', '', '', '', '', '', '', '', '', '', '', '', '', '', 35),
(1375, 1454, '', '', '', '', '', '', '', '', '', '', '', '', '', '', '', 35),
(1376, 1455, '', '', '', '', '', '', '', '', '', '', '', '', '', '', '', 35),
(1377, 1456, '', '', '', '', '', '', '', '', '', '', '', '', '', '', '', 35),
(1378, 1457, '', '', '', '', '', '', '', '', '', '', '', '', '', '', '', 35),
(1379, 1458, '', '', '', '', '', '', '', '', '', '', '', '', '', '', '', 35),
(1380, 1459, '', '', '', '', '', '', '', '', '', '', '', '', '', '', '', 35),
(1381, 1460, '', '', '', '', '', '', '', '', '', '', '', '', '', '', '', 35),
(1382, 1461, '', '', '', '', '', '', '', '', '', '', '', '', '', '', '', 35),
(1383, 1462, '', '', '', '', '', '', '', '', '', '', '', '', '', '', '', 35),
(1384, 1463, '', '', '', '', '', '', '', '', '', '', '', '', '', '', '', 35),
(1385, 1464, '', '', '', '', '', '', '', '', '', '', '', '', '', '', '', 35),
(1386, 1465, '', '', '', '', '', '', '', '', '', '', '', '', '', '', '', 35),
(1387, 1466, '', '', '', '', '', '', '', '', '', '', '', '', '', '', '', 35),
(1388, 1467, '', '', '', '', '', '', '', '', '', '', '', '', '', '', '', 35),
(1389, 1468, '', '', '', '', '', '', '', '', '', '', '', '', '', '', '', 35),
(1390, 1469, '', '', '', '', '', '', '', '', '', '', '', '', '', '', '', 35),
(1391, 1470, '', '', '', '', '', '', '', '', '', '', '', '', '', '', '', 35),
(1392, 1471, '', '', '', '', '', '', '', '', '', '', '', '', '', '', '', 35),
(1393, 1472, '', '', '', '', '', '', '', '', '', '', '', '', '', '', '', 35),
(1394, 1473, '', '', '', '', '', '', '', '', '', '', '', '', '', '', '', 35),
(1395, 1474, '', '', '', '', '', '', '', '', '', '', '', '', '', '', '', 35),
(1396, 1475, '', '', '', '', '', '', '', '', '', '', '', '', '', '', '', 35),
(1397, 1476, '', '', '', '', '', '', '', '', '', '', '', '', '', '', '', 35),
(1398, 1477, '', '', '', '', '', '', '', '', '', '', '', '', '', '', '', 35),
(1399, 1478, '', '', '', '', '', '', '', '', '', '', '', '', '', '', '', 35),
(1400, 1479, '', '', '', '', '', '', '', '', '', '', '', '', '', '', '', 35),
(1401, 1480, '', '', '', '', '', '', '', '', '', '', '', '', '', '', '', 36),
(1402, 1481, '', '', '', '', '', '', '', '', '', '', '', '', '', '', '', 36),
(1403, 1482, '', '', '', '', '', '', '', '', '', '', '', '', '', '', '', 36),
(1404, 1483, '', '', '', '', '', '', '', '', '', '', '', '', '', '', '', 36),
(1405, 1484, '', '', '', '', '', '', '', '', '', '', '', '', '', '', '', 36),
(1406, 1485, '', '', '', '', '', '', '', '', '', '', '', '', '', '', '', 36),
(1407, 1486, '', '', '', '', '', '', '', '', '', '', '', '', '', '', '', 36),
(1408, 1487, '', '', '', '', '', '', '', '', '', '', '', '', '', '', '', 36),
(1409, 1488, '', '', '', '', '', '', '', '', '', '', '', '', '', '', '', 36),
(1410, 1489, '', '', '', '', '', '', '', '', '', '', '', '', '', '', '', 36),
(1411, 1490, '', '', '', '', '', '', '', '', '', '', '', '', '', '', '', 36),
(1412, 1491, '', '', '', '', '', '', '', '', '', '', '', '', '', '', '', 36),
(1413, 1492, '', '', '', '', '', '', '', '', '', '', '', '', '', '', '', 36),
(1414, 1493, '', '', '', '', '', '', '', '', '', '', '', '', '', '', '', 36),
(1415, 1494, '', '', '', '', '', '', '', '', '', '', '', '', '', '', '', 36),
(1416, 1495, '', '', '', '', '', '', '', '', '', '', '', '', '', '', '', 36),
(1417, 1496, '', '', '', '', '', '', '', '', '', '', '', '', '', '', '', 36),
(1418, 1497, '', '', '', '', '', '', '', '', '', '', '', '', '', '', '', 36),
(1419, 1498, '', '', '', '', '', '', '', '', '', '', '', '', '', '', '', 36),
(1420, 1499, '', '', '', '', '', '', '', '', '', '', '', '', '', '', '', 36),
(1421, 1500, '', '', '', '', '', '', '', '', '', '', '', '', '', '', '', 36),
(1422, 1501, '', '', '', '', '', '', '', '', '', '', '', '', '', '', '', 36),
(1423, 1502, '', '', '', '', '', '', '', '', '', '', '', '', '', '', '', 36),
(1424, 1503, '', '', '', '', '', '', '', '', '', '', '', '', '', '', '', 36),
(1425, 1504, '', '', '', '', '', '', '', '', '', '', '', '', '', '', '', 36),
(1426, 1505, '', '', '', '', '', '', '', '', '', '', '', '', '', '', '', 36),
(1427, 1506, '', '', '', '', '', '', '', '', '', '', '', '', '', '', '', 36),
(1428, 1507, '', '', '', '', '', '', '', '', '', '', '', '', '', '', '', 36),
(1429, 1508, '', '', '', '', '', '', '', '', '', '', '', '', '', '', '', 36),
(1430, 1509, '', '', '', '', '', '', '', '', '', '', '', '', '', '', '', 36),
(1431, 1510, '', '', '', '', '', '', '', '', '', '', '', '', '', '', '', 36),
(1432, 1511, '', '', '', '', '', '', '', '', '', '', '', '', '', '', '', 36),
(1433, 1512, '', '', '', '', '', '', '', '', '', '', '', '', '', '', '', 36),
(1434, 1513, '', '', '', '', '', '', '', '', '', '', '', '', '', '', '', 36),
(1435, 1514, '', '', '', '', '', '', '', '', '', '', '', '', '', '', '', 36),
(1436, 1515, '', '', '', '', '', '', '', '', '', '', '', '', '', '', '', 36),
(1437, 1516, '', '', '', '', '', '', '', '', '', '', '', '', '', '', '', 36),
(1438, 1517, '', '', '', '', '', '', '', '', '', '', '', '', '', '', '', 36),
(1439, 1518, '', '', '', '', '', '', '', '', '', '', '', '', '', '', '', 36),
(1440, 1519, '', '', '', '', '', '', '', '', '', '', '', '', '', '', '', 36),
(1441, 1520, '', '', '', '', '', '', '', '', '', '', '', '', '', '', '', 36),
(1442, 1521, '', '', '', '', '', '', '', '', '', '', '', '', '', '', '', 36),
(1443, 1522, '', '', '', '', '', '', '', '', '', '', '', '', '', '', '', 36),
(1444, 1523, '', '', '', '', '', '', '', '', '', '', '', '', '', '', '', 36),
(1445, 1524, '', '', '', '', '', '', '', '', '', '', '', '', '', '', '', 36),
(1446, 1525, '', '', '', '', '', '', '', '', '', '', '', '', '', '', '', 36),
(1447, 1526, '', '', '', '', '', '', '', '', '', '', '', '', '', '', '', 36),
(1448, 1527, '', '', '', '', '', '', '', '', '', '', '', '', '', '', '', 36),
(1449, 1528, '', '', '', '', '', '', '', '', '', '', '', '', '', '', '', 36),
(1450, 1529, '', '', '', '', '', '', '', '', '', '', '', '', '', '', '', 36),
(1451, 1530, '', '', '', '', '', '', '', '', '', '', '', '', '', '', '', 36),
(1452, 1531, '', '', '', '', '', '', '', '', '', '', '', '', '', '', '', 36),
(1453, 1532, '', '', '', '', '', '', '', '', '', '', '', '', '', '', '', 36),
(1454, 1533, '', '', '', '', '', '', '', '', '', '', '', '', '', '', '', 36),
(1455, 1534, '', '', '', '', '', '', '', '', '', '', '', '', '', '', '', 36),
(1456, 1535, '', '', '', '', '', '', '', '', '', '', '', '', '', '', '', 36),
(1457, 1536, '', '', '', '', '', '', '', '', '', '', '', '', '', '', '', 36),
(1458, 1537, '', '', '', '', '', '', '', '', '', '', '', '', '', '', '', 36),
(1459, 1538, '', '', '', '', '', '', '', '', '', '', '', '', '', '', '', 36),
(1460, 1539, '', '', '', '', '', '', '', '', '', '', '', '', '', '', '', 36),
(1461, 1540, '', '', '', '', '', '', '', '', '', '', '', '', '', '', '', 36),
(1462, 1541, '', '', '', '', '', '', '', '', '', '', '', '', '', '', '', 36),
(1463, 1542, '', '', '', '', '', '', '', '', '', '', '', '', '', '', '', 36),
(1464, 1543, '', '', '', '', '', '', '', '', '', '', '', '', '', '', '', 36),
(1465, 1544, '', '', '', '', '', '', '', '', '', '', '', '', '', '', '', 36),
(1466, 1545, '', '', '', '', '', '', '', '', '', '', '', '', '', '', '', 36),
(1467, 1546, '', '', '', '', '', '', '', '', '', '', '', '', '', '', '', 36),
(1468, 1547, '', '', '', '', '', '', '', '', '', '', '', '', '', '', '', 36),
(1469, 1548, '', '', '', '', '', '', '', '', '', '', '', '', '', '', '', 36),
(1470, 1549, '', '', '', '', '', '', '', '', '', '', '', '', '', '', '', 36),
(1471, 1550, '', '', '', '', '', '', '', '', '', '', '', '', '', '', '', 36),
(1472, 1551, '', '', '', '', '', '', '', '', '', '', '', '', '', '', '', 36),
(1473, 1552, '', '', '', '', '', '', '', '', '', '', '', '', '', '', '', 36),
(1474, 1553, '', '', '', '', '', '', '', '', '', '', '', '', '', '', '', 36),
(1475, 1554, '', '', '', '', '', '', '', '', '', '', '', '', '', '', '', 36),
(1476, 1555, '', '', '', '', '', '', '', '', '', '', '', '', '', '', '', 36),
(1477, 1556, '', '', '', '', '', '', '', '', '', '', '', '', '', '', '', 36),
(1478, 1557, '', '', '', '', '', '', '', '', '', '', '', '', '', '', '', 36),
(1479, 1558, '', '', '', '', '', '', '', '', '', '', '', '', '', '', '', 36),
(1480, 1559, '', '', '', '', '', '', '', '', '', '', '', '', '', '', '', 36),
(1481, 1560, '', '', '', '', '', '', '', '', '', '', '', '', '', '', '', 36),
(1482, 1561, '', '', '', '', '', '', '', '', '', '', '', '', '', '', '', 36),
(1483, 1562, '', '', '', '', '', '', '', '', '', '', '', '', '', '', '', 36),
(1484, 1563, '', '', '', '', '', '', '', '', '', '', '', '', '', '', '', 36),
(1485, 1564, '', '', '', '', '', '', '', '', '', '', '', '', '', '', '', 36),
(1486, 1565, '', '', '', '', '', '', '', '', '', '', '', '', '', '', '', 37),
(1487, 1566, '', '', '', '', '', '', '', '', '', '', '', '', '', '', '', 37),
(1488, 1567, '', '', '', '', '', '', '', '', '', '', '', '', '', '', '', 37),
(1489, 1568, '', '', '', '', '', '', '', '', '', '', '', '', '', '', '', 37),
(1490, 1569, '', '', '', '', '', '', '', '', '', '', '', '', '', '', '', 37),
(1491, 1570, '', '', '', '', '', '', '', '', '', '', '', '', '', '', '', 37),
(1492, 1571, '', '', '', '', '', '', '', '', '', '', '', '', '', '', '', 37),
(1493, 1572, '', '', '', '', '', '', '', '', '', '', '', '', '', '', '', 37),
(1494, 1573, '', '', '', '', '', '', '', '', '', '', '', '', '', '', '', 37),
(1495, 1574, '', '', '', '', '', '', '', '', '', '', '', '', '', '', '', 37),
(1496, 1575, '', '', '', '', '', '', '', '', '', '', '', '', '', '', '', 37),
(1497, 1763, '', '', '', '', '', '', '', '', '', '', '', '', '', '', '', 37),
(1498, 1576, '', '', '', '', '', '', '', '', '', '', '', '', '', '', '', 38),
(1499, 1577, '', '', '', '', '', '', '', '', '', '', '', '', '', '', '', 38),
(1500, 1578, '', '', '', '', '', '', '', '', '', '', '', '', '', '', '', 38),
(1501, 1579, '', '', '', '', '', '', '', '', '', '', '', '', '', '', '', 38),
(1502, 1580, '', '', '', '', '', '', '', '', '', '', '', '', '', '', '', 38),
(1503, 1582, '', '', '', '', '', '', '', '', '', '', '', '', '', '', '', 38),
(1504, 1583, '', '', '', '', '', '', '', '', '', '', '', '', '', '', '', 38),
(1505, 1584, '', '', '', '', '', '', '', '', '', '', '', '', '', '', '', 38),
(1506, 1585, '', '', '', '', '', '', '', '', '', '', '', '', '', '', '', 38),
(1507, 1586, '', '', '', '', '', '', '', '', '', '', '', '', '', '', '', 38),
(1508, 1587, '', '', '', '', '', '', '', '', '', '', '', '', '', '', '', 38),
(1509, 1588, '', '', '', '', '', '', '', '', '', '', '', '', '', '', '', 38),
(1510, 1589, '', '', '', '', '', '', '', '', '', '', '', '', '', '', '', 39),
(1511, 1590, '', '', '', '', '', '', '', '', '', '', '', '', '', '', '', 39),
(1512, 1591, '', '', '', '', '', '', '', '', '', '', '', '', '', '', '', 39),
(1513, 1592, '', '', '', '', '', '', '', '', '', '', '', '', '', '', '', 39),
(1514, 1593, '', '', '', '', '', '', '', '', '', '', '', '', '', '', '', 39),
(1515, 1594, '', '', '', '', '', '', '', '', '', '', '', '', '', '', '', 39),
(1516, 1595, '', '', '', '', '', '', '', '', '', '', '', '', '', '', '', 39),
(1517, 1596, '', '', '', '', '', '', '', '', '', '', '', '', '', '', '', 39),
(1518, 1597, '', '', '', '', '', '', '', '', '', '', '', '', '', '', '', 39),
(1519, 1598, '', '', '', '', '', '', '', '', '', '', '', '', '', '', '', 39),
(1520, 1599, '', '', '', '', '', '', '', '', '', '', '', '', '', '', '', 39),
(1521, 1600, '', '', '', '', '', '', '', '', '', '', '', '', '', '', '', 39),
(1522, 1601, '', '', '', '', '', '', '', '', '', '', '', '', '', '', '', 39),
(1523, 1602, '', '', '', '', '', '', '', '', '', '', '', '', '', '', '', 39),
(1524, 1603, '', '', '', '', '', '', '', '', '', '', '', '', '', '', '', 39),
(1525, 1604, '', '', '', '', '', '', '', '', '', '', '', '', '', '', '', 39),
(1526, 1605, '', '', '', '', '', '', '', '', '', '', '', '', '', '', '', 39),
(1527, 1606, '', '', '', '', '', '', '', '', '', '', '', '', '', '', '', 39),
(1528, 1607, '', '', '', '', '', '', '', '', '', '', '', '', '', '', '', 39),
(1529, 1608, '', '', '', '', '', '', '', '', '', '', '', '', '', '', '', 39),
(1530, 1609, '', '', '', '', '', '', '', '', '', '', '', '', '', '', '', 39),
(1531, 1610, '', '', '', '', '', '', '', '', '', '', '', '', '', '', '', 39),
(1532, 1611, '', '', '', '', '', '', '', '', '', '', '', '', '', '', '', 39),
(1533, 1612, '', '', '', '', '', '', '', '', '', '', '', '', '', '', '', 39),
(1534, 1613, '', '', '', '', '', '', '', '', '', '', '', '', '', '', '', 39),
(1535, 1614, '', '', '', '', '', '', '', '', '', '', '', '', '', '', '', 39),
(1536, 1615, '', '', '', '', '', '', '', '', '', '', '', '', '', '', '', 39),
(1537, 1616, '', '', '', '', '', '', '', '', '', '', '', '', '', '', '', 39),
(1538, 1617, '', '', '', '', '', '', '', '', '', '', '', '', '', '', '', 39),
(1539, 1618, '', '', '', '', '', '', '', '', '', '', '', '', '', '', '', 39),
(1540, 1619, '', '', '', '', '', '', '', '', '', '', '', '', '', '', '', 39),
(1541, 1620, '', '', '', '', '', '', '', '', '', '', '', '', '', '', '', 39),
(1542, 1621, '', '', '', '', '', '', '', '', '', '', '', '', '', '', '', 39),
(1543, 1622, '', '', '', '', '', '', '', '', '', '', '', '', '', '', '', 39),
(1544, 1624, '', '', '', '', '', '', '', '', '', '', '', '', '', '', '', 39),
(1545, 1625, '', '', '', '', '', '', '', '', '', '', '', '', '', '', '', 39),
(1546, 1626, '', '', '', '', '', '', '', '', '', '', '', '', '', '', '', 39),
(1547, 1627, '', '', '', '', '', '', '', '', '', '', '', '', '', '', '', 39),
(1548, 1628, '', '', '', '', '', '', '', '', '', '', '', '', '', '', '', 39),
(1549, 1629, '', '', '', '', '', '', '', '', '', '', '', '', '', '', '', 39),
(1550, 1630, '', '', '', '', '', '', '', '', '', '', '', '', '', '', '', 39),
(1551, 1631, '', '', '', '', '', '', '', '', '', '', '', '', '', '', '', 39),
(1552, 1632, '', '', '', '', '', '', '', '', '', '', '', '', '', '', '', 39),
(1553, 1633, '', '', '', '', '', '', '', '', '', '', '', '', '', '', '', 39),
(1554, 1635, '', '', '', '', '', '', '', '', '', '', '', '', '', '', '', 39),
(1555, 1636, '', '', '', '', '', '', '', '', '', '', '', '', '', '', '', 39),
(1556, 1637, '', '', '', '', '', '', '', '', '', '', '', '', '', '', '', 39),
(1557, 1638, '', '', '', '', '', '', '', '', '', '', '', '', '', '', '', 39),
(1558, 1639, '', '', '', '', '', '', '', '', '', '', '', '', '', '', '', 39),
(1559, 1640, '', '', '', '', '', '', '', '', '', '', '', '', '', '', '', 39),
(1560, 1641, '', '', '', '', '', '', '', '', '', '', '', '', '', '', '', 39),
(1561, 1642, '', '', '', '', '', '', '', '', '', '', '', '', '', '', '', 39),
(1562, 1643, '', '', '', '', '', '', '', '', '', '', '', '', '', '', '', 39),
(1563, 1644, '', '', '', '', '', '', '', '', '', '', '', '', '', '', '', 39),
(1564, 1645, '', '', '', '', '', '', '', '', '', '', '', '', '', '', '', 39),
(1565, 1646, '', '', '', '', '', '', '', '', '', '', '', '', '', '', '', 39),
(1566, 1647, '', '', '', '', '', '', '', '', '', '', '', '', '', '', '', 39),
(1567, 1648, '', '', '', '', '', '', '', '', '', '', '', '', '', '', '', 39),
(1568, 1649, '', '', '', '', '', '', '', '', '', '', '', '', '', '', '', 39),
(1569, 1650, '', '', '', '', '', '', '', '', '', '', '', '', '', '', '', 39),
(1570, 1651, '', '', '', '', '', '', '', '', '', '', '', '', '', '', '', 39),
(1571, 1652, '', '', '', '', '', '', '', '', '', '', '', '', '', '', '', 39),
(1572, 1653, '', '', '', '', '', '', '', '', '', '', '', '', '', '', '', 39),
(1573, 1654, '', '', '', '', '', '', '', '', '', '', '', '', '', '', '', 40),
(1574, 1655, '', '', '', '', '', '', '', '', '', '', '', '', '', '', '', 40),
(1575, 1656, '', '', '', '', '', '', '', '', '', '', '', '', '', '', '', 40),
(1576, 1657, '', '', '', '', '', '', '', '', '', '', '', '', '', '', '', 40),
(1577, 1658, '', '', '', '', '', '', '', '', '', '', '', '', '', '', '', 40),
(1578, 1659, '', '', '', '', '', '', '', '', '', '', '', '', '', '', '', 40),
(1579, 1660, '', '', '', '', '', '', '', '', '', '', '', '', '', '', '', 40),
(1580, 1661, '', '', '', '', '', '', '', '', '', '', '', '', '', '', '', 40),
(1581, 1662, '', '', '', '', '', '', '', '', '', '', '', '', '', '', '', 40),
(1582, 1663, '', '', '', '', '', '', '', '', '', '', '', '', '', '', '', 40),
(1583, 1664, '', '', '', '', '', '', '', '', '', '', '', '', '', '', '', 40),
(1584, 1665, '', '', '', '', '', '', '', '', '', '', '', '', '', '', '', 40),
(1585, 1666, '', '', '', '', '', '', '', '', '', '', '', '', '', '', '', 40),
(1586, 1667, '', '', '', '', '', '', '', '', '', '', '', '', '', '', '', 40),
(1587, 1668, '', '', '', '', '', '', '', '', '', '', '', '', '', '', '', 40),
(1588, 1669, '', '', '', '', '', '', '', '', '', '', '', '', '', '', '', 40),
(1589, 1670, '', '', '', '', '', '', '', '', '', '', '', '', '', '', '', 40),
(1590, 1671, '', '', '', '', '', '', '', '', '', '', '', '', '', '', '', 40),
(1591, 1672, '', '', '', '', '', '', '', '', '', '', '', '', '', '', '', 40),
(1592, 1673, '', '', '', '', '', '', '', '', '', '', '', '', '', '', '', 40),
(1593, 1674, '', '', '', '', '', '', '', '', '', '', '', '', '', '', '', 40),
(1594, 1675, '', '', '', '', '', '', '', '', '', '', '', '', '', '', '', 40),
(1595, 1676, '', '', '', '', '', '', '', '', '', '', '', '', '', '', '', 40),
(1596, 2784, '', '', '', '', '', '', '', '', '', '', '', '', '', '', '', 40),
(1597, 1677, '', '', '', '', '', '', '', '', '', '', '', '', '', '', '', 41),
(1598, 1678, '', '', '', '', '', '', '', '', '', '', '', '', '', '', '', 41),
(1599, 1679, '', '', '', '', '', '', '', '', '', '', '', '', '', '', '', 41),
(1600, 1680, '', '', '', '', '', '', '', '', '', '', '', '', '', '', '', 41),
(1601, 1681, '', '', '', '', '', '', '', '', '', '', '', '', '', '', '', 41),
(1602, 1682, '', '', '', '', '', '', '', '', '', '', '', '', '', '', '', 41),
(1603, 1683, '', '', '', '', '', '', '', '', '', '', '', '', '', '', '', 41),
(1604, 1684, '', '', '', '', '', '', '', '', '', '', '', '', '', '', '', 41),
(1605, 1685, '', '', '', '', '', '', '', '', '', '', '', '', '', '', '', 41),
(1606, 1686, '', '', '', '', '', '', '', '', '', '', '', '', '', '', '', 41),
(1607, 1687, '', '', '', '', '', '', '', '', '', '', '', '', '', '', '', 41),
(1608, 1688, '', '', '', '', '', '', '', '', '', '', '', '', '', '', '', 41),
(1609, 1689, '', '', '', '', '', '', '', '', '', '', '', '', '', '', '', 41),
(1610, 1690, '', '', '', '', '', '', '', '', '', '', '', '', '', '', '', 41),
(1611, 1691, '', '', '', '', '', '', '', '', '', '', '', '', '', '', '', 41),
(1612, 1692, '', '', '', '', '', '', '', '', '', '', '', '', '', '', '', 41),
(1613, 1693, '', '', '', '', '', '', '', '', '', '', '', '', '', '', '', 41),
(1614, 1694, '', '', '', '', '', '', '', '', '', '', '', '', '', '', '', 41),
(1615, 1695, '', '', '', '', '', '', '', '', '', '', '', '', '', '', '', 41),
(1616, 1696, '', '', '', '', '', '', '', '', '', '', '', '', '', '', '', 41),
(1617, 1697, '', '', '', '', '', '', '', '', '', '', '', '', '', '', '', 41),
(1618, 1698, '', '', '', '', '', '', '', '', '', '', '', '', '', '', '', 41),
(1619, 1699, '', '', '', '', '', '', '', '', '', '', '', '', '', '', '', 42),
(1620, 1700, '', '', '', '', '', '', '', '', '', '', '', '', '', '', '', 42),
(1621, 1701, '', '', '', '', '', '', '', '', '', '', '', '', '', '', '', 42),
(1622, 1702, '', '', '', '', '', '', '', '', '', '', '', '', '', '', '', 42),
(1623, 1703, '', '', '', '', '', '', '', '', '', '', '', '', '', '', '', 42),
(1624, 1704, '', '', '', '', '', '', '', '', '', '', '', '', '', '', '', 42);
INSERT INTO `secciones` (`id`, `Seccion`, `ColoniaUno`, `ColoniaDos`, `ColoniaTres`, `ColoniaCuatro`, `ColoniaCinco`, `ColoniaSeis`, `ColoniaSiete`, `ColoniaOcho`, `ColoniaNueve`, `ColoniaDiez`, `ColoniaOnce`, `ColoniaDoce`, `ColoniaTrece`, `ColoniaCatorce`, `ColoniaQuince`, `ClaveMunicipio`) VALUES
(1625, 1705, '', '', '', '', '', '', '', '', '', '', '', '', '', '', '', 42),
(1626, 1706, '', '', '', '', '', '', '', '', '', '', '', '', '', '', '', 42),
(1627, 1707, '', '', '', '', '', '', '', '', '', '', '', '', '', '', '', 42),
(1628, 1708, '', '', '', '', '', '', '', '', '', '', '', '', '', '', '', 42),
(1629, 1710, '', '', '', '', '', '', '', '', '', '', '', '', '', '', '', 42),
(1630, 1711, '', '', '', '', '', '', '', '', '', '', '', '', '', '', '', 42),
(1631, 1715, '', '', '', '', '', '', '', '', '', '', '', '', '', '', '', 42),
(1632, 1716, '', '', '', '', '', '', '', '', '', '', '', '', '', '', '', 42),
(1633, 1717, '', '', '', '', '', '', '', '', '', '', '', '', '', '', '', 42),
(1634, 1718, '', '', '', '', '', '', '', '', '', '', '', '', '', '', '', 42),
(1635, 1719, '', '', '', '', '', '', '', '', '', '', '', '', '', '', '', 43),
(1636, 1720, '', '', '', '', '', '', '', '', '', '', '', '', '', '', '', 43),
(1637, 1721, '', '', '', '', '', '', '', '', '', '', '', '', '', '', '', 43),
(1638, 1722, '', '', '', '', '', '', '', '', '', '', '', '', '', '', '', 43),
(1639, 1723, '', '', '', '', '', '', '', '', '', '', '', '', '', '', '', 43),
(1640, 1724, '', '', '', '', '', '', '', '', '', '', '', '', '', '', '', 43),
(1641, 1725, '', '', '', '', '', '', '', '', '', '', '', '', '', '', '', 43),
(1642, 1726, '', '', '', '', '', '', '', '', '', '', '', '', '', '', '', 43),
(1643, 1727, '', '', '', '', '', '', '', '', '', '', '', '', '', '', '', 43),
(1644, 1728, '', '', '', '', '', '', '', '', '', '', '', '', '', '', '', 43),
(1645, 1729, '', '', '', '', '', '', '', '', '', '', '', '', '', '', '', 43),
(1646, 1730, '', '', '', '', '', '', '', '', '', '', '', '', '', '', '', 43),
(1647, 1731, '', '', '', '', '', '', '', '', '', '', '', '', '', '', '', 43),
(1648, 1732, '', '', '', '', '', '', '', '', '', '', '', '', '', '', '', 43),
(1649, 1733, '', '', '', '', '', '', '', '', '', '', '', '', '', '', '', 43),
(1650, 1734, '', '', '', '', '', '', '', '', '', '', '', '', '', '', '', 43),
(1651, 1735, '', '', '', '', '', '', '', '', '', '', '', '', '', '', '', 44),
(1652, 1736, '', '', '', '', '', '', '', '', '', '', '', '', '', '', '', 44),
(1653, 1737, '', '', '', '', '', '', '', '', '', '', '', '', '', '', '', 44),
(1654, 1738, '', '', '', '', '', '', '', '', '', '', '', '', '', '', '', 44),
(1655, 1739, '', '', '', '', '', '', '', '', '', '', '', '', '', '', '', 44),
(1656, 1740, '', '', '', '', '', '', '', '', '', '', '', '', '', '', '', 44),
(1657, 1741, '', '', '', '', '', '', '', '', '', '', '', '', '', '', '', 44),
(1658, 1742, '', '', '', '', '', '', '', '', '', '', '', '', '', '', '', 44),
(1659, 1744, '', '', '', '', '', '', '', '', '', '', '', '', '', '', '', 44),
(1660, 1745, '', '', '', '', '', '', '', '', '', '', '', '', '', '', '', 44),
(1661, 1746, '', '', '', '', '', '', '', '', '', '', '', '', '', '', '', 44),
(1662, 1749, '', '', '', '', '', '', '', '', '', '', '', '', '', '', '', 44),
(1663, 1752, '', '', '', '', '', '', '', '', '', '', '', '', '', '', '', 44),
(1664, 1753, '', '', '', '', '', '', '', '', '', '', '', '', '', '', '', 44),
(1665, 1755, '', '', '', '', '', '', '', '', '', '', '', '', '', '', '', 44),
(1666, 1762, '', '', '', '', '', '', '', '', '', '', '', '', '', '', '', 44),
(1667, 1764, '', '', '', '', '', '', '', '', '', '', '', '', '', '', '', 45),
(1668, 1765, '', '', '', '', '', '', '', '', '', '', '', '', '', '', '', 45),
(1669, 1766, '', '', '', '', '', '', '', '', '', '', '', '', '', '', '', 45),
(1670, 1767, '', '', '', '', '', '', '', '', '', '', '', '', '', '', '', 45),
(1671, 1768, '', '', '', '', '', '', '', '', '', '', '', '', '', '', '', 45),
(1672, 1769, '', '', '', '', '', '', '', '', '', '', '', '', '', '', '', 45),
(1673, 1770, '', '', '', '', '', '', '', '', '', '', '', '', '', '', '', 45),
(1674, 1771, '', '', '', '', '', '', '', '', '', '', '', '', '', '', '', 45),
(1675, 1772, '', '', '', '', '', '', '', '', '', '', '', '', '', '', '', 45),
(1676, 1773, '', '', '', '', '', '', '', '', '', '', '', '', '', '', '', 45),
(1677, 1774, '', '', '', '', '', '', '', '', '', '', '', '', '', '', '', 45),
(1678, 1775, '', '', '', '', '', '', '', '', '', '', '', '', '', '', '', 45),
(1679, 1776, '', '', '', '', '', '', '', '', '', '', '', '', '', '', '', 45),
(1680, 1777, '', '', '', '', '', '', '', '', '', '', '', '', '', '', '', 45),
(1681, 1778, '', '', '', '', '', '', '', '', '', '', '', '', '', '', '', 45),
(1682, 1780, '', '', '', '', '', '', '', '', '', '', '', '', '', '', '', 45),
(1683, 1781, '', '', '', '', '', '', '', '', '', '', '', '', '', '', '', 45),
(1684, 1784, '', '', '', '', '', '', '', '', '', '', '', '', '', '', '', 46),
(1685, 1785, '', '', '', '', '', '', '', '', '', '', '', '', '', '', '', 46),
(1686, 1786, '', '', '', '', '', '', '', '', '', '', '', '', '', '', '', 46),
(1687, 1787, '', '', '', '', '', '', '', '', '', '', '', '', '', '', '', 46),
(1688, 1788, '', '', '', '', '', '', '', '', '', '', '', '', '', '', '', 46),
(1689, 1789, '', '', '', '', '', '', '', '', '', '', '', '', '', '', '', 46),
(1690, 1790, '', '', '', '', '', '', '', '', '', '', '', '', '', '', '', 46),
(1691, 1791, '', '', '', '', '', '', '', '', '', '', '', '', '', '', '', 46),
(1692, 1792, '', '', '', '', '', '', '', '', '', '', '', '', '', '', '', 46),
(1693, 1793, '', '', '', '', '', '', '', '', '', '', '', '', '', '', '', 46),
(1694, 1794, '', '', '', '', '', '', '', '', '', '', '', '', '', '', '', 46),
(1695, 1795, '', '', '', '', '', '', '', '', '', '', '', '', '', '', '', 46),
(1696, 1796, '', '', '', '', '', '', '', '', '', '', '', '', '', '', '', 46),
(1697, 1797, '', '', '', '', '', '', '', '', '', '', '', '', '', '', '', 46),
(1698, 1798, '', '', '', '', '', '', '', '', '', '', '', '', '', '', '', 46),
(1699, 1799, '', '', '', '', '', '', '', '', '', '', '', '', '', '', '', 46),
(1700, 1800, '', '', '', '', '', '', '', '', '', '', '', '', '', '', '', 46),
(1701, 1801, '', '', '', '', '', '', '', '', '', '', '', '', '', '', '', 46),
(1702, 1802, '', '', '', '', '', '', '', '', '', '', '', '', '', '', '', 46),
(1703, 1803, '', '', '', '', '', '', '', '', '', '', '', '', '', '', '', 46),
(1704, 1804, '', '', '', '', '', '', '', '', '', '', '', '', '', '', '', 46),
(1705, 1805, '', '', '', '', '', '', '', '', '', '', '', '', '', '', '', 46),
(1706, 1806, '', '', '', '', '', '', '', '', '', '', '', '', '', '', '', 46),
(1707, 1807, '', '', '', '', '', '', '', '', '', '', '', '', '', '', '', 46),
(1708, 1808, '', '', '', '', '', '', '', '', '', '', '', '', '', '', '', 46),
(1709, 1809, '', '', '', '', '', '', '', '', '', '', '', '', '', '', '', 47),
(1710, 1810, '', '', '', '', '', '', '', '', '', '', '', '', '', '', '', 47),
(1711, 1811, '', '', '', '', '', '', '', '', '', '', '', '', '', '', '', 47),
(1712, 1812, '', '', '', '', '', '', '', '', '', '', '', '', '', '', '', 47),
(1713, 1813, '', '', '', '', '', '', '', '', '', '', '', '', '', '', '', 47),
(1714, 1814, '', '', '', '', '', '', '', '', '', '', '', '', '', '', '', 47),
(1715, 1815, '', '', '', '', '', '', '', '', '', '', '', '', '', '', '', 47),
(1716, 1816, '', '', '', '', '', '', '', '', '', '', '', '', '', '', '', 47),
(1717, 1817, '', '', '', '', '', '', '', '', '', '', '', '', '', '', '', 47),
(1718, 1818, '', '', '', '', '', '', '', '', '', '', '', '', '', '', '', 47),
(1719, 1819, '', '', '', '', '', '', '', '', '', '', '', '', '', '', '', 47),
(1720, 1820, '', '', '', '', '', '', '', '', '', '', '', '', '', '', '', 47),
(1721, 1821, '', '', '', '', '', '', '', '', '', '', '', '', '', '', '', 47),
(1722, 1822, '', '', '', '', '', '', '', '', '', '', '', '', '', '', '', 47),
(1723, 1823, '', '', '', '', '', '', '', '', '', '', '', '', '', '', '', 47),
(1724, 1824, '', '', '', '', '', '', '', '', '', '', '', '', '', '', '', 47),
(1725, 1825, '', '', '', '', '', '', '', '', '', '', '', '', '', '', '', 47),
(1726, 1826, '', '', '', '', '', '', '', '', '', '', '', '', '', '', '', 47),
(1727, 1827, '', '', '', '', '', '', '', '', '', '', '', '', '', '', '', 47),
(1728, 1828, '', '', '', '', '', '', '', '', '', '', '', '', '', '', '', 47),
(1729, 1829, '', '', '', '', '', '', '', '', '', '', '', '', '', '', '', 47),
(1730, 1830, '', '', '', '', '', '', '', '', '', '', '', '', '', '', '', 47),
(1731, 1831, '', '', '', '', '', '', '', '', '', '', '', '', '', '', '', 47),
(1732, 1832, '', '', '', '', '', '', '', '', '', '', '', '', '', '', '', 47),
(1733, 1833, '', '', '', '', '', '', '', '', '', '', '', '', '', '', '', 47),
(1734, 1834, '', '', '', '', '', '', '', '', '', '', '', '', '', '', '', 47),
(1735, 1835, '', '', '', '', '', '', '', '', '', '', '', '', '', '', '', 47),
(1736, 1836, '', '', '', '', '', '', '', '', '', '', '', '', '', '', '', 47),
(1737, 1837, '', '', '', '', '', '', '', '', '', '', '', '', '', '', '', 47),
(1738, 1838, '', '', '', '', '', '', '', '', '', '', '', '', '', '', '', 47),
(1739, 1839, '', '', '', '', '', '', '', '', '', '', '', '', '', '', '', 47),
(1740, 1840, '', '', '', '', '', '', '', '', '', '', '', '', '', '', '', 47),
(1741, 1841, '', '', '', '', '', '', '', '', '', '', '', '', '', '', '', 47),
(1742, 1842, '', '', '', '', '', '', '', '', '', '', '', '', '', '', '', 47),
(1743, 1843, '', '', '', '', '', '', '', '', '', '', '', '', '', '', '', 47),
(1744, 1844, '', '', '', '', '', '', '', '', '', '', '', '', '', '', '', 47),
(1745, 1845, '', '', '', '', '', '', '', '', '', '', '', '', '', '', '', 47),
(1746, 1846, '', '', '', '', '', '', '', '', '', '', '', '', '', '', '', 47),
(1747, 1847, '', '', '', '', '', '', '', '', '', '', '', '', '', '', '', 48),
(1748, 1848, '', '', '', '', '', '', '', '', '', '', '', '', '', '', '', 48),
(1749, 1849, '', '', '', '', '', '', '', '', '', '', '', '', '', '', '', 48),
(1750, 1850, '', '', '', '', '', '', '', '', '', '', '', '', '', '', '', 48),
(1751, 1851, '', '', '', '', '', '', '', '', '', '', '', '', '', '', '', 48),
(1752, 1852, '', '', '', '', '', '', '', '', '', '', '', '', '', '', '', 48),
(1753, 1855, '', '', '', '', '', '', '', '', '', '', '', '', '', '', '', 48),
(1754, 1856, '', '', '', '', '', '', '', '', '', '', '', '', '', '', '', 48),
(1755, 1857, '', '', '', '', '', '', '', '', '', '', '', '', '', '', '', 48),
(1756, 1859, '', '', '', '', '', '', '', '', '', '', '', '', '', '', '', 48),
(1757, 1860, '', '', '', '', '', '', '', '', '', '', '', '', '', '', '', 48),
(1758, 1861, '', '', '', '', '', '', '', '', '', '', '', '', '', '', '', 48),
(1759, 1863, '', '', '', '', '', '', '', '', '', '', '', '', '', '', '', 48),
(1760, 1864, '', '', '', '', '', '', '', '', '', '', '', '', '', '', '', 48),
(1761, 1865, '', '', '', '', '', '', '', '', '', '', '', '', '', '', '', 48),
(1762, 1866, '', '', '', '', '', '', '', '', '', '', '', '', '', '', '', 48),
(1763, 1867, '', '', '', '', '', '', '', '', '', '', '', '', '', '', '', 48),
(1764, 1869, '', '', '', '', '', '', '', '', '', '', '', '', '', '', '', 48),
(1765, 1870, '', '', '', '', '', '', '', '', '', '', '', '', '', '', '', 48),
(1766, 1871, '', '', '', '', '', '', '', '', '', '', '', '', '', '', '', 48),
(1767, 1872, '', '', '', '', '', '', '', '', '', '', '', '', '', '', '', 48),
(1768, 1873, '', '', '', '', '', '', '', '', '', '', '', '', '', '', '', 48),
(1769, 1874, '', '', '', '', '', '', '', '', '', '', '', '', '', '', '', 48),
(1770, 1875, '', '', '', '', '', '', '', '', '', '', '', '', '', '', '', 49),
(1771, 1876, '', '', '', '', '', '', '', '', '', '', '', '', '', '', '', 49),
(1772, 1877, '', '', '', '', '', '', '', '', '', '', '', '', '', '', '', 49),
(1773, 1878, '', '', '', '', '', '', '', '', '', '', '', '', '', '', '', 49),
(1774, 1879, '', '', '', '', '', '', '', '', '', '', '', '', '', '', '', 49),
(1775, 1880, '', '', '', '', '', '', '', '', '', '', '', '', '', '', '', 49),
(1776, 1881, '', '', '', '', '', '', '', '', '', '', '', '', '', '', '', 49),
(1777, 1882, '', '', '', '', '', '', '', '', '', '', '', '', '', '', '', 49),
(1778, 1883, '', '', '', '', '', '', '', '', '', '', '', '', '', '', '', 49),
(1779, 1884, '', '', '', '', '', '', '', '', '', '', '', '', '', '', '', 49),
(1780, 1885, '', '', '', '', '', '', '', '', '', '', '', '', '', '', '', 49),
(1781, 1886, '', '', '', '', '', '', '', '', '', '', '', '', '', '', '', 49),
(1782, 1887, '', '', '', '', '', '', '', '', '', '', '', '', '', '', '', 49),
(1783, 1888, '', '', '', '', '', '', '', '', '', '', '', '', '', '', '', 49),
(1784, 1889, '', '', '', '', '', '', '', '', '', '', '', '', '', '', '', 49),
(1785, 1890, '', '', '', '', '', '', '', '', '', '', '', '', '', '', '', 49),
(1786, 1892, '', '', '', '', '', '', '', '', '', '', '', '', '', '', '', 49),
(1787, 1893, '', '', '', '', '', '', '', '', '', '', '', '', '', '', '', 49),
(1788, 1894, '', '', '', '', '', '', '', '', '', '', '', '', '', '', '', 49),
(1789, 1895, '', '', '', '', '', '', '', '', '', '', '', '', '', '', '', 49),
(1790, 1896, '', '', '', '', '', '', '', '', '', '', '', '', '', '', '', 49),
(1791, 1897, '', '', '', '', '', '', '', '', '', '', '', '', '', '', '', 49),
(1792, 1898, '', '', '', '', '', '', '', '', '', '', '', '', '', '', '', 49),
(1793, 1899, '', '', '', '', '', '', '', '', '', '', '', '', '', '', '', 49),
(1794, 1900, '', '', '', '', '', '', '', '', '', '', '', '', '', '', '', 49),
(1795, 1901, '', '', '', '', '', '', '', '', '', '', '', '', '', '', '', 49),
(1796, 1902, '', '', '', '', '', '', '', '', '', '', '', '', '', '', '', 49),
(1797, 1903, '', '', '', '', '', '', '', '', '', '', '', '', '', '', '', 49),
(1798, 1906, '', '', '', '', '', '', '', '', '', '', '', '', '', '', '', 49),
(1799, 1907, '', '', '', '', '', '', '', '', '', '', '', '', '', '', '', 49),
(1800, 1908, '', '', '', '', '', '', '', '', '', '', '', '', '', '', '', 49),
(1801, 1909, '', '', '', '', '', '', '', '', '', '', '', '', '', '', '', 49),
(1802, 1910, '', '', '', '', '', '', '', '', '', '', '', '', '', '', '', 49),
(1803, 1911, '', '', '', '', '', '', '', '', '', '', '', '', '', '', '', 49),
(1804, 1912, '', '', '', '', '', '', '', '', '', '', '', '', '', '', '', 49),
(1805, 1913, '', '', '', '', '', '', '', '', '', '', '', '', '', '', '', 49),
(1806, 1914, '', '', '', '', '', '', '', '', '', '', '', '', '', '', '', 49),
(1807, 1915, '', '', '', '', '', '', '', '', '', '', '', '', '', '', '', 49),
(1808, 1916, '', '', '', '', '', '', '', '', '', '', '', '', '', '', '', 49),
(1809, 1917, '', '', '', '', '', '', '', '', '', '', '', '', '', '', '', 49),
(1810, 1918, '', '', '', '', '', '', '', '', '', '', '', '', '', '', '', 49),
(1811, 1920, '', '', '', '', '', '', '', '', '', '', '', '', '', '', '', 49),
(1812, 1921, '', '', '', '', '', '', '', '', '', '', '', '', '', '', '', 49),
(1813, 1922, '', '', '', '', '', '', '', '', '', '', '', '', '', '', '', 49),
(1814, 1924, '', '', '', '', '', '', '', '', '', '', '', '', '', '', '', 49),
(1815, 1925, '', '', '', '', '', '', '', '', '', '', '', '', '', '', '', 49),
(1816, 1926, '', '', '', '', '', '', '', '', '', '', '', '', '', '', '', 49),
(1817, 1927, '', '', '', '', '', '', '', '', '', '', '', '', '', '', '', 49),
(1818, 1928, '', '', '', '', '', '', '', '', '', '', '', '', '', '', '', 49),
(1819, 1929, '', '', '', '', '', '', '', '', '', '', '', '', '', '', '', 49),
(1820, 1930, '', '', '', '', '', '', '', '', '', '', '', '', '', '', '', 49),
(1821, 1931, '', '', '', '', '', '', '', '', '', '', '', '', '', '', '', 49),
(1822, 1932, '', '', '', '', '', '', '', '', '', '', '', '', '', '', '', 49),
(1823, 2287, '', '', '', '', '', '', '', '', '', '', '', '', '', '', '', 49),
(1824, 1933, '', '', '', '', '', '', '', '', '', '', '', '', '', '', '', 50),
(1825, 1934, '', '', '', '', '', '', '', '', '', '', '', '', '', '', '', 50),
(1826, 1935, '', '', '', '', '', '', '', '', '', '', '', '', '', '', '', 50),
(1827, 1936, '', '', '', '', '', '', '', '', '', '', '', '', '', '', '', 50),
(1828, 1937, '', '', '', '', '', '', '', '', '', '', '', '', '', '', '', 50),
(1829, 1938, '', '', '', '', '', '', '', '', '', '', '', '', '', '', '', 50),
(1830, 1939, '', '', '', '', '', '', '', '', '', '', '', '', '', '', '', 50),
(1831, 1940, '', '', '', '', '', '', '', '', '', '', '', '', '', '', '', 50),
(1832, 1941, '', '', '', '', '', '', '', '', '', '', '', '', '', '', '', 50),
(1833, 1942, '', '', '', '', '', '', '', '', '', '', '', '', '', '', '', 50),
(1834, 1944, '', '', '', '', '', '', '', '', '', '', '', '', '', '', '', 50),
(1835, 1945, '', '', '', '', '', '', '', '', '', '', '', '', '', '', '', 50),
(1836, 1946, '', '', '', '', '', '', '', '', '', '', '', '', '', '', '', 50),
(1837, 1947, '', '', '', '', '', '', '', '', '', '', '', '', '', '', '', 50),
(1838, 1948, '', '', '', '', '', '', '', '', '', '', '', '', '', '', '', 50),
(1839, 1949, '', '', '', '', '', '', '', '', '', '', '', '', '', '', '', 50),
(1840, 1950, '', '', '', '', '', '', '', '', '', '', '', '', '', '', '', 51),
(1841, 1951, '', '', '', '', '', '', '', '', '', '', '', '', '', '', '', 51),
(1842, 1952, '', '', '', '', '', '', '', '', '', '', '', '', '', '', '', 51),
(1843, 1953, '', '', '', '', '', '', '', '', '', '', '', '', '', '', '', 51),
(1844, 1954, '', '', '', '', '', '', '', '', '', '', '', '', '', '', '', 51),
(1845, 1955, '', '', '', '', '', '', '', '', '', '', '', '', '', '', '', 51),
(1846, 1956, '', '', '', '', '', '', '', '', '', '', '', '', '', '', '', 51),
(1847, 1957, '', '', '', '', '', '', '', '', '', '', '', '', '', '', '', 51),
(1848, 1958, '', '', '', '', '', '', '', '', '', '', '', '', '', '', '', 51),
(1849, 1959, '', '', '', '', '', '', '', '', '', '', '', '', '', '', '', 51),
(1850, 1960, '', '', '', '', '', '', '', '', '', '', '', '', '', '', '', 51),
(1851, 1961, '', '', '', '', '', '', '', '', '', '', '', '', '', '', '', 51),
(1852, 1962, '', '', '', '', '', '', '', '', '', '', '', '', '', '', '', 51),
(1853, 1963, '', '', '', '', '', '', '', '', '', '', '', '', '', '', '', 51),
(1854, 1964, '', '', '', '', '', '', '', '', '', '', '', '', '', '', '', 51),
(1855, 1965, '', '', '', '', '', '', '', '', '', '', '', '', '', '', '', 51),
(1856, 1966, '', '', '', '', '', '', '', '', '', '', '', '', '', '', '', 51),
(1857, 1967, '', '', '', '', '', '', '', '', '', '', '', '', '', '', '', 51),
(1858, 1968, '', '', '', '', '', '', '', '', '', '', '', '', '', '', '', 51),
(1859, 1969, '', '', '', '', '', '', '', '', '', '', '', '', '', '', '', 51),
(1860, 1970, '', '', '', '', '', '', '', '', '', '', '', '', '', '', '', 51),
(1861, 1971, '', '', '', '', '', '', '', '', '', '', '', '', '', '', '', 51),
(1862, 1972, '', '', '', '', '', '', '', '', '', '', '', '', '', '', '', 51),
(1863, 1973, '', '', '', '', '', '', '', '', '', '', '', '', '', '', '', 52),
(1864, 1974, '', '', '', '', '', '', '', '', '', '', '', '', '', '', '', 52),
(1865, 1975, '', '', '', '', '', '', '', '', '', '', '', '', '', '', '', 52),
(1866, 1976, '', '', '', '', '', '', '', '', '', '', '', '', '', '', '', 52),
(1867, 1977, '', '', '', '', '', '', '', '', '', '', '', '', '', '', '', 52),
(1868, 1978, '', '', '', '', '', '', '', '', '', '', '', '', '', '', '', 52),
(1869, 1979, '', '', '', '', '', '', '', '', '', '', '', '', '', '', '', 52),
(1870, 1980, '', '', '', '', '', '', '', '', '', '', '', '', '', '', '', 52),
(1871, 1981, '', '', '', '', '', '', '', '', '', '', '', '', '', '', '', 52),
(1872, 1982, '', '', '', '', '', '', '', '', '', '', '', '', '', '', '', 52),
(1873, 1983, '', '', '', '', '', '', '', '', '', '', '', '', '', '', '', 52),
(1874, 1984, '', '', '', '', '', '', '', '', '', '', '', '', '', '', '', 52),
(1875, 1985, '', '', '', '', '', '', '', '', '', '', '', '', '', '', '', 52),
(1876, 1986, '', '', '', '', '', '', '', '', '', '', '', '', '', '', '', 52),
(1877, 1988, '', '', '', '', '', '', '', '', '', '', '', '', '', '', '', 52),
(1878, 1989, '', '', '', '', '', '', '', '', '', '', '', '', '', '', '', 52),
(1879, 1990, '', '', '', '', '', '', '', '', '', '', '', '', '', '', '', 52),
(1880, 1991, '', '', '', '', '', '', '', '', '', '', '', '', '', '', '', 52),
(1881, 1993, '', '', '', '', '', '', '', '', '', '', '', '', '', '', '', 52),
(1882, 1994, '', '', '', '', '', '', '', '', '', '', '', '', '', '', '', 52),
(1883, 1995, '', '', '', '', '', '', '', '', '', '', '', '', '', '', '', 52),
(1884, 1996, '', '', '', '', '', '', '', '', '', '', '', '', '', '', '', 52),
(1885, 1997, '', '', '', '', '', '', '', '', '', '', '', '', '', '', '', 52),
(1886, 1998, '', '', '', '', '', '', '', '', '', '', '', '', '', '', '', 52),
(1887, 1999, '', '', '', '', '', '', '', '', '', '', '', '', '', '', '', 52),
(1888, 2000, '', '', '', '', '', '', '', '', '', '', '', '', '', '', '', 52),
(1889, 2001, '', '', '', '', '', '', '', '', '', '', '', '', '', '', '', 52),
(1890, 2002, '', '', '', '', '', '', '', '', '', '', '', '', '', '', '', 52),
(1891, 2003, '', '', '', '', '', '', '', '', '', '', '', '', '', '', '', 52),
(1892, 2004, '', '', '', '', '', '', '', '', '', '', '', '', '', '', '', 52),
(1893, 2005, '', '', '', '', '', '', '', '', '', '', '', '', '', '', '', 52),
(1894, 2006, '', '', '', '', '', '', '', '', '', '', '', '', '', '', '', 52),
(1895, 2007, '', '', '', '', '', '', '', '', '', '', '', '', '', '', '', 52),
(1896, 2008, '', '', '', '', '', '', '', '', '', '', '', '', '', '', '', 52),
(1897, 2009, '', '', '', '', '', '', '', '', '', '', '', '', '', '', '', 52),
(1898, 2010, '', '', '', '', '', '', '', '', '', '', '', '', '', '', '', 52),
(1899, 2011, '', '', '', '', '', '', '', '', '', '', '', '', '', '', '', 52),
(1900, 2012, '', '', '', '', '', '', '', '', '', '', '', '', '', '', '', 52),
(1901, 2013, '', '', '', '', '', '', '', '', '', '', '', '', '', '', '', 52),
(1902, 2014, '', '', '', '', '', '', '', '', '', '', '', '', '', '', '', 52),
(1903, 2015, '', '', '', '', '', '', '', '', '', '', '', '', '', '', '', 53),
(1904, 2016, '', '', '', '', '', '', '', '', '', '', '', '', '', '', '', 53),
(1905, 2017, '', '', '', '', '', '', '', '', '', '', '', '', '', '', '', 53),
(1906, 2018, '', '', '', '', '', '', '', '', '', '', '', '', '', '', '', 53),
(1907, 2020, '', '', '', '', '', '', '', '', '', '', '', '', '', '', '', 53),
(1908, 2021, '', '', '', '', '', '', '', '', '', '', '', '', '', '', '', 53),
(1909, 2022, '', '', '', '', '', '', '', '', '', '', '', '', '', '', '', 53),
(1910, 2023, '', '', '', '', '', '', '', '', '', '', '', '', '', '', '', 53),
(1911, 2024, '', '', '', '', '', '', '', '', '', '', '', '', '', '', '', 53),
(1912, 2025, '', '', '', '', '', '', '', '', '', '', '', '', '', '', '', 53),
(1913, 2026, '', '', '', '', '', '', '', '', '', '', '', '', '', '', '', 53),
(1914, 2027, '', '', '', '', '', '', '', '', '', '', '', '', '', '', '', 53),
(1915, 2028, '', '', '', '', '', '', '', '', '', '', '', '', '', '', '', 53),
(1916, 2029, '', '', '', '', '', '', '', '', '', '', '', '', '', '', '', 53),
(1917, 2030, '', '', '', '', '', '', '', '', '', '', '', '', '', '', '', 53),
(1918, 2031, '', '', '', '', '', '', '', '', '', '', '', '', '', '', '', 53),
(1919, 2032, '', '', '', '', '', '', '', '', '', '', '', '', '', '', '', 53),
(1920, 2033, '', '', '', '', '', '', '', '', '', '', '', '', '', '', '', 53),
(1921, 2034, '', '', '', '', '', '', '', '', '', '', '', '', '', '', '', 53),
(1922, 2035, '', '', '', '', '', '', '', '', '', '', '', '', '', '', '', 53),
(1923, 2036, '', '', '', '', '', '', '', '', '', '', '', '', '', '', '', 53),
(1924, 2037, '', '', '', '', '', '', '', '', '', '', '', '', '', '', '', 53),
(1925, 2038, '', '', '', '', '', '', '', '', '', '', '', '', '', '', '', 53),
(1926, 2039, '', '', '', '', '', '', '', '', '', '', '', '', '', '', '', 53),
(1927, 2040, '', '', '', '', '', '', '', '', '', '', '', '', '', '', '', 53),
(1928, 2041, '', '', '', '', '', '', '', '', '', '', '', '', '', '', '', 54),
(1929, 2042, '', '', '', '', '', '', '', '', '', '', '', '', '', '', '', 54),
(1930, 2043, '', '', '', '', '', '', '', '', '', '', '', '', '', '', '', 54),
(1931, 2044, '', '', '', '', '', '', '', '', '', '', '', '', '', '', '', 54),
(1932, 2045, '', '', '', '', '', '', '', '', '', '', '', '', '', '', '', 54),
(1933, 2046, '', '', '', '', '', '', '', '', '', '', '', '', '', '', '', 54),
(1934, 2047, '', '', '', '', '', '', '', '', '', '', '', '', '', '', '', 54),
(1935, 2048, '', '', '', '', '', '', '', '', '', '', '', '', '', '', '', 54),
(1936, 2049, '', '', '', '', '', '', '', '', '', '', '', '', '', '', '', 54),
(1937, 2050, '', '', '', '', '', '', '', '', '', '', '', '', '', '', '', 54),
(1938, 2052, '', '', '', '', '', '', '', '', '', '', '', '', '', '', '', 54),
(1939, 2053, '', '', '', '', '', '', '', '', '', '', '', '', '', '', '', 54),
(1940, 2054, '', '', '', '', '', '', '', '', '', '', '', '', '', '', '', 54),
(1941, 2055, '', '', '', '', '', '', '', '', '', '', '', '', '', '', '', 54),
(1942, 2056, '', '', '', '', '', '', '', '', '', '', '', '', '', '', '', 54),
(1943, 2057, '', '', '', '', '', '', '', '', '', '', '', '', '', '', '', 54),
(1944, 2058, '', '', '', '', '', '', '', '', '', '', '', '', '', '', '', 54),
(1945, 2059, '', '', '', '', '', '', '', '', '', '', '', '', '', '', '', 54),
(1946, 2060, '', '', '', '', '', '', '', '', '', '', '', '', '', '', '', 54),
(1947, 2061, '', '', '', '', '', '', '', '', '', '', '', '', '', '', '', 54),
(1948, 2062, '', '', '', '', '', '', '', '', '', '', '', '', '', '', '', 54),
(1949, 2063, '', '', '', '', '', '', '', '', '', '', '', '', '', '', '', 54),
(1950, 2064, '', '', '', '', '', '', '', '', '', '', '', '', '', '', '', 54),
(1951, 2065, '', '', '', '', '', '', '', '', '', '', '', '', '', '', '', 54),
(1952, 2066, '', '', '', '', '', '', '', '', '', '', '', '', '', '', '', 54),
(1953, 2067, '', '', '', '', '', '', '', '', '', '', '', '', '', '', '', 54),
(1954, 2068, '', '', '', '', '', '', '', '', '', '', '', '', '', '', '', 54),
(1955, 2069, '', '', '', '', '', '', '', '', '', '', '', '', '', '', '', 54),
(1956, 2070, '', '', '', '', '', '', '', '', '', '', '', '', '', '', '', 54),
(1957, 2071, '', '', '', '', '', '', '', '', '', '', '', '', '', '', '', 54),
(1958, 2072, '', '', '', '', '', '', '', '', '', '', '', '', '', '', '', 54),
(1959, 2073, '', '', '', '', '', '', '', '', '', '', '', '', '', '', '', 54),
(1960, 2074, '', '', '', '', '', '', '', '', '', '', '', '', '', '', '', 54),
(1961, 2075, '', '', '', '', '', '', '', '', '', '', '', '', '', '', '', 54),
(1962, 2076, '', '', '', '', '', '', '', '', '', '', '', '', '', '', '', 54),
(1963, 2077, '', '', '', '', '', '', '', '', '', '', '', '', '', '', '', 54),
(1964, 2078, '', '', '', '', '', '', '', '', '', '', '', '', '', '', '', 54),
(1965, 2079, '', '', '', '', '', '', '', '', '', '', '', '', '', '', '', 54),
(1966, 2080, '', '', '', '', '', '', '', '', '', '', '', '', '', '', '', 54),
(1967, 2083, '', '', '', '', '', '', '', '', '', '', '', '', '', '', '', 54),
(1968, 2084, '', '', '', '', '', '', '', '', '', '', '', '', '', '', '', 54),
(1969, 2086, '', '', '', '', '', '', '', '', '', '', '', '', '', '', '', 54),
(1970, 2087, '', '', '', '', '', '', '', '', '', '', '', '', '', '', '', 54),
(1971, 2088, '', '', '', '', '', '', '', '', '', '', '', '', '', '', '', 54),
(1972, 2089, '', '', '', '', '', '', '', '', '', '', '', '', '', '', '', 54),
(1973, 2090, '', '', '', '', '', '', '', '', '', '', '', '', '', '', '', 54),
(1974, 2091, '', '', '', '', '', '', '', '', '', '', '', '', '', '', '', 54),
(1975, 2092, '', '', '', '', '', '', '', '', '', '', '', '', '', '', '', 55),
(1976, 2093, '', '', '', '', '', '', '', '', '', '', '', '', '', '', '', 55),
(1977, 2094, '', '', '', '', '', '', '', '', '', '', '', '', '', '', '', 55),
(1978, 2095, '', '', '', '', '', '', '', '', '', '', '', '', '', '', '', 55),
(1979, 2096, '', '', '', '', '', '', '', '', '', '', '', '', '', '', '', 55),
(1980, 2097, '', '', '', '', '', '', '', '', '', '', '', '', '', '', '', 55),
(1981, 2098, '', '', '', '', '', '', '', '', '', '', '', '', '', '', '', 55),
(1982, 2099, '', '', '', '', '', '', '', '', '', '', '', '', '', '', '', 55),
(1983, 2100, '', '', '', '', '', '', '', '', '', '', '', '', '', '', '', 55),
(1984, 2101, '', '', '', '', '', '', '', '', '', '', '', '', '', '', '', 55),
(1985, 2102, '', '', '', '', '', '', '', '', '', '', '', '', '', '', '', 55),
(1986, 2103, '', '', '', '', '', '', '', '', '', '', '', '', '', '', '', 55),
(1987, 2104, '', '', '', '', '', '', '', '', '', '', '', '', '', '', '', 55),
(1988, 2105, '', '', '', '', '', '', '', '', '', '', '', '', '', '', '', 55),
(1989, 2106, '', '', '', '', '', '', '', '', '', '', '', '', '', '', '', 55),
(1990, 2108, '', '', '', '', '', '', '', '', '', '', '', '', '', '', '', 55),
(1991, 2109, '', '', '', '', '', '', '', '', '', '', '', '', '', '', '', 55),
(1992, 2110, '', '', '', '', '', '', '', '', '', '', '', '', '', '', '', 55),
(1993, 2111, '', '', '', '', '', '', '', '', '', '', '', '', '', '', '', 55),
(1994, 2113, '', '', '', '', '', '', '', '', '', '', '', '', '', '', '', 55),
(1995, 2114, '', '', '', '', '', '', '', '', '', '', '', '', '', '', '', 55),
(1996, 2115, '', '', '', '', '', '', '', '', '', '', '', '', '', '', '', 55),
(1997, 2116, '', '', '', '', '', '', '', '', '', '', '', '', '', '', '', 55),
(1998, 2117, '', '', '', '', '', '', '', '', '', '', '', '', '', '', '', 55),
(1999, 2118, '', '', '', '', '', '', '', '', '', '', '', '', '', '', '', 55),
(2000, 2119, '', '', '', '', '', '', '', '', '', '', '', '', '', '', '', 55),
(2001, 2120, '', '', '', '', '', '', '', '', '', '', '', '', '', '', '', 55),
(2002, 2121, '', '', '', '', '', '', '', '', '', '', '', '', '', '', '', 55),
(2003, 2122, '', '', '', '', '', '', '', '', '', '', '', '', '', '', '', 55),
(2004, 2123, '', '', '', '', '', '', '', '', '', '', '', '', '', '', '', 55),
(2005, 2124, '', '', '', '', '', '', '', '', '', '', '', '', '', '', '', 55),
(2006, 2125, '', '', '', '', '', '', '', '', '', '', '', '', '', '', '', 55),
(2007, 2127, '', '', '', '', '', '', '', '', '', '', '', '', '', '', '', 55),
(2008, 2128, '', '', '', '', '', '', '', '', '', '', '', '', '', '', '', 55),
(2009, 2129, '', '', '', '', '', '', '', '', '', '', '', '', '', '', '', 55),
(2010, 2130, '', '', '', '', '', '', '', '', '', '', '', '', '', '', '', 55),
(2011, 2131, '', '', '', '', '', '', '', '', '', '', '', '', '', '', '', 55),
(2012, 2132, '', '', '', '', '', '', '', '', '', '', '', '', '', '', '', 55),
(2013, 2133, '', '', '', '', '', '', '', '', '', '', '', '', '', '', '', 55),
(2014, 2134, '', '', '', '', '', '', '', '', '', '', '', '', '', '', '', 56),
(2015, 2135, '', '', '', '', '', '', '', '', '', '', '', '', '', '', '', 56),
(2016, 2136, '', '', '', '', '', '', '', '', '', '', '', '', '', '', '', 56),
(2017, 2137, '', '', '', '', '', '', '', '', '', '', '', '', '', '', '', 56),
(2018, 2138, '', '', '', '', '', '', '', '', '', '', '', '', '', '', '', 56),
(2019, 2139, '', '', '', '', '', '', '', '', '', '', '', '', '', '', '', 56),
(2020, 2140, '', '', '', '', '', '', '', '', '', '', '', '', '', '', '', 56),
(2021, 2141, '', '', '', '', '', '', '', '', '', '', '', '', '', '', '', 56),
(2022, 2142, '', '', '', '', '', '', '', '', '', '', '', '', '', '', '', 56),
(2023, 2143, '', '', '', '', '', '', '', '', '', '', '', '', '', '', '', 56),
(2024, 2144, '', '', '', '', '', '', '', '', '', '', '', '', '', '', '', 56),
(2025, 2145, '', '', '', '', '', '', '', '', '', '', '', '', '', '', '', 56),
(2026, 2146, '', '', '', '', '', '', '', '', '', '', '', '', '', '', '', 56),
(2027, 2147, '', '', '', '', '', '', '', '', '', '', '', '', '', '', '', 56),
(2028, 2148, '', '', '', '', '', '', '', '', '', '', '', '', '', '', '', 56),
(2029, 2149, '', '', '', '', '', '', '', '', '', '', '', '', '', '', '', 56),
(2030, 2150, '', '', '', '', '', '', '', '', '', '', '', '', '', '', '', 56),
(2031, 2151, '', '', '', '', '', '', '', '', '', '', '', '', '', '', '', 56),
(2032, 2152, '', '', '', '', '', '', '', '', '', '', '', '', '', '', '', 56),
(2033, 2153, '', '', '', '', '', '', '', '', '', '', '', '', '', '', '', 56),
(2034, 2154, '', '', '', '', '', '', '', '', '', '', '', '', '', '', '', 56),
(2035, 2155, '', '', '', '', '', '', '', '', '', '', '', '', '', '', '', 56),
(2036, 2156, '', '', '', '', '', '', '', '', '', '', '', '', '', '', '', 56),
(2037, 2157, '', '', '', '', '', '', '', '', '', '', '', '', '', '', '', 56),
(2038, 2158, '', '', '', '', '', '', '', '', '', '', '', '', '', '', '', 56),
(2039, 2159, '', '', '', '', '', '', '', '', '', '', '', '', '', '', '', 56),
(2040, 2160, '', '', '', '', '', '', '', '', '', '', '', '', '', '', '', 56),
(2041, 2161, '', '', '', '', '', '', '', '', '', '', '', '', '', '', '', 56),
(2042, 2162, '', '', '', '', '', '', '', '', '', '', '', '', '', '', '', 56),
(2043, 2163, '', '', '', '', '', '', '', '', '', '', '', '', '', '', '', 56),
(2044, 2165, '', '', '', '', '', '', '', '', '', '', '', '', '', '', '', 56),
(2045, 2166, '', '', '', '', '', '', '', '', '', '', '', '', '', '', '', 56),
(2046, 2167, '', '', '', '', '', '', '', '', '', '', '', '', '', '', '', 56),
(2047, 2168, '', '', '', '', '', '', '', '', '', '', '', '', '', '', '', 56),
(2048, 2169, '', '', '', '', '', '', '', '', '', '', '', '', '', '', '', 56),
(2049, 2170, '', '', '', '', '', '', '', '', '', '', '', '', '', '', '', 56),
(2050, 2171, '', '', '', '', '', '', '', '', '', '', '', '', '', '', '', 56),
(2051, 2172, '', '', '', '', '', '', '', '', '', '', '', '', '', '', '', 56),
(2052, 2173, '', '', '', '', '', '', '', '', '', '', '', '', '', '', '', 56),
(2053, 2174, '', '', '', '', '', '', '', '', '', '', '', '', '', '', '', 56),
(2054, 2175, '', '', '', '', '', '', '', '', '', '', '', '', '', '', '', 56),
(2055, 2176, '', '', '', '', '', '', '', '', '', '', '', '', '', '', '', 56),
(2056, 2177, '', '', '', '', '', '', '', '', '', '', '', '', '', '', '', 56),
(2057, 2178, '', '', '', '', '', '', '', '', '', '', '', '', '', '', '', 56),
(2058, 2179, '', '', '', '', '', '', '', '', '', '', '', '', '', '', '', 56),
(2059, 2180, '', '', '', '', '', '', '', '', '', '', '', '', '', '', '', 56),
(2060, 2181, '', '', '', '', '', '', '', '', '', '', '', '', '', '', '', 56),
(2061, 2182, '', '', '', '', '', '', '', '', '', '', '', '', '', '', '', 56),
(2062, 2183, '', '', '', '', '', '', '', '', '', '', '', '', '', '', '', 56),
(2063, 2184, '', '', '', '', '', '', '', '', '', '', '', '', '', '', '', 56),
(2064, 2185, '', '', '', '', '', '', '', '', '', '', '', '', '', '', '', 56),
(2065, 2186, '', '', '', '', '', '', '', '', '', '', '', '', '', '', '', 56),
(2066, 2187, '', '', '', '', '', '', '', '', '', '', '', '', '', '', '', 56),
(2067, 2188, '', '', '', '', '', '', '', '', '', '', '', '', '', '', '', 56),
(2068, 2189, '', '', '', '', '', '', '', '', '', '', '', '', '', '', '', 56),
(2069, 2190, '', '', '', '', '', '', '', '', '', '', '', '', '', '', '', 56),
(2070, 2191, '', '', '', '', '', '', '', '', '', '', '', '', '', '', '', 56),
(2071, 2192, '', '', '', '', '', '', '', '', '', '', '', '', '', '', '', 56),
(2072, 2193, '', '', '', '', '', '', '', '', '', '', '', '', '', '', '', 56),
(2073, 2194, '', '', '', '', '', '', '', '', '', '', '', '', '', '', '', 56),
(2074, 2195, '', '', '', '', '', '', '', '', '', '', '', '', '', '', '', 56),
(2075, 2196, '', '', '', '', '', '', '', '', '', '', '', '', '', '', '', 56),
(2076, 2197, '', '', '', '', '', '', '', '', '', '', '', '', '', '', '', 56),
(2077, 2198, '', '', '', '', '', '', '', '', '', '', '', '', '', '', '', 56),
(2078, 2199, '', '', '', '', '', '', '', '', '', '', '', '', '', '', '', 56),
(2079, 2200, '', '', '', '', '', '', '', '', '', '', '', '', '', '', '', 56),
(2080, 2201, '', '', '', '', '', '', '', '', '', '', '', '', '', '', '', 56),
(2081, 2202, '', '', '', '', '', '', '', '', '', '', '', '', '', '', '', 56),
(2082, 2203, '', '', '', '', '', '', '', '', '', '', '', '', '', '', '', 56),
(2083, 2204, '', '', '', '', '', '', '', '', '', '', '', '', '', '', '', 56),
(2084, 2205, '', '', '', '', '', '', '', '', '', '', '', '', '', '', '', 56),
(2085, 2206, '', '', '', '', '', '', '', '', '', '', '', '', '', '', '', 56),
(2086, 2207, '', '', '', '', '', '', '', '', '', '', '', '', '', '', '', 56),
(2087, 2208, '', '', '', '', '', '', '', '', '', '', '', '', '', '', '', 56),
(2088, 2209, '', '', '', '', '', '', '', '', '', '', '', '', '', '', '', 56),
(2089, 2210, '', '', '', '', '', '', '', '', '', '', '', '', '', '', '', 56),
(2090, 2211, '', '', '', '', '', '', '', '', '', '', '', '', '', '', '', 56),
(2091, 2212, '', '', '', '', '', '', '', '', '', '', '', '', '', '', '', 56),
(2092, 2213, '', '', '', '', '', '', '', '', '', '', '', '', '', '', '', 56),
(2093, 2214, '', '', '', '', '', '', '', '', '', '', '', '', '', '', '', 56),
(2094, 2215, '', '', '', '', '', '', '', '', '', '', '', '', '', '', '', 56),
(2095, 2216, '', '', '', '', '', '', '', '', '', '', '', '', '', '', '', 56),
(2096, 2217, '', '', '', '', '', '', '', '', '', '', '', '', '', '', '', 56),
(2097, 2218, '', '', '', '', '', '', '', '', '', '', '', '', '', '', '', 56),
(2098, 2219, '', '', '', '', '', '', '', '', '', '', '', '', '', '', '', 56),
(2099, 2220, '', '', '', '', '', '', '', '', '', '', '', '', '', '', '', 56),
(2100, 2221, '', '', '', '', '', '', '', '', '', '', '', '', '', '', '', 56),
(2101, 2222, '', '', '', '', '', '', '', '', '', '', '', '', '', '', '', 56),
(2102, 2794, '', '', '', '', '', '', '', '', '', '', '', '', '', '', '', 56),
(2103, 2795, '', '', '', '', '', '', '', '', '', '', '', '', '', '', '', 56),
(2104, 2223, '', '', '', '', '', '', '', '', '', '', '', '', '', '', '', 57),
(2105, 2224, '', '', '', '', '', '', '', '', '', '', '', '', '', '', '', 57),
(2106, 2225, '', '', '', '', '', '', '', '', '', '', '', '', '', '', '', 57),
(2107, 2226, '', '', '', '', '', '', '', '', '', '', '', '', '', '', '', 57),
(2108, 2227, '', '', '', '', '', '', '', '', '', '', '', '', '', '', '', 57),
(2109, 2228, '', '', '', '', '', '', '', '', '', '', '', '', '', '', '', 57),
(2110, 2229, '', '', '', '', '', '', '', '', '', '', '', '', '', '', '', 57),
(2111, 2230, '', '', '', '', '', '', '', '', '', '', '', '', '', '', '', 57),
(2112, 2231, '', '', '', '', '', '', '', '', '', '', '', '', '', '', '', 57),
(2113, 2232, '', '', '', '', '', '', '', '', '', '', '', '', '', '', '', 57),
(2114, 2233, '', '', '', '', '', '', '', '', '', '', '', '', '', '', '', 57),
(2115, 2234, '', '', '', '', '', '', '', '', '', '', '', '', '', '', '', 57),
(2116, 2235, '', '', '', '', '', '', '', '', '', '', '', '', '', '', '', 57),
(2117, 2236, '', '', '', '', '', '', '', '', '', '', '', '', '', '', '', 57),
(2118, 2237, '', '', '', '', '', '', '', '', '', '', '', '', '', '', '', 57),
(2119, 2238, '', '', '', '', '', '', '', '', '', '', '', '', '', '', '', 57),
(2120, 2239, '', '', '', '', '', '', '', '', '', '', '', '', '', '', '', 57),
(2121, 2240, '', '', '', '', '', '', '', '', '', '', '', '', '', '', '', 57),
(2122, 2241, '', '', '', '', '', '', '', '', '', '', '', '', '', '', '', 57),
(2123, 2242, '', '', '', '', '', '', '', '', '', '', '', '', '', '', '', 57),
(2124, 2243, '', '', '', '', '', '', '', '', '', '', '', '', '', '', '', 57),
(2125, 2244, '', '', '', '', '', '', '', '', '', '', '', '', '', '', '', 57),
(2126, 2245, '', '', '', '', '', '', '', '', '', '', '', '', '', '', '', 57),
(2127, 2246, '', '', '', '', '', '', '', '', '', '', '', '', '', '', '', 57),
(2128, 2247, '', '', '', '', '', '', '', '', '', '', '', '', '', '', '', 57),
(2129, 2248, '', '', '', '', '', '', '', '', '', '', '', '', '', '', '', 57),
(2130, 2249, '', '', '', '', '', '', '', '', '', '', '', '', '', '', '', 57),
(2131, 2250, '', '', '', '', '', '', '', '', '', '', '', '', '', '', '', 57),
(2132, 2251, '', '', '', '', '', '', '', '', '', '', '', '', '', '', '', 57),
(2133, 2252, '', '', '', '', '', '', '', '', '', '', '', '', '', '', '', 57),
(2134, 2253, '', '', '', '', '', '', '', '', '', '', '', '', '', '', '', 57),
(2135, 2254, '', '', '', '', '', '', '', '', '', '', '', '', '', '', '', 57),
(2136, 2255, '', '', '', '', '', '', '', '', '', '', '', '', '', '', '', 57),
(2137, 2256, '', '', '', '', '', '', '', '', '', '', '', '', '', '', '', 57),
(2138, 2257, '', '', '', '', '', '', '', '', '', '', '', '', '', '', '', 57),
(2139, 2258, '', '', '', '', '', '', '', '', '', '', '', '', '', '', '', 57),
(2140, 2259, '', '', '', '', '', '', '', '', '', '', '', '', '', '', '', 57),
(2141, 2260, '', '', '', '', '', '', '', '', '', '', '', '', '', '', '', 57),
(2142, 2261, '', '', '', '', '', '', '', '', '', '', '', '', '', '', '', 57),
(2143, 2262, '', '', '', '', '', '', '', '', '', '', '', '', '', '', '', 58),
(2144, 2263, '', '', '', '', '', '', '', '', '', '', '', '', '', '', '', 58),
(2145, 2264, '', '', '', '', '', '', '', '', '', '', '', '', '', '', '', 58),
(2146, 2265, '', '', '', '', '', '', '', '', '', '', '', '', '', '', '', 58),
(2147, 2266, '', '', '', '', '', '', '', '', '', '', '', '', '', '', '', 58),
(2148, 2267, '', '', '', '', '', '', '', '', '', '', '', '', '', '', '', 58),
(2149, 2268, '', '', '', '', '', '', '', '', '', '', '', '', '', '', '', 58),
(2150, 2269, '', '', '', '', '', '', '', '', '', '', '', '', '', '', '', 58),
(2151, 2270, '', '', '', '', '', '', '', '', '', '', '', '', '', '', '', 58),
(2152, 2271, '', '', '', '', '', '', '', '', '', '', '', '', '', '', '', 58),
(2153, 2272, '', '', '', '', '', '', '', '', '', '', '', '', '', '', '', 58),
(2154, 2273, '', '', '', '', '', '', '', '', '', '', '', '', '', '', '', 58),
(2155, 2274, '', '', '', '', '', '', '', '', '', '', '', '', '', '', '', 58),
(2156, 2275, '', '', '', '', '', '', '', '', '', '', '', '', '', '', '', 58),
(2157, 2276, '', '', '', '', '', '', '', '', '', '', '', '', '', '', '', 58),
(2158, 2277, '', '', '', '', '', '', '', '', '', '', '', '', '', '', '', 58),
(2159, 2278, '', '', '', '', '', '', '', '', '', '', '', '', '', '', '', 58),
(2160, 2279, '', '', '', '', '', '', '', '', '', '', '', '', '', '', '', 58),
(2161, 2280, '', '', '', '', '', '', '', '', '', '', '', '', '', '', '', 58),
(2162, 2281, '', '', '', '', '', '', '', '', '', '', '', '', '', '', '', 58),
(2163, 2283, '', '', '', '', '', '', '', '', '', '', '', '', '', '', '', 58),
(2164, 2284, '', '', '', '', '', '', '', '', '', '', '', '', '', '', '', 58),
(2165, 2285, '', '', '', '', '', '', '', '', '', '', '', '', '', '', '', 58),
(2166, 2286, '', '', '', '', '', '', '', '', '', '', '', '', '', '', '', 58),
(2167, 2288, '', '', '', '', '', '', '', '', '', '', '', '', '', '', '', 58),
(2168, 2289, '', '', '', '', '', '', '', '', '', '', '', '', '', '', '', 58),
(2169, 2290, '', '', '', '', '', '', '', '', '', '', '', '', '', '', '', 58),
(2170, 2291, '', '', '', '', '', '', '', '', '', '', '', '', '', '', '', 58),
(2171, 2292, '', '', '', '', '', '', '', '', '', '', '', '', '', '', '', 58),
(2172, 2293, '', '', '', '', '', '', '', '', '', '', '', '', '', '', '', 58),
(2173, 2294, '', '', '', '', '', '', '', '', '', '', '', '', '', '', '', 58),
(2174, 2295, '', '', '', '', '', '', '', '', '', '', '', '', '', '', '', 58),
(2175, 2296, '', '', '', '', '', '', '', '', '', '', '', '', '', '', '', 58),
(2176, 2297, '', '', '', '', '', '', '', '', '', '', '', '', '', '', '', 58),
(2177, 2298, '', '', '', '', '', '', '', '', '', '', '', '', '', '', '', 58),
(2178, 2299, '', '', '', '', '', '', '', '', '', '', '', '', '', '', '', 58),
(2179, 2300, '', '', '', '', '', '', '', '', '', '', '', '', '', '', '', 58),
(2180, 2301, '', '', '', '', '', '', '', '', '', '', '', '', '', '', '', 58),
(2181, 2302, '', '', '', '', '', '', '', '', '', '', '', '', '', '', '', 58),
(2182, 2303, '', '', '', '', '', '', '', '', '', '', '', '', '', '', '', 58),
(2183, 2304, '', '', '', '', '', '', '', '', '', '', '', '', '', '', '', 58),
(2184, 2305, '', '', '', '', '', '', '', '', '', '', '', '', '', '', '', 58),
(2185, 2306, '', '', '', '', '', '', '', '', '', '', '', '', '', '', '', 58),
(2186, 2307, '', '', '', '', '', '', '', '', '', '', '', '', '', '', '', 58),
(2187, 2308, '', '', '', '', '', '', '', '', '', '', '', '', '', '', '', 58),
(2188, 2309, '', '', '', '', '', '', '', '', '', '', '', '', '', '', '', 58),
(2189, 2310, '', '', '', '', '', '', '', '', '', '', '', '', '', '', '', 58),
(2190, 2311, '', '', '', '', '', '', '', '', '', '', '', '', '', '', '', 58),
(2191, 2312, '', '', '', '', '', '', '', '', '', '', '', '', '', '', '', 58),
(2192, 2313, '', '', '', '', '', '', '', '', '', '', '', '', '', '', '', 58),
(2193, 2314, '', '', '', '', '', '', '', '', '', '', '', '', '', '', '', 58),
(2194, 2316, '', '', '', '', '', '', '', '', '', '', '', '', '', '', '', 58),
(2195, 2317, '', '', '', '', '', '', '', '', '', '', '', '', '', '', '', 58),
(2196, 2318, '', '', '', '', '', '', '', '', '', '', '', '', '', '', '', 58),
(2197, 2319, '', '', '', '', '', '', '', '', '', '', '', '', '', '', '', 58),
(2198, 2320, '', '', '', '', '', '', '', '', '', '', '', '', '', '', '', 58),
(2199, 2321, '', '', '', '', '', '', '', '', '', '', '', '', '', '', '', 58),
(2200, 2322, '', '', '', '', '', '', '', '', '', '', '', '', '', '', '', 58),
(2201, 2323, '', '', '', '', '', '', '', '', '', '', '', '', '', '', '', 58),
(2202, 2324, '', '', '', '', '', '', '', '', '', '', '', '', '', '', '', 58),
(2203, 2325, '', '', '', '', '', '', '', '', '', '', '', '', '', '', '', 58),
(2204, 2326, '', '', '', '', '', '', '', '', '', '', '', '', '', '', '', 58),
(2205, 2327, '', '', '', '', '', '', '', '', '', '', '', '', '', '', '', 58),
(2206, 2328, '', '', '', '', '', '', '', '', '', '', '', '', '', '', '', 58),
(2207, 2329, '', '', '', '', '', '', '', '', '', '', '', '', '', '', '', 58),
(2208, 2330, '', '', '', '', '', '', '', '', '', '', '', '', '', '', '', 58),
(2209, 2331, '', '', '', '', '', '', '', '', '', '', '', '', '', '', '', 59),
(2210, 2332, '', '', '', '', '', '', '', '', '', '', '', '', '', '', '', 59),
(2211, 2333, '', '', '', '', '', '', '', '', '', '', '', '', '', '', '', 59),
(2212, 2334, '', '', '', '', '', '', '', '', '', '', '', '', '', '', '', 59),
(2213, 2335, '', '', '', '', '', '', '', '', '', '', '', '', '', '', '', 59),
(2214, 2336, '', '', '', '', '', '', '', '', '', '', '', '', '', '', '', 59),
(2215, 2337, '', '', '', '', '', '', '', '', '', '', '', '', '', '', '', 59),
(2216, 2338, '', '', '', '', '', '', '', '', '', '', '', '', '', '', '', 59),
(2217, 2339, '', '', '', '', '', '', '', '', '', '', '', '', '', '', '', 59),
(2218, 2340, '', '', '', '', '', '', '', '', '', '', '', '', '', '', '', 59),
(2219, 2341, '', '', '', '', '', '', '', '', '', '', '', '', '', '', '', 59),
(2220, 2342, '', '', '', '', '', '', '', '', '', '', '', '', '', '', '', 59),
(2221, 2343, '', '', '', '', '', '', '', '', '', '', '', '', '', '', '', 59),
(2222, 2344, '', '', '', '', '', '', '', '', '', '', '', '', '', '', '', 59),
(2223, 2345, '', '', '', '', '', '', '', '', '', '', '', '', '', '', '', 59),
(2224, 2347, '', '', '', '', '', '', '', '', '', '', '', '', '', '', '', 59),
(2225, 2348, '', '', '', '', '', '', '', '', '', '', '', '', '', '', '', 59),
(2226, 2350, '', '', '', '', '', '', '', '', '', '', '', '', '', '', '', 59),
(2227, 2352, '', '', '', '', '', '', '', '', '', '', '', '', '', '', '', 59),
(2228, 2353, '', '', '', '', '', '', '', '', '', '', '', '', '', '', '', 59),
(2229, 2354, '', '', '', '', '', '', '', '', '', '', '', '', '', '', '', 59),
(2230, 2355, '', '', '', '', '', '', '', '', '', '', '', '', '', '', '', 59),
(2231, 2356, '', '', '', '', '', '', '', '', '', '', '', '', '', '', '', 59),
(2232, 2358, '', '', '', '', '', '', '', '', '', '', '', '', '', '', '', 59),
(2233, 2359, '', '', '', '', '', '', '', '', '', '', '', '', '', '', '', 59),
(2234, 2361, '', '', '', '', '', '', '', '', '', '', '', '', '', '', '', 59),
(2235, 2362, '', '', '', '', '', '', '', '', '', '', '', '', '', '', '', 59),
(2236, 2363, '', '', '', '', '', '', '', '', '', '', '', '', '', '', '', 59),
(2237, 2364, '', '', '', '', '', '', '', '', '', '', '', '', '', '', '', 59),
(2238, 2365, '', '', '', '', '', '', '', '', '', '', '', '', '', '', '', 59),
(2239, 2366, '', '', '', '', '', '', '', '', '', '', '', '', '', '', '', 59),
(2240, 2368, '', '', '', '', '', '', '', '', '', '', '', '', '', '', '', 59),
(2241, 2369, '', '', '', '', '', '', '', '', '', '', '', '', '', '', '', 59),
(2242, 2370, '', '', '', '', '', '', '', '', '', '', '', '', '', '', '', 59),
(2243, 2371, '', '', '', '', '', '', '', '', '', '', '', '', '', '', '', 59),
(2244, 2372, '', '', '', '', '', '', '', '', '', '', '', '', '', '', '', 59),
(2245, 2373, '', '', '', '', '', '', '', '', '', '', '', '', '', '', '', 59),
(2246, 2374, '', '', '', '', '', '', '', '', '', '', '', '', '', '', '', 59),
(2247, 2375, '', '', '', '', '', '', '', '', '', '', '', '', '', '', '', 59),
(2248, 2376, '', '', '', '', '', '', '', '', '', '', '', '', '', '', '', 59),
(2249, 2377, '', '', '', '', '', '', '', '', '', '', '', '', '', '', '', 59),
(2250, 2378, '', '', '', '', '', '', '', '', '', '', '', '', '', '', '', 59),
(2251, 2379, '', '', '', '', '', '', '', '', '', '', '', '', '', '', '', 59),
(2252, 2380, '', '', '', '', '', '', '', '', '', '', '', '', '', '', '', 59),
(2253, 2381, '', '', '', '', '', '', '', '', '', '', '', '', '', '', '', 59),
(2254, 2382, '', '', '', '', '', '', '', '', '', '', '', '', '', '', '', 59),
(2255, 2383, '', '', '', '', '', '', '', '', '', '', '', '', '', '', '', 59),
(2256, 2384, '', '', '', '', '', '', '', '', '', '', '', '', '', '', '', 59),
(2257, 2385, '', '', '', '', '', '', '', '', '', '', '', '', '', '', '', 59),
(2258, 2386, '', '', '', '', '', '', '', '', '', '', '', '', '', '', '', 59),
(2259, 2387, '', '', '', '', '', '', '', '', '', '', '', '', '', '', '', 59),
(2260, 2388, '', '', '', '', '', '', '', '', '', '', '', '', '', '', '', 59),
(2261, 2389, '', '', '', '', '', '', '', '', '', '', '', '', '', '', '', 59),
(2262, 2390, '', '', '', '', '', '', '', '', '', '', '', '', '', '', '', 59),
(2263, 2391, '', '', '', '', '', '', '', '', '', '', '', '', '', '', '', 59),
(2264, 2392, '', '', '', '', '', '', '', '', '', '', '', '', '', '', '', 59),
(2265, 2393, '', '', '', '', '', '', '', '', '', '', '', '', '', '', '', 59),
(2266, 2394, '', '', '', '', '', '', '', '', '', '', '', '', '', '', '', 59),
(2267, 2396, '', '', '', '', '', '', '', '', '', '', '', '', '', '', '', 59),
(2268, 2397, '', '', '', '', '', '', '', '', '', '', '', '', '', '', '', 59),
(2269, 2398, '', '', '', '', '', '', '', '', '', '', '', '', '', '', '', 59),
(2270, 2399, '', '', '', '', '', '', '', '', '', '', '', '', '', '', '', 59),
(2271, 2400, '', '', '', '', '', '', '', '', '', '', '', '', '', '', '', 59),
(2272, 2401, '', '', '', '', '', '', '', '', '', '', '', '', '', '', '', 59),
(2273, 2402, '', '', '', '', '', '', '', '', '', '', '', '', '', '', '', 59),
(2274, 2403, '', '', '', '', '', '', '', '', '', '', '', '', '', '', '', 59),
(2275, 2404, '', '', '', '', '', '', '', '', '', '', '', '', '', '', '', 59),
(2276, 2405, '', '', '', '', '', '', '', '', '', '', '', '', '', '', '', 59),
(2277, 2406, '', '', '', '', '', '', '', '', '', '', '', '', '', '', '', 59);
INSERT INTO `secciones` (`id`, `Seccion`, `ColoniaUno`, `ColoniaDos`, `ColoniaTres`, `ColoniaCuatro`, `ColoniaCinco`, `ColoniaSeis`, `ColoniaSiete`, `ColoniaOcho`, `ColoniaNueve`, `ColoniaDiez`, `ColoniaOnce`, `ColoniaDoce`, `ColoniaTrece`, `ColoniaCatorce`, `ColoniaQuince`, `ClaveMunicipio`) VALUES
(2278, 2407, '', '', '', '', '', '', '', '', '', '', '', '', '', '', '', 59),
(2279, 2408, '', '', '', '', '', '', '', '', '', '', '', '', '', '', '', 59),
(2280, 2409, '', '', '', '', '', '', '', '', '', '', '', '', '', '', '', 59),
(2281, 2411, '', '', '', '', '', '', '', '', '', '', '', '', '', '', '', 59),
(2282, 2412, '', '', '', '', '', '', '', '', '', '', '', '', '', '', '', 59),
(2283, 2413, '', '', '', '', '', '', '', '', '', '', '', '', '', '', '', 59),
(2284, 2414, '', '', '', '', '', '', '', '', '', '', '', '', '', '', '', 59),
(2285, 2415, '', '', '', '', '', '', '', '', '', '', '', '', '', '', '', 59),
(2286, 2416, '', '', '', '', '', '', '', '', '', '', '', '', '', '', '', 59),
(2287, 2418, '', '', '', '', '', '', '', '', '', '', '', '', '', '', '', 59),
(2288, 2419, '', '', '', '', '', '', '', '', '', '', '', '', '', '', '', 59),
(2289, 2420, '', '', '', '', '', '', '', '', '', '', '', '', '', '', '', 60),
(2290, 2421, '', '', '', '', '', '', '', '', '', '', '', '', '', '', '', 60),
(2291, 2422, '', '', '', '', '', '', '', '', '', '', '', '', '', '', '', 60),
(2292, 2423, '', '', '', '', '', '', '', '', '', '', '', '', '', '', '', 60),
(2293, 2424, '', '', '', '', '', '', '', '', '', '', '', '', '', '', '', 60),
(2294, 2425, '', '', '', '', '', '', '', '', '', '', '', '', '', '', '', 60),
(2295, 2426, '', '', '', '', '', '', '', '', '', '', '', '', '', '', '', 60),
(2296, 2427, '', '', '', '', '', '', '', '', '', '', '', '', '', '', '', 60),
(2297, 2428, '', '', '', '', '', '', '', '', '', '', '', '', '', '', '', 60),
(2298, 2429, '', '', '', '', '', '', '', '', '', '', '', '', '', '', '', 60),
(2299, 2430, '', '', '', '', '', '', '', '', '', '', '', '', '', '', '', 60),
(2300, 2431, '', '', '', '', '', '', '', '', '', '', '', '', '', '', '', 60),
(2301, 2432, '', '', '', '', '', '', '', '', '', '', '', '', '', '', '', 60),
(2302, 2433, '', '', '', '', '', '', '', '', '', '', '', '', '', '', '', 60),
(2303, 2434, '', '', '', '', '', '', '', '', '', '', '', '', '', '', '', 60),
(2304, 2435, '', '', '', '', '', '', '', '', '', '', '', '', '', '', '', 60),
(2305, 2436, '', '', '', '', '', '', '', '', '', '', '', '', '', '', '', 60),
(2306, 2437, '', '', '', '', '', '', '', '', '', '', '', '', '', '', '', 60),
(2307, 2438, '', '', '', '', '', '', '', '', '', '', '', '', '', '', '', 60),
(2308, 2439, '', '', '', '', '', '', '', '', '', '', '', '', '', '', '', 60),
(2309, 2440, '', '', '', '', '', '', '', '', '', '', '', '', '', '', '', 60),
(2310, 2441, '', '', '', '', '', '', '', '', '', '', '', '', '', '', '', 60),
(2311, 2442, '', '', '', '', '', '', '', '', '', '', '', '', '', '', '', 60),
(2312, 2443, '', '', '', '', '', '', '', '', '', '', '', '', '', '', '', 60),
(2313, 2444, '', '', '', '', '', '', '', '', '', '', '', '', '', '', '', 60),
(2314, 2445, '', '', '', '', '', '', '', '', '', '', '', '', '', '', '', 60),
(2315, 2446, '', '', '', '', '', '', '', '', '', '', '', '', '', '', '', 60),
(2316, 2447, '', '', '', '', '', '', '', '', '', '', '', '', '', '', '', 60),
(2317, 2448, '', '', '', '', '', '', '', '', '', '', '', '', '', '', '', 60),
(2318, 2449, '', '', '', '', '', '', '', '', '', '', '', '', '', '', '', 60),
(2319, 2450, '', '', '', '', '', '', '', '', '', '', '', '', '', '', '', 60),
(2320, 2451, '', '', '', '', '', '', '', '', '', '', '', '', '', '', '', 61),
(2321, 2452, '', '', '', '', '', '', '', '', '', '', '', '', '', '', '', 61),
(2322, 2453, '', '', '', '', '', '', '', '', '', '', '', '', '', '', '', 61),
(2323, 2454, '', '', '', '', '', '', '', '', '', '', '', '', '', '', '', 61),
(2324, 2455, '', '', '', '', '', '', '', '', '', '', '', '', '', '', '', 61),
(2325, 2456, '', '', '', '', '', '', '', '', '', '', '', '', '', '', '', 61),
(2326, 2457, '', '', '', '', '', '', '', '', '', '', '', '', '', '', '', 61),
(2327, 2458, '', '', '', '', '', '', '', '', '', '', '', '', '', '', '', 61),
(2328, 2460, '', '', '', '', '', '', '', '', '', '', '', '', '', '', '', 61),
(2329, 2461, '', '', '', '', '', '', '', '', '', '', '', '', '', '', '', 61),
(2330, 2463, '', '', '', '', '', '', '', '', '', '', '', '', '', '', '', 61),
(2331, 2464, '', '', '', '', '', '', '', '', '', '', '', '', '', '', '', 61),
(2332, 2466, '', '', '', '', '', '', '', '', '', '', '', '', '', '', '', 61),
(2333, 2468, '', '', '', '', '', '', '', '', '', '', '', '', '', '', '', 61),
(2334, 2469, '', '', '', '', '', '', '', '', '', '', '', '', '', '', '', 61),
(2335, 2471, '', '', '', '', '', '', '', '', '', '', '', '', '', '', '', 61),
(2336, 2472, '', '', '', '', '', '', '', '', '', '', '', '', '', '', '', 61),
(2337, 2473, '', '', '', '', '', '', '', '', '', '', '', '', '', '', '', 61),
(2338, 2474, '', '', '', '', '', '', '', '', '', '', '', '', '', '', '', 61),
(2339, 2475, '', '', '', '', '', '', '', '', '', '', '', '', '', '', '', 61),
(2340, 2476, '', '', '', '', '', '', '', '', '', '', '', '', '', '', '', 61),
(2341, 2477, '', '', '', '', '', '', '', '', '', '', '', '', '', '', '', 61),
(2342, 2478, '', '', '', '', '', '', '', '', '', '', '', '', '', '', '', 61),
(2343, 2479, '', '', '', '', '', '', '', '', '', '', '', '', '', '', '', 62),
(2344, 2480, '', '', '', '', '', '', '', '', '', '', '', '', '', '', '', 62),
(2345, 2481, '', '', '', '', '', '', '', '', '', '', '', '', '', '', '', 62),
(2346, 2482, '', '', '', '', '', '', '', '', '', '', '', '', '', '', '', 62),
(2347, 2483, '', '', '', '', '', '', '', '', '', '', '', '', '', '', '', 62),
(2348, 2484, '', '', '', '', '', '', '', '', '', '', '', '', '', '', '', 62),
(2349, 2485, '', '', '', '', '', '', '', '', '', '', '', '', '', '', '', 62),
(2350, 2486, '', '', '', '', '', '', '', '', '', '', '', '', '', '', '', 62),
(2351, 2487, '', '', '', '', '', '', '', '', '', '', '', '', '', '', '', 62),
(2352, 2488, '', '', '', '', '', '', '', '', '', '', '', '', '', '', '', 62),
(2353, 2489, '', '', '', '', '', '', '', '', '', '', '', '', '', '', '', 62),
(2354, 2490, '', '', '', '', '', '', '', '', '', '', '', '', '', '', '', 62),
(2355, 2491, '', '', '', '', '', '', '', '', '', '', '', '', '', '', '', 62),
(2356, 2492, '', '', '', '', '', '', '', '', '', '', '', '', '', '', '', 62),
(2357, 2493, '', '', '', '', '', '', '', '', '', '', '', '', '', '', '', 62),
(2358, 2494, '', '', '', '', '', '', '', '', '', '', '', '', '', '', '', 62),
(2359, 2495, '', '', '', '', '', '', '', '', '', '', '', '', '', '', '', 62),
(2360, 2496, '', '', '', '', '', '', '', '', '', '', '', '', '', '', '', 62),
(2361, 2497, '', '', '', '', '', '', '', '', '', '', '', '', '', '', '', 62),
(2362, 2499, '', '', '', '', '', '', '', '', '', '', '', '', '', '', '', 62),
(2363, 2500, '', '', '', '', '', '', '', '', '', '', '', '', '', '', '', 62),
(2364, 2501, '', '', '', '', '', '', '', '', '', '', '', '', '', '', '', 62),
(2365, 2502, '', '', '', '', '', '', '', '', '', '', '', '', '', '', '', 62),
(2366, 2503, '', '', '', '', '', '', '', '', '', '', '', '', '', '', '', 62),
(2367, 2504, '', '', '', '', '', '', '', '', '', '', '', '', '', '', '', 62),
(2368, 2505, '', '', '', '', '', '', '', '', '', '', '', '', '', '', '', 62),
(2369, 2506, '', '', '', '', '', '', '', '', '', '', '', '', '', '', '', 62),
(2370, 2507, '', '', '', '', '', '', '', '', '', '', '', '', '', '', '', 62),
(2371, 2508, '', '', '', '', '', '', '', '', '', '', '', '', '', '', '', 62),
(2372, 2509, '', '', '', '', '', '', '', '', '', '', '', '', '', '', '', 63),
(2373, 2510, '', '', '', '', '', '', '', '', '', '', '', '', '', '', '', 63),
(2374, 2511, '', '', '', '', '', '', '', '', '', '', '', '', '', '', '', 63),
(2375, 2512, '', '', '', '', '', '', '', '', '', '', '', '', '', '', '', 63),
(2376, 2513, '', '', '', '', '', '', '', '', '', '', '', '', '', '', '', 63),
(2377, 2514, '', '', '', '', '', '', '', '', '', '', '', '', '', '', '', 63),
(2378, 2515, '', '', '', '', '', '', '', '', '', '', '', '', '', '', '', 63),
(2379, 2516, '', '', '', '', '', '', '', '', '', '', '', '', '', '', '', 63),
(2380, 2517, '', '', '', '', '', '', '', '', '', '', '', '', '', '', '', 63),
(2381, 2518, '', '', '', '', '', '', '', '', '', '', '', '', '', '', '', 63),
(2382, 2519, '', '', '', '', '', '', '', '', '', '', '', '', '', '', '', 63),
(2383, 2520, '', '', '', '', '', '', '', '', '', '', '', '', '', '', '', 63),
(2384, 2521, '', '', '', '', '', '', '', '', '', '', '', '', '', '', '', 63),
(2385, 2522, '', '', '', '', '', '', '', '', '', '', '', '', '', '', '', 63),
(2386, 2523, '', '', '', '', '', '', '', '', '', '', '', '', '', '', '', 64),
(2387, 2524, '', '', '', '', '', '', '', '', '', '', '', '', '', '', '', 64),
(2388, 2525, '', '', '', '', '', '', '', '', '', '', '', '', '', '', '', 64),
(2389, 2526, '', '', '', '', '', '', '', '', '', '', '', '', '', '', '', 64),
(2390, 2527, '', '', '', '', '', '', '', '', '', '', '', '', '', '', '', 64),
(2391, 2528, '', '', '', '', '', '', '', '', '', '', '', '', '', '', '', 64),
(2392, 2529, '', '', '', '', '', '', '', '', '', '', '', '', '', '', '', 64),
(2393, 2530, '', '', '', '', '', '', '', '', '', '', '', '', '', '', '', 64),
(2394, 2531, '', '', '', '', '', '', '', '', '', '', '', '', '', '', '', 64),
(2395, 2532, '', '', '', '', '', '', '', '', '', '', '', '', '', '', '', 64),
(2396, 2533, '', '', '', '', '', '', '', '', '', '', '', '', '', '', '', 65),
(2397, 2534, '', '', '', '', '', '', '', '', '', '', '', '', '', '', '', 65),
(2398, 2535, '', '', '', '', '', '', '', '', '', '', '', '', '', '', '', 65),
(2399, 2536, '', '', '', '', '', '', '', '', '', '', '', '', '', '', '', 65),
(2400, 2537, '', '', '', '', '', '', '', '', '', '', '', '', '', '', '', 65),
(2401, 2540, '', '', '', '', '', '', '', '', '', '', '', '', '', '', '', 65),
(2402, 2541, '', '', '', '', '', '', '', '', '', '', '', '', '', '', '', 65),
(2403, 2542, '', '', '', '', '', '', '', '', '', '', '', '', '', '', '', 65),
(2404, 2543, '', '', '', '', '', '', '', '', '', '', '', '', '', '', '', 65),
(2405, 2544, '', '', '', '', '', '', '', '', '', '', '', '', '', '', '', 65),
(2406, 2545, '', '', '', '', '', '', '', '', '', '', '', '', '', '', '', 65),
(2407, 2546, '', '', '', '', '', '', '', '', '', '', '', '', '', '', '', 65),
(2408, 2547, '', '', '', '', '', '', '', '', '', '', '', '', '', '', '', 65),
(2409, 2548, '', '', '', '', '', '', '', '', '', '', '', '', '', '', '', 65),
(2410, 2549, '', '', '', '', '', '', '', '', '', '', '', '', '', '', '', 65),
(2411, 2550, '', '', '', '', '', '', '', '', '', '', '', '', '', '', '', 65),
(2412, 2551, '', '', '', '', '', '', '', '', '', '', '', '', '', '', '', 65),
(2413, 2550, '', '', '', '', '', '', '', '', '', '', '', '', '', '', '', 65),
(2414, 2553, '', '', '', '', '', '', '', '', '', '', '', '', '', '', '', 65),
(2415, 2554, '', '', '', '', '', '', '', '', '', '', '', '', '', '', '', 66),
(2416, 2555, '', '', '', '', '', '', '', '', '', '', '', '', '', '', '', 66),
(2417, 2556, '', '', '', '', '', '', '', '', '', '', '', '', '', '', '', 66),
(2418, 2557, '', '', '', '', '', '', '', '', '', '', '', '', '', '', '', 66),
(2419, 2558, '', '', '', '', '', '', '', '', '', '', '', '', '', '', '', 66),
(2420, 2559, '', '', '', '', '', '', '', '', '', '', '', '', '', '', '', 66),
(2421, 2560, '', '', '', '', '', '', '', '', '', '', '', '', '', '', '', 66),
(2422, 2561, '', '', '', '', '', '', '', '', '', '', '', '', '', '', '', 66),
(2423, 2562, '', '', '', '', '', '', '', '', '', '', '', '', '', '', '', 67),
(2424, 2563, '', '', '', '', '', '', '', '', '', '', '', '', '', '', '', 67),
(2425, 2564, '', '', '', '', '', '', '', '', '', '', '', '', '', '', '', 67),
(2426, 2565, '', '', '', '', '', '', '', '', '', '', '', '', '', '', '', 67),
(2427, 2566, '', '', '', '', '', '', '', '', '', '', '', '', '', '', '', 67),
(2428, 2567, '', '', '', '', '', '', '', '', '', '', '', '', '', '', '', 67),
(2429, 2568, '', '', '', '', '', '', '', '', '', '', '', '', '', '', '', 67),
(2430, 2569, '', '', '', '', '', '', '', '', '', '', '', '', '', '', '', 67),
(2431, 2570, '', '', '', '', '', '', '', '', '', '', '', '', '', '', '', 67),
(2432, 2571, '', '', '', '', '', '', '', '', '', '', '', '', '', '', '', 67),
(2433, 2572, '', '', '', '', '', '', '', '', '', '', '', '', '', '', '', 67),
(2434, 2573, '', '', '', '', '', '', '', '', '', '', '', '', '', '', '', 67),
(2435, 2574, '', '', '', '', '', '', '', '', '', '', '', '', '', '', '', 67),
(2436, 2575, '', '', '', '', '', '', '', '', '', '', '', '', '', '', '', 67),
(2437, 2576, '', '', '', '', '', '', '', '', '', '', '', '', '', '', '', 67),
(2438, 2577, '', '', '', '', '', '', '', '', '', '', '', '', '', '', '', 67),
(2439, 2578, '', '', '', '', '', '', '', '', '', '', '', '', '', '', '', 67),
(2440, 2579, '', '', '', '', '', '', '', '', '', '', '', '', '', '', '', 67),
(2441, 2580, '', '', '', '', '', '', '', '', '', '', '', '', '', '', '', 67),
(2442, 2582, '', '', '', '', '', '', '', '', '', '', '', '', '', '', '', 67),
(2443, 2583, '', '', '', '', '', '', '', '', '', '', '', '', '', '', '', 67),
(2444, 2584, '', '', '', '', '', '', '', '', '', '', '', '', '', '', '', 67),
(2445, 2585, '', '', '', '', '', '', '', '', '', '', '', '', '', '', '', 67),
(2446, 2586, '', '', '', '', '', '', '', '', '', '', '', '', '', '', '', 67),
(2447, 2587, '', '', '', '', '', '', '', '', '', '', '', '', '', '', '', 67),
(2448, 2588, '', '', '', '', '', '', '', '', '', '', '', '', '', '', '', 67),
(2449, 2589, '', '', '', '', '', '', '', '', '', '', '', '', '', '', '', 67),
(2450, 2590, '', '', '', '', '', '', '', '', '', '', '', '', '', '', '', 67),
(2451, 2591, '', '', '', '', '', '', '', '', '', '', '', '', '', '', '', 67),
(2452, 2592, '', '', '', '', '', '', '', '', '', '', '', '', '', '', '', 67),
(2453, 2593, '', '', '', '', '', '', '', '', '', '', '', '', '', '', '', 67),
(2454, 2594, '', '', '', '', '', '', '', '', '', '', '', '', '', '', '', 67),
(2455, 2595, '', '', '', '', '', '', '', '', '', '', '', '', '', '', '', 67),
(2456, 2596, '', '', '', '', '', '', '', '', '', '', '', '', '', '', '', 67),
(2457, 2597, '', '', '', '', '', '', '', '', '', '', '', '', '', '', '', 67),
(2458, 2598, '', '', '', '', '', '', '', '', '', '', '', '', '', '', '', 67),
(2459, 2599, '', '', '', '', '', '', '', '', '', '', '', '', '', '', '', 67),
(2460, 2600, '', '', '', '', '', '', '', '', '', '', '', '', '', '', '', 68),
(2461, 2601, '', '', '', '', '', '', '', '', '', '', '', '', '', '', '', 68),
(2462, 2602, '', '', '', '', '', '', '', '', '', '', '', '', '', '', '', 68),
(2463, 2603, '', '', '', '', '', '', '', '', '', '', '', '', '', '', '', 68),
(2464, 2604, '', '', '', '', '', '', '', '', '', '', '', '', '', '', '', 68),
(2465, 2605, '', '', '', '', '', '', '', '', '', '', '', '', '', '', '', 68),
(2466, 2606, '', '', '', '', '', '', '', '', '', '', '', '', '', '', '', 68),
(2467, 2607, '', '', '', '', '', '', '', '', '', '', '', '', '', '', '', 68),
(2468, 2608, '', '', '', '', '', '', '', '', '', '', '', '', '', '', '', 68),
(2469, 2609, '', '', '', '', '', '', '', '', '', '', '', '', '', '', '', 68),
(2470, 2610, '', '', '', '', '', '', '', '', '', '', '', '', '', '', '', 68),
(2471, 2611, '', '', '', '', '', '', '', '', '', '', '', '', '', '', '', 68),
(2472, 2612, '', '', '', '', '', '', '', '', '', '', '', '', '', '', '', 68),
(2473, 2613, '', '', '', '', '', '', '', '', '', '', '', '', '', '', '', 68),
(2474, 2614, '', '', '', '', '', '', '', '', '', '', '', '', '', '', '', 68),
(2475, 2615, '', '', '', '', '', '', '', '', '', '', '', '', '', '', '', 68),
(2476, 2616, '', '', '', '', '', '', '', '', '', '', '', '', '', '', '', 68),
(2477, 2617, '', '', '', '', '', '', '', '', '', '', '', '', '', '', '', 68),
(2478, 2618, '', '', '', '', '', '', '', '', '', '', '', '', '', '', '', 68),
(2479, 2619, '', '', '', '', '', '', '', '', '', '', '', '', '', '', '', 68),
(2480, 2620, '', '', '', '', '', '', '', '', '', '', '', '', '', '', '', 68),
(2481, 2621, '', '', '', '', '', '', '', '', '', '', '', '', '', '', '', 68),
(2482, 2622, '', '', '', '', '', '', '', '', '', '', '', '', '', '', '', 69),
(2483, 2623, '', '', '', '', '', '', '', '', '', '', '', '', '', '', '', 69),
(2484, 2624, '', '', '', '', '', '', '', '', '', '', '', '', '', '', '', 69),
(2485, 2625, '', '', '', '', '', '', '', '', '', '', '', '', '', '', '', 69),
(2486, 2626, '', '', '', '', '', '', '', '', '', '', '', '', '', '', '', 69),
(2487, 2627, '', '', '', '', '', '', '', '', '', '', '', '', '', '', '', 69),
(2488, 2628, '', '', '', '', '', '', '', '', '', '', '', '', '', '', '', 69),
(2489, 2629, '', '', '', '', '', '', '', '', '', '', '', '', '', '', '', 69),
(2490, 2630, '', '', '', '', '', '', '', '', '', '', '', '', '', '', '', 69),
(2491, 2631, '', '', '', '', '', '', '', '', '', '', '', '', '', '', '', 69),
(2492, 2632, '', '', '', '', '', '', '', '', '', '', '', '', '', '', '', 69),
(2493, 2633, '', '', '', '', '', '', '', '', '', '', '', '', '', '', '', 69),
(2494, 2634, '', '', '', '', '', '', '', '', '', '', '', '', '', '', '', 69),
(2495, 2635, '', '', '', '', '', '', '', '', '', '', '', '', '', '', '', 69),
(2496, 2636, '', '', '', '', '', '', '', '', '', '', '', '', '', '', '', 69),
(2497, 2637, '', '', '', '', '', '', '', '', '', '', '', '', '', '', '', 69),
(2498, 2638, '', '', '', '', '', '', '', '', '', '', '', '', '', '', '', 69),
(2499, 2639, '', '', '', '', '', '', '', '', '', '', '', '', '', '', '', 69),
(2500, 2640, '', '', '', '', '', '', '', '', '', '', '', '', '', '', '', 69),
(2501, 2641, '', '', '', '', '', '', '', '', '', '', '', '', '', '', '', 69),
(2502, 2642, '', '', '', '', '', '', '', '', '', '', '', '', '', '', '', 69),
(2503, 2643, '', '', '', '', '', '', '', '', '', '', '', '', '', '', '', 69),
(2504, 2644, '', '', '', '', '', '', '', '', '', '', '', '', '', '', '', 69),
(2505, 2645, '', '', '', '', '', '', '', '', '', '', '', '', '', '', '', 69),
(2506, 2646, '', '', '', '', '', '', '', '', '', '', '', '', '', '', '', 69),
(2507, 2647, '', '', '', '', '', '', '', '', '', '', '', '', '', '', '', 69),
(2508, 2648, '', '', '', '', '', '', '', '', '', '', '', '', '', '', '', 69),
(2509, 2649, '', '', '', '', '', '', '', '', '', '', '', '', '', '', '', 69),
(2510, 2650, '', '', '', '', '', '', '', '', '', '', '', '', '', '', '', 69),
(2511, 2651, '', '', '', '', '', '', '', '', '', '', '', '', '', '', '', 69),
(2512, 2652, '', '', '', '', '', '', '', '', '', '', '', '', '', '', '', 69),
(2513, 2653, '', '', '', '', '', '', '', '', '', '', '', '', '', '', '', 69),
(2514, 2654, '', '', '', '', '', '', '', '', '', '', '', '', '', '', '', 69),
(2515, 2655, '', '', '', '', '', '', '', '', '', '', '', '', '', '', '', 70),
(2516, 2656, '', '', '', '', '', '', '', '', '', '', '', '', '', '', '', 70),
(2517, 2657, '', '', '', '', '', '', '', '', '', '', '', '', '', '', '', 70),
(2518, 2658, '', '', '', '', '', '', '', '', '', '', '', '', '', '', '', 70),
(2519, 2659, '', '', '', '', '', '', '', '', '', '', '', '', '', '', '', 70),
(2520, 2660, '', '', '', '', '', '', '', '', '', '', '', '', '', '', '', 70),
(2521, 2661, '', '', '', '', '', '', '', '', '', '', '', '', '', '', '', 70),
(2522, 2662, '', '', '', '', '', '', '', '', '', '', '', '', '', '', '', 70),
(2523, 2663, '', '', '', '', '', '', '', '', '', '', '', '', '', '', '', 70),
(2524, 2664, '', '', '', '', '', '', '', '', '', '', '', '', '', '', '', 70),
(2525, 2665, '', '', '', '', '', '', '', '', '', '', '', '', '', '', '', 70),
(2526, 2666, '', '', '', '', '', '', '', '', '', '', '', '', '', '', '', 70),
(2527, 2667, '', '', '', '', '', '', '', '', '', '', '', '', '', '', '', 70),
(2528, 2668, '', '', '', '', '', '', '', '', '', '', '', '', '', '', '', 70),
(2529, 2669, '', '', '', '', '', '', '', '', '', '', '', '', '', '', '', 71),
(2530, 2670, '', '', '', '', '', '', '', '', '', '', '', '', '', '', '', 71),
(2531, 2671, '', '', '', '', '', '', '', '', '', '', '', '', '', '', '', 71),
(2532, 2672, '', '', '', '', '', '', '', '', '', '', '', '', '', '', '', 71),
(2533, 2673, '', '', '', '', '', '', '', '', '', '', '', '', '', '', '', 71),
(2534, 2674, '', '', '', '', '', '', '', '', '', '', '', '', '', '', '', 71),
(2535, 2675, '', '', '', '', '', '', '', '', '', '', '', '', '', '', '', 71),
(2536, 2676, '', '', '', '', '', '', '', '', '', '', '', '', '', '', '', 71),
(2537, 2678, '', '', '', '', '', '', '', '', '', '', '', '', '', '', '', 72),
(2538, 2679, '', '', '', '', '', '', '', '', '', '', '', '', '', '', '', 72),
(2539, 2680, '', '', '', '', '', '', '', '', '', '', '', '', '', '', '', 72),
(2540, 2681, '', '', '', '', '', '', '', '', '', '', '', '', '', '', '', 72),
(2541, 2682, '', '', '', '', '', '', '', '', '', '', '', '', '', '', '', 72),
(2542, 2683, '', '', '', '', '', '', '', '', '', '', '', '', '', '', '', 72),
(2543, 2684, '', '', '', '', '', '', '', '', '', '', '', '', '', '', '', 72),
(2544, 2685, '', '', '', '', '', '', '', '', '', '', '', '', '', '', '', 72),
(2545, 2686, '', '', '', '', '', '', '', '', '', '', '', '', '', '', '', 72),
(2546, 2687, '', '', '', '', '', '', '', '', '', '', '', '', '', '', '', 72),
(2547, 2688, '', '', '', '', '', '', '', '', '', '', '', '', '', '', '', 72),
(2548, 2689, '', '', '', '', '', '', '', '', '', '', '', '', '', '', '', 72),
(2549, 2690, '', '', '', '', '', '', '', '', '', '', '', '', '', '', '', 72),
(2550, 2691, '', '', '', '', '', '', '', '', '', '', '', '', '', '', '', 72),
(2551, 2692, '', '', '', '', '', '', '', '', '', '', '', '', '', '', '', 72),
(2552, 2693, '', '', '', '', '', '', '', '', '', '', '', '', '', '', '', 73),
(2553, 2694, '', '', '', '', '', '', '', '', '', '', '', '', '', '', '', 73),
(2554, 2695, '', '', '', '', '', '', '', '', '', '', '', '', '', '', '', 73),
(2555, 2696, '', '', '', '', '', '', '', '', '', '', '', '', '', '', '', 73),
(2556, 2697, '', '', '', '', '', '', '', '', '', '', '', '', '', '', '', 73),
(2557, 2698, '', '', '', '', '', '', '', '', '', '', '', '', '', '', '', 73),
(2558, 2699, '', '', '', '', '', '', '', '', '', '', '', '', '', '', '', 73),
(2559, 2700, '', '', '', '', '', '', '', '', '', '', '', '', '', '', '', 73),
(2560, 2702, '', '', '', '', '', '', '', '', '', '', '', '', '', '', '', 73),
(2561, 2725, '', '', '', '', '', '', '', '', '', '', '', '', '', '', '', 74),
(2562, 2726, '', '', '', '', '', '', '', '', '', '', '', '', '', '', '', 74),
(2563, 2727, '', '', '', '', '', '', '', '', '', '', '', '', '', '', '', 74),
(2564, 2728, '', '', '', '', '', '', '', '', '', '', '', '', '', '', '', 74),
(2565, 2729, '', '', '', '', '', '', '', '', '', '', '', '', '', '', '', 74),
(2566, 2730, '', '', '', '', '', '', '', '', '', '', '', '', '', '', '', 74),
(2567, 2731, '', '', '', '', '', '', '', '', '', '', '', '', '', '', '', 74),
(2568, 2732, '', '', '', '', '', '', '', '', '', '', '', '', '', '', '', 74),
(2569, 2733, '', '', '', '', '', '', '', '', '', '', '', '', '', '', '', 74),
(2570, 2734, '', '', '', '', '', '', '', '', '', '', '', '', '', '', '', 74),
(2571, 2735, '', '', '', '', '', '', '', '', '', '', '', '', '', '', '', 74),
(2572, 2736, '', '', '', '', '', '', '', '', '', '', '', '', '', '', '', 74),
(2573, 2737, '', '', '', '', '', '', '', '', '', '', '', '', '', '', '', 74),
(2574, 2738, '', '', '', '', '', '', '', '', '', '', '', '', '', '', '', 74),
(2575, 2739, '', '', '', '', '', '', '', '', '', '', '', '', '', '', '', 74),
(2576, 2740, '', '', '', '', '', '', '', '', '', '', '', '', '', '', '', 74),
(2577, 2741, '', '', '', '', '', '', '', '', '', '', '', '', '', '', '', 74),
(2578, 2744, '', '', '', '', '', '', '', '', '', '', '', '', '', '', '', 74),
(2579, 2746, '', '', '', '', '', '', '', '', '', '', '', '', '', '', '', 74),
(2580, 2748, '', '', '', '', '', '', '', '', '', '', '', '', '', '', '', 74),
(2581, 2749, '', '', '', '', '', '', '', '', '', '', '', '', '', '', '', 74),
(2582, 2751, '', '', '', '', '', '', '', '', '', '', '', '', '', '', '', 74),
(2583, 2752, '', '', '', '', '', '', '', '', '', '', '', '', '', '', '', 75),
(2584, 2753, '', '', '', '', '', '', '', '', '', '', '', '', '', '', '', 75),
(2585, 2754, '', '', '', '', '', '', '', '', '', '', '', '', '', '', '', 75),
(2586, 2755, '', '', '', '', '', '', '', '', '', '', '', '', '', '', '', 75),
(2587, 2757, '', '', '', '', '', '', '', '', '', '', '', '', '', '', '', 75),
(2588, 2758, '', '', '', '', '', '', '', '', '', '', '', '', '', '', '', 75),
(2589, 2759, '', '', '', '', '', '', '', '', '', '', '', '', '', '', '', 75),
(2590, 2760, '', '', '', '', '', '', '', '', '', '', '', '', '', '', '', 75),
(2591, 2761, '', '', '', '', '', '', '', '', '', '', '', '', '', '', '', 75),
(2592, 2762, '', '', '', '', '', '', '', '', '', '', '', '', '', '', '', 75),
(2593, 2763, '', '', '', '', '', '', '', '', '', '', '', '', '', '', '', 75),
(2594, 2764, '', '', '', '', '', '', '', '', '', '', '', '', '', '', '', 75),
(2595, 2765, '', '', '', '', '', '', '', '', '', '', '', '', '', '', '', 75),
(2596, 2766, '', '', '', '', '', '', '', '', '', '', '', '', '', '', '', 75),
(2597, 2767, '', '', '', '', '', '', '', '', '', '', '', '', '', '', '', 75),
(2598, 2768, '', '', '', '', '', '', '', '', '', '', '', '', '', '', '', 75),
(2599, 2769, '', '', '', '', '', '', '', '', '', '', '', '', '', '', '', 75),
(2600, 2770, '', '', '', '', '', '', '', '', '', '', '', '', '', '', '', 75),
(2601, 2771, '', '', '', '', '', '', '', '', '', '', '', '', '', '', '', 75),
(2602, 2701, '', '', '', '', '', '', '', '', '', '', '', '', '', '', '', 76),
(2603, 2703, '', '', '', '', '', '', '', '', '', '', '', '', '', '', '', 76),
(2604, 2705, '', '', '', '', '', '', '', '', '', '', '', '', '', '', '', 76),
(2605, 2706, '', '', '', '', '', '', '', '', '', '', '', '', '', '', '', 76),
(2606, 2707, '', '', '', '', '', '', '', '', '', '', '', '', '', '', '', 76),
(2607, 2708, '', '', '', '', '', '', '', '', '', '', '', '', '', '', '', 76),
(2608, 2709, '', '', '', '', '', '', '', '', '', '', '', '', '', '', '', 76),
(2609, 2710, '', '', '', '', '', '', '', '', '', '', '', '', '', '', '', 76),
(2610, 2711, '', '', '', '', '', '', '', '', '', '', '', '', '', '', '', 76),
(2611, 2712, '', '', '', '', '', '', '', '', '', '', '', '', '', '', '', 76),
(2612, 2713, '', '', '', '', '', '', '', '', '', '', '', '', '', '', '', 76),
(2613, 2715, '', '', '', '', '', '', '', '', '', '', '', '', '', '', '', 76),
(2614, 2716, '', '', '', '', '', '', '', '', '', '', '', '', '', '', '', 76),
(2615, 2717, '', '', '', '', '', '', '', '', '', '', '', '', '', '', '', 76),
(2616, 2718, '', '', '', '', '', '', '', '', '', '', '', '', '', '', '', 76),
(2617, 2719, '', '', '', '', '', '', '', '', '', '', '', '', '', '', '', 76),
(2618, 2720, '', '', '', '', '', '', '', '', '', '', '', '', '', '', '', 76),
(2619, 2721, '', '', '', '', '', '', '', '', '', '', '', '', '', '', '', 76),
(2620, 2724, '', '', '', '', '', '', '', '', '', '', '', '', '', '', '', 76),
(2621, 2772, '', '', '', '', '', '', '', '', '', '', '', '', '', '', '', 76),
(2622, 2773, '', '', '', '', '', '', '', '', '', '', '', '', '', '', '', 76),
(2623, 2774, '', '', '', '', '', '', '', '', '', '', '', '', '', '', '', 76),
(2624, 2775, '', '', '', '', '', '', '', '', '', '', '', '', '', '', '', 76),
(2625, 2776, '', '', '', '', '', '', '', '', '', '', '', '', '', '', '', 76),
(2626, 2777, '', '', '', '', '', '', '', '', '', '', '', '', '', '', '', 76),
(2627, 2786, '', '', '', '', '', '', '', '', '', '', '', '', '', '', '', 76),
(2628, 1185, '', '', '', '', '', '', '', '', '', '', '', '', '', '', '', 77),
(2629, 1190, '', '', '', '', '', '', '', '', '', '', '', '', '', '', '', 77),
(2630, 1191, '', '', '', '', '', '', '', '', '', '', '', '', '', '', '', 77),
(2631, 1192, '', '', '', '', '', '', '', '', '', '', '', '', '', '', '', 77),
(2632, 1195, '', '', '', '', '', '', '', '', '', '', '', '', '', '', '', 77),
(2633, 1196, '', '', '', '', '', '', '', '', '', '', '', '', '', '', '', 77),
(2634, 1198, '', '', '', '', '', '', '', '', '', '', '', '', '', '', '', 77),
(2635, 1199, '', '', '', '', '', '', '', '', '', '', '', '', '', '', '', 77),
(2636, 2783, '', '', '', '', '', '', '', '', '', '', '', '', '', '', '', 77),
(2637, 1709, '', '', '', '', '', '', '', '', '', '', '', '', '', '', '', 78),
(2638, 1712, '', '', '', '', '', '', '', '', '', '', '', '', '', '', '', 78),
(2639, 1713, '', '', '', '', '', '', '', '', '', '', '', '', '', '', '', 78),
(2640, 1714, '', '', '', '', '', '', '', '', '', '', '', '', '', '', '', 78),
(2641, 2019, '', '', '', '', '', '', '', '', '', '', '', '', '', '', '', 78),
(2642, 2787, '', '', '', '', '', '', '', '', '', '', '', '', '', '', '', 78),
(2643, 1743, '', '', '', '', '', '', '', '', '', '', '', '', '', '', '', 79),
(2644, 1747, '', '', '', '', '', '', '', '', '', '', '', '', '', '', '', 79),
(2645, 1748, '', '', '', '', '', '', '', '', '', '', '', '', '', '', '', 79),
(2646, 1750, '', '', '', '', '', '', '', '', '', '', '', '', '', '', '', 79),
(2647, 1751, '', '', '', '', '', '', '', '', '', '', '', '', '', '', '', 79),
(2648, 1754, '', '', '', '', '', '', '', '', '', '', '', '', '', '', '', 79),
(2649, 1756, '', '', '', '', '', '', '', '', '', '', '', '', '', '', '', 79),
(2650, 1757, '', '', '', '', '', '', '', '', '', '', '', '', '', '', '', 79),
(2651, 1758, '', '', '', '', '', '', '', '', '', '', '', '', '', '', '', 79),
(2652, 1759, '', '', '', '', '', '', '', '', '', '', '', '', '', '', '', 79),
(2653, 1760, '', '', '', '', '', '', '', '', '', '', '', '', '', '', '', 79),
(2654, 1761, '', '', '', '', '', '', '', '', '', '', '', '', '', '', '', 79),
(2655, 2788, '', '', '', '', '', '', '', '', '', '', '', '', '', '', '', 79),
(2656, 2789, '', '', '', '', '', '', '', '', '', '', '', '', '', '', '', 79),
(2657, 2790, '', '', '', '', '', '', '', '', '', '', '', '', '', '', '', 79),
(2658, 2791, '', '', '', '', '', '', '', '', '', '', '', '', '', '', '', 79),
(2659, 732, '', '', '', '', '', '', '', '', '', '', '', '', '', '', '', 80),
(2660, 735, '', '', '', '', '', '', '', '', '', '', '', '', '', '', '', 80),
(2661, 747, '', '', '', '', '', '', '', '', '', '', '', '', '', '', '', 80),
(2662, 752, '', '', '', '', '', '', '', '', '', '', '', '', '', '', '', 80),
(2663, 753, '', '', '', '', '', '', '', '', '', '', '', '', '', '', '', 80),
(2664, 754, '', '', '', '', '', '', '', '', '', '', '', '', '', '', '', 80),
(2665, 755, '', '', '', '', '', '', '', '', '', '', '', '', '', '', '', 80),
(2666, 756, '', '', '', '', '', '', '', '', '', '', '', '', '', '', '', 80),
(2667, 759, '', '', '', '', '', '', '', '', '', '', '', '', '', '', '', 80),
(2668, 762, '', '', '', '', '', '', '', '', '', '', '', '', '', '', '', 80),
(2669, 1018, '', '', '', '', '', '', '', '', '', '', '', '', '', '', '', 80),
(2670, 739, '', '', '', '', '', '', '', '', '', '', '', '', '', '', '', 81),
(2671, 740, '', '', '', '', '', '', '', '', '', '', '', '', '', '', '', 81),
(2672, 743, '', '', '', '', '', '', '', '', '', '', '', '', '', '', '', 81),
(2673, 744, '', '', '', '', '', '', '', '', '', '', '', '', '', '', '', 81),
(2674, 745, '', '', '', '', '', '', '', '', '', '', '', '', '', '', '', 81),
(2675, 746, '', '', '', '', '', '', '', '', '', '', '', '', '', '', '', 81),
(2676, 748, '', '', '', '', '', '', '', '', '', '', '', '', '', '', '', 81),
(2677, 749, '', '', '', '', '', '', '', '', '', '', '', '', '', '', '', 81),
(2678, 750, '', '', '', '', '', '', '', '', '', '', '', '', '', '', '', 81),
(2679, 758, '', '', '', '', '', '', '', '', '', '', '', '', '', '', '', 81),
(2680, 2792, '', '', '', '', '', '', '', '', '', '', '', '', '', '', '', 81),
(2681, 2793, '', '', '', '', '', '', '', '', '', '', '', '', '', '', '', 81),
(2682, 222, 'AMPL. ALTA LAJA', 'LA LAJA', 'OTRO', '', '', '', '', '', '', '', '', '', '', '', '', 1),
(2684, 279, 'U HAB. 23 DE NOVIMEBRE', 'ALTA PRADERA DE COSTA AZUL', 'VISTA HERMOSA', 'JUSTICIA SOCIAL', 'AMPLIACION JUSTICIA SOCIAL', 'HERMENEGILDO GALEANA', 'FRACC. LOMAS DE COSTA AZUL', 'OTRO', '', '', '', '', '', '', '', 1),
(2685, 2796, 'PBLO. LAS OXAQUILLAS', 'OTRO', '', '', '', '', '', '', '', '', '', '', '', '', '', 1),
(2686, 2797, 'PBLO. AMATILLO', 'OTRO', '', '', '', '', '', '', '', '', '', '', '', '', '', 1),
(2687, 433, 'PBLO. SAN ANTONIO DE LOS LIBRES', 'OTRO', '', '', '', '', '', '', '', '', '', '', '', '', '', 3),
(2688, 666, 'PBLO. EL HUICON', '', '', '', '', '', '', '', '', '', '', '', '', '', '', 11);

-- --------------------------------------------------------

--
-- Estructura de tabla para la tabla `tokenacceso`
--

CREATE TABLE `tokenacceso` (
  `TokenAcceso` varchar(256) NOT NULL
) ENGINE=InnoDB DEFAULT CHARSET=utf8;

--
-- Volcado de datos para la tabla `tokenacceso`
--

INSERT INTO `tokenacceso` (`TokenAcceso`) VALUES
('eyJhbGciOiJIUzUxMiIsInR5cCI6IkpXVCJ9.eyJzdWIiOiIxMjM0NTY3ODkwIiwibmFtZSI6IkpvaG4gRG9lIiwiYWRtaW4iOnRydWUsImlhdCI6MTUxNjIzOTAyMn0.VFb0qJ1LRg_4ujbZoRMXnVkUgiuKq5KxWqNdbKq_G9Vvz-S1zZa9LPxtHWKa64zDl2ofkT8F6jBt_K4riU-fPg');

-- --------------------------------------------------------

--
-- Estructura de tabla para la tabla `usuarios`
--

CREATE TABLE `usuarios` (
  `idUsuario` int(11) NOT NULL,
  `Usuario` varchar(50) NOT NULL,
  `Contrasena` varchar(1000) NOT NULL
) ENGINE=InnoDB DEFAULT CHARSET=utf8;

--
-- Volcado de datos para la tabla `usuarios`
--

INSERT INTO `usuarios` (`idUsuario`, `Usuario`, `Contrasena`) VALUES
(1, 'ELVIS', 'elvisjosue1998');

--
-- Índices para tablas volcadas
--

--
-- Indices de la tabla `archivo`
--
ALTER TABLE `archivo`
  ADD KEY `fk_Archivo_Cita1_idx` (`Cita_idCita`);

--
-- Indices de la tabla `cita`
--
ALTER TABLE `cita`
  ADD PRIMARY KEY (`idCita`),
  ADD KEY `fk_Cita_Contacto_idx` (`Contacto_idContacto`);

--
-- Indices de la tabla `colonia`
--
ALTER TABLE `colonia`
  ADD KEY `fk_Colonia_Municipio1_idx` (`Municipio_idMunicipio`);

--
-- Indices de la tabla `contacto`
--
ALTER TABLE `contacto`
  ADD PRIMARY KEY (`idContacto`);

--
-- Indices de la tabla `municipio`
--
ALTER TABLE `municipio`
  ADD PRIMARY KEY (`idMunicipio`);

--
-- Indices de la tabla `municipios`
--
ALTER TABLE `municipios`
  ADD PRIMARY KEY (`idMunicipio`);

--
-- Indices de la tabla `secciones`
--
ALTER TABLE `secciones`
  ADD PRIMARY KEY (`id`);

--
-- Indices de la tabla `usuarios`
--
ALTER TABLE `usuarios`
  ADD PRIMARY KEY (`idUsuario`);

--
-- AUTO_INCREMENT de las tablas volcadas
--

--
-- AUTO_INCREMENT de la tabla `cita`
--
ALTER TABLE `cita`
  MODIFY `idCita` int(11) NOT NULL AUTO_INCREMENT;

--
-- AUTO_INCREMENT de la tabla `contacto`
--
ALTER TABLE `contacto`
  MODIFY `idContacto` int(11) NOT NULL AUTO_INCREMENT;

--
-- AUTO_INCREMENT de la tabla `municipio`
--
ALTER TABLE `municipio`
  MODIFY `idMunicipio` int(11) NOT NULL AUTO_INCREMENT, AUTO_INCREMENT=86;

--
-- AUTO_INCREMENT de la tabla `municipios`
--
ALTER TABLE `municipios`
  MODIFY `idMunicipio` int(4) NOT NULL AUTO_INCREMENT, AUTO_INCREMENT=84;

--
-- AUTO_INCREMENT de la tabla `secciones`
--
ALTER TABLE `secciones`
  MODIFY `id` int(11) NOT NULL AUTO_INCREMENT, AUTO_INCREMENT=2689;

--
-- AUTO_INCREMENT de la tabla `usuarios`
--
ALTER TABLE `usuarios`
  MODIFY `idUsuario` int(11) NOT NULL AUTO_INCREMENT, AUTO_INCREMENT=2;

--
-- Restricciones para tablas volcadas
--

--
-- Filtros para la tabla `archivo`
--
ALTER TABLE `archivo`
  ADD CONSTRAINT `fk_Archivo_Cita1` FOREIGN KEY (`Cita_idCita`) REFERENCES `cita` (`idCita`) ON DELETE NO ACTION ON UPDATE NO ACTION;

--
-- Filtros para la tabla `cita`
--
ALTER TABLE `cita`
  ADD CONSTRAINT `fk_Cita_Contacto` FOREIGN KEY (`Contacto_idContacto`) REFERENCES `contacto` (`idContacto`) ON DELETE NO ACTION ON UPDATE NO ACTION;

--
-- Filtros para la tabla `colonia`
--
ALTER TABLE `colonia`
  ADD CONSTRAINT `fk_Colonia_Municipio1` FOREIGN KEY (`Municipio_idMunicipio`) REFERENCES `municipio` (`idMunicipio`) ON DELETE NO ACTION ON UPDATE NO ACTION;
COMMIT;

/*!40101 SET CHARACTER_SET_CLIENT=@OLD_CHARACTER_SET_CLIENT */;
/*!40101 SET CHARACTER_SET_RESULTS=@OLD_CHARACTER_SET_RESULTS */;
/*!40101 SET COLLATION_CONNECTION=@OLD_COLLATION_CONNECTION */;
